candidate_key,coch_model,alpha_wst,weight_coch,threshold_oof,oof_tuned__accuracy,oof_tuned__balanced_accuracy,oof_tuned__macro_f1,oof_tuned__dry_precision,oof_tuned__wet_precision,oof_tuned__dry_recall,oof_tuned__wet_recall,oof_tuned__roc_auc,oof_tuned__average_precision_wet,oof_tuned__tn_dry_correct,oof_tuned__fp_dry_as_wet,oof_tuned__fn_wet_as_dry,oof_tuned__tp_wet_correct,fixed_0p5__accuracy,fixed_0p5__balanced_accuracy,fixed_0p5__macro_f1,fixed_0p5__dry_precision,fixed_0p5__wet_precision,fixed_0p5__dry_recall,fixed_0p5__wet_recall,fixed_0p5__roc_auc,fixed_0p5__average_precision_wet,fixed_0p5__tn_dry_correct,fixed_0p5__fp_dry_as_wet,fixed_0p5__fn_wet_as_dry,fixed_0p5__tp_wet_correct
late_fusion__wst_lr__coch_raw_pca64_rf__alpha0p80,coch_raw_pca64_rf,0.8,0.19999999999999996,0.5248999438745263,0.7036352433764633,0.6520233667184221,0.6300092940458863,0.8481818181818181,0.39961759082217974,0.748195669607057,0.5558510638297872,0.6852360558958521,0.38156922189696474,933,314,167,209,0.6648182378311769,0.6425527649337133,0.6060187416331995,0.8504486540378864,0.36451612903225805,0.6840417000801925,0.601063829787234,0.6852360558958521,0.38156922189696474,853,394,150,226
late_fusion__wst_lr__coch_raw_pca64_rf__alpha0p60,coch_raw_pca64_rf,0.6,0.4,0.5006497221101766,0.7011706715958103,0.6532059922537494,0.6294578109929093,0.8495412844036697,0.3977485928705441,0.7425821972734563,0.5638297872340425,0.6878231159037007,0.3845845450837187,926,321,164,212,0.6987060998151571,0.6534597928645771,0.6283890053486152,0.8502772643253235,0.3955637707948244,0.7377706495589414,0.5691489361702128,0.6878231159037007,0.3845845450837187,920,327,162,214
late_fusion__wst_lr__coch_raw_pca64_rf__alpha0p65,coch_raw_pca64_rf,0.65,0.35,0.5079398850913388,0.7017868145409735,0.651749304714293,0.6289703981923022,0.8484018264840183,0.3977272727272727,0.7449879711307137,0.5585106382978723,0.6872621952259891,0.38336602528538494,929,318,166,210,0.6869993838570548,0.6486279837567609,0.6201178786270347,0.8495742667928098,0.3833922261484099,0.7201283079390537,0.5771276595744681,0.6872621952259891,0.38336602528538494,898,349,159,217
late_fusion__wst_lr__coch_raw_pca64_rf__alpha0p70,coch_raw_pca64_rf,0.7,0.30000000000000004,0.5140855280293126,0.7024029574861368,0.6502926171748367,0.6284708711521062,0.8472727272727273,0.3977055449330784,0.7473937449879712,0.5531914893617021,0.6866394239792524,0.38238517098067115,932,315,168,208,0.6771410967344423,0.6449990615775734,0.6134041988355559,0.8492753623188406,0.3741496598639456,0.7048917401764234,0.5851063829787234,0.6866394239792524,0.38238517098067115,879,368,156,220
late_fusion__wst_lr__coch_raw_pca64_xgb__alpha0p80,coch_raw_pca64_xgb,0.8,0.19999999999999996,0.5320811694997682,0.7024029574861368,0.6502926171748367,0.6284708711521062,0.8472727272727273,0.3977055449330784,0.7473937449879712,0.5531914893617021,0.6852637820130014,0.3793244553442949,932,315,168,208,0.6457178065311152,0.6375535327338805,0.5938489700047307,0.8514644351464435,0.35082458770614694,0.652766639935846,0.6223404255319149,0.6852637820130014,0.3793244553442949,814,433,142,234
late_fusion__wst_lr__coch_raw_pca64_rf__alpha0p75,coch_raw_pca64_rf,0.75,0.25,0.5228717933490927,0.7048675292667899,0.6481811667150097,0.6284626556740407,0.8453237410071942,0.39921722113502933,0.7538091419406576,0.5425531914893617,0.6857543210087188,0.3817335740069535,940,307,172,204,0.6722119531731362,0.6445778378747291,0.6107324093009164,0.8501469147894222,0.3704318936877076,0.6960705693664796,0.5930851063829787,0.6857543210087188,0.3817335740069535,868,379,153,223
late_fusion__wst_lr__coch_raw_pca64_rf__alpha0p85,coch_raw_pca64_rf,0.85,0.15000000000000002,0.5270880808600982,0.6999383857054837,0.6524040676346636,0.6284286510106079,0.8492647058823529,0.39626168224299063,0.7409783480352847,0.5638297872340425,0.6845365046323943,0.3805600003794837,924,323,164,212,0.6555760936537277,0.6383959801395691,0.5993503984384833,0.8495934959349594,0.3568075117370892,0.6704089815557338,0.6063829787234043,0.6845365046323943,0.3805600003794837,836,411,148,228
late_fusion__wst_lr__coch_raw_pca64_xgb__alpha0p85,coch_raw_pca64_xgb,0.85,0.15000000000000002,0.5365780213084791,0.7024029574861368,0.6484349673258374,0.6274453519125346,0.8460144927536232,0.3969171483622351,0.7489975942261428,0.5478723404255319,0.684662338548687,0.37936363385336697,934,313,170,206,0.6438693776956254,0.635421820880752,0.5919357532859365,0.8502617801047121,0.34880239520958084,0.6511627906976745,0.6196808510638298,0.684662338548687,0.37936363385336697,812,435,143,233
late_fusion__wst_lr__coch_raw_pca64_xgb__alpha0p75,coch_raw_pca64_xgb,0.75,0.25,0.5292223901566818,0.7011706715958103,0.6494906925557509,0.6274430921340657,0.8469945355191257,0.3961904761904762,0.7457898957497995,0.5531914893617021,0.6857628521216877,0.3793214421326783,930,317,168,208,0.6487985212569316,0.6377006944325957,0.5955286969965128,0.8507772020725388,0.3525835866261398,0.6583801122694467,0.6170212765957447,0.6857628521216877,0.3793214421326783,821,426,144,232
late_fusion__wst_lr__coch_raw_pca64_rf__alpha0p90,coch_raw_pca64_rf,0.9,0.09999999999999998,0.5347498771788484,0.7011706715958103,0.6485618676312511,0.6269324482583261,0.8463636363636363,0.39579349904397704,0.7465918203688853,0.550531914893617,0.6842635090173864,0.38013038134676663,931,316,169,207,0.6463339494762785,0.636096845194424,0.5935248596799866,0.850156087408949,0.3504531722054381,0.6551724137931034,0.6170212765957447,0.6842635090173864,0.38013038134676663,817,430,144,232
late_fusion__wst_lr__none__alpha1p00,coch_raw_pca64_rf,1.0,0.0,0.5451205938234057,0.7011706715958103,0.6485618676312511,0.6269324482583261,0.8463636363636363,0.39579349904397704,0.7465918203688853,0.550531914893617,0.6833378832602501,0.379408099517243,931,316,169,207,0.6383240911891559,0.6345996348683649,0.5886496435931612,0.851063829787234,0.34553440702781846,0.6415396952686447,0.6276595744680851,0.6833378832602501,0.379408099517243,800,447,140,236
late_fusion__wst_lr__coch_raw_pca64_xgb__alpha0p95,coch_raw_pca64_xgb,0.95,0.050000000000000044,0.5418699917922689,0.7005545286506469,0.649089730246208,0.6269297276435377,0.8468550592525068,0.39543726235741444,0.7449879711307137,0.5531914893617021,0.6837324472350662,0.3792224961437205,929,318,168,208,0.6383240911891559,0.6336708099438653,0.5882478531817944,0.8503184713375797,0.34508076358296624,0.6423416198877305,0.625,0.6837324472350662,0.3792224961437205,801,446,141,235
late_fusion__wst_lr__coch_raw_pca64_rf__alpha0p95,coch_raw_pca64_rf,0.95,0.050000000000000044,0.5398217075865986,0.7005545286506469,0.6481609053217082,0.6264194373401535,0.8462238398544131,0.3950381679389313,0.7457898957497995,0.550531914893617,0.6838262894777253,0.3797868866683971,930,317,169,207,0.6438693776956254,0.635421820880752,0.5919357532859365,0.8502617801047121,0.34880239520958084,0.6511627906976745,0.6196808510638298,0.6838262894777253,0.3797868866683971,812,435,143,233
late_fusion__wst_lr__coch_raw_pca64_xgb__alpha0p70,coch_raw_pca64_xgb,0.7,0.30000000000000004,0.5290949577535062,0.7017868145409735,0.6461763551672951,0.6258958132517497,0.8446251129177959,0.3953488372093023,0.7497995188452286,0.5425531914893617,0.686389888924909,0.3796423588750505,935,312,172,204,0.6531115218730745,0.6405074305993961,0.5990417361259512,0.8518518518518519,0.3563748079877112,0.6639935846030474,0.6170212765957447,0.686389888924909,0.3796423588750505,828,419,144,232
late_fusion__wst_lr__coch_raw_pca64_xgb__alpha0p90,coch_raw_pca64_xgb,0.9,0.09999999999999998,0.5416639815572457,0.7011706715958103,0.6457753928577522,0.6253835255462399,0.8444846292947559,0.3945841392649903,0.7489975942261428,0.5425531914893617,0.6841462062140627,0.37966240119103445,934,313,172,204,0.6401725200246458,0.6339448719479943,0.589343213950248,0.8500527983104541,0.34615384615384615,0.6455493183640738,0.6223404255319149,0.6841462062140627,0.37966240119103445,805,442,142,234
late_fusion__wst_lr__coch_raw_pca64_rf__alpha0p35,coch_raw_pca64_rf,0.35,0.65,0.4865255425575935,0.7085643869377696,0.6394410414782712,0.6250419439935957,0.8388791593695272,0.3991683991683992,0.7682437850842021,0.5106382978723404,0.6877228753263152,0.3837505888014403,958,289,184,192,0.7122612446087492,0.6102667679025406,0.6069849092235584,0.8207236842105263,0.3882063882063882,0.8003207698476343,0.42021276595744683,0.6877228753263152,0.3837505888014403,998,249,218,158
late_fusion__wst_lr__coch_raw_pca64_xgb__alpha0p65,coch_raw_pca64_xgb,0.65,0.35,0.5316813897851946,0.707332101047443,0.639567941783685,0.6245772430770129,0.8391915641476274,0.3979381443298969,0.7658380112269446,0.5132978723404256,0.6866522206487058,0.37884241461417933,955,292,183,193,0.6568083795440542,0.6410555546076542,0.6012114378578963,0.8513238289205702,0.358814352574103,0.6704089815557338,0.6117021276595744,0.6866522206487058,0.37884241461417933,836,411,146,230
late_fusion__wst_lr__coch_raw_pca64_rf__alpha0p55,coch_raw_pca64_rf,0.55,0.44999999999999996,0.4940424211434683,0.6943930991990142,0.6497242317732772,0.6243069582326828,0.8486536675951718,0.3901098901098901,0.7329591018444266,0.5664893617021277,0.6881238376358579,0.38454858567126454,914,333,163,213,0.6956253850893407,0.6384514323738675,0.6186966397297173,0.8407239819004525,0.3861003861003861,0.7449879711307137,0.5319148936170213,0.6881238376358579,0.38454858567126454,929,318,176,200
late_fusion__wst_lr__coch_raw_pca64_rf__alpha0p30,coch_raw_pca64_rf,0.3,0.7,0.4773495455334449,0.7017868145409735,0.6424610554692964,0.6237887977440699,0.842152466367713,0.3937007874015748,0.7530072173215717,0.5319148936170213,0.6861168933099012,0.38080796136112594,939,308,176,200,0.7239679605668515,0.6104544523878586,0.6108630219683768,0.8193445243804957,0.4032258064516129,0.8219727345629511,0.39893617021276595,0.6861168933099012,0.38080796136112594,1025,222,226,150
late_fusion__wst_lr__coch_raw_pca64_xgb__alpha0p60,coch_raw_pca64_xgb,0.6,0.4,0.5274266098127276,0.7048675292667899,0.6379640925455135,0.6225333990430018,0.8386243386243386,0.3946830265848671,0.7626303127506014,0.5132978723404256,0.6871427596444232,0.37956247785760633,951,296,183,193,0.6586568083795441,0.6404007916872836,0.6018606422359588,0.8503538928210314,0.35962145110410093,0.6744186046511628,0.6063829787234043,0.6871427596444232,0.37956247785760633,841,406,148,228
late_fusion__wst_lr__coch_raw_pca64_rf__alpha0p50,coch_raw_pca64_rf,0.5,0.5,0.5096049608920511,0.7147258163894024,0.6304471156307052,0.6219529680592721,0.8322033898305085,0.4018058690744921,0.7874899759422614,0.4734042553191489,0.6883328499035983,0.38444800553401814,982,265,198,178,0.7005545286506469,0.630513231756215,0.6161679175944814,0.8346525945470537,0.3868312757201646,0.7610264635124299,0.5,0.6883328499035983,0.38444800553401814,949,298,188,188
late_fusion__wst_lr__coch_raw_pca64_rf__alpha0p40,coch_raw_pca64_rf,0.4,0.6,0.48610607601015177,0.7005545286506469,0.6398014810012114,0.6216979177457785,0.8406445837063563,0.391304347826087,0.7530072173215717,0.526595744680851,0.6884224265897729,0.3847216380468807,939,308,178,198,0.711645101663586,0.6200828797624938,0.6137757800105764,0.826487845766974,0.3930232558139535,0.7906976744186046,0.449468085106383,0.6884224265897729,0.3847216380468807,986,261,207,169
late_fusion__wst_lr__coch_raw_pca64_xgb__alpha0p30,coch_raw_pca64_xgb,0.3,0.7,0.5155746667877636,0.7085643869377696,0.6329392670067737,0.6210356864121509,0.8347750865051903,0.3961456102783726,0.7738572574178028,0.4920212765957447,0.6814269139551945,0.37061960652283404,965,282,191,185,0.6765249537892791,0.6436692743435308,0.6124340411247703,0.8484555984555985,0.3730834752981261,0.7048917401764234,0.5824468085106383,0.6814269139551945,0.37061960652283404,879,368,157,219
late_fusion__wst_lr__coch_raw_pca64_xgb__alpha0p35,coch_raw_pca64_xgb,0.35,0.65,0.5159819682323963,0.7054836722119532,0.6337209302325582,0.6202241272626162,0.8358078602620087,0.39330543933054396,0.7674418604651163,0.5,0.684028903410739,0.3732984437802238,957,290,188,188,0.6722119531731362,0.6390048883277313,0.6079710144927537,0.846079380445305,0.3677966101694915,0.7008821170809943,0.5771276595744681,0.684028903410739,0.3732984437802238,874,373,159,217
late_fusion__wst_lr__coch_raw_pca64_rf__alpha0p25,coch_raw_pca64_rf,0.25,0.75,0.47247914970944527,0.6974738139248305,0.6396543193024962,0.6202206066324962,0.8411552346570397,0.3883495145631068,0.7473937449879712,0.5319148936170213,0.6831288709925096,0.3784439209683562,932,315,176,200,0.7313616759088108,0.6031912760838779,0.6069956013684631,0.8145849495733126,0.4101796407185629,0.8420208500400962,0.36436170212765956,0.6831288709925096,0.3784439209683562,1050,197,239,137
late_fusion__wst_lr__coch_raw_pca64_xgb__alpha0p40,coch_raw_pca64_xgb,0.4,0.6,0.5167512842246129,0.7024029574861368,0.6354314183828422,0.6199400463397287,0.8374558303886925,0.3910386965376782,0.7602245388933441,0.5106382978723404,0.685739391561023,0.37579097306280285,948,299,184,192,0.6691312384473198,0.6397865515535157,0.606845051883041,0.8473581213307241,0.36605657237936773,0.6944667201283079,0.5851063829787234,0.685739391561023,0.37579097306280285,866,381,156,220
late_fusion__wst_lr__coch_raw_pca64_rf__alpha0p45,coch_raw_pca64_rf,0.45,0.55,0.5029879024868472,0.7122612446087492,0.6288432663925335,0.6199137568331838,0.8316326530612245,0.3982102908277405,0.7842822774659182,0.4734042553191489,0.6885909160709107,0.3845566599751365,978,269,198,178,0.7054836722119532,0.6272191557610606,0.6161411946324664,0.8317515099223468,0.3900862068965517,0.773055332798717,0.48138297872340424,0.6885909160709107,0.3845566599751365,964,283,195,181
late_fusion__wst_lr__coch_raw_pca64_xgb__alpha0p50,coch_raw_pca64_xgb,0.5,0.5,0.528315203397177,0.7091805298829328,0.6305537545428177,0.6197780380789771,0.8331900257953568,0.39565217391304347,0.7770649558941459,0.48404255319148937,0.6873133819038032,0.3791952259373137,969,278,194,182,0.662969808995687,0.640421053080585,0.604067426824716,0.8493013972055888,0.36231884057971014,0.6824378508420208,0.598404255319149,0.6873133819038032,0.3791952259373137,851,396,151,225
late_fusion__wst_lr__coch_raw_pca64_xgb__alpha0p25,coch_raw_pca64_xgb,0.25,0.75,0.5130783774746102,0.707332101047443,0.6312085174631883,0.6194333003081853,0.8339100346020761,0.39400428265524623,0.773055332798717,0.48936170212765956,0.6769054240816258,0.36704084106404,964,283,192,184,0.6746765249537893,0.635035788018905,0.6071226847606822,0.8427073403241182,0.367595818815331,0.7089013632718525,0.5611702127659575,0.6769054240816258,0.36704084106404,884,363,165,211
late_fusion__wst_lr__coch_raw_pca64_xgb__alpha0p55,coch_raw_pca64_xgb,0.55,0.44999999999999996,0.5189689840583529,0.6943930991990142,0.639507157603781,0.6187325944870702,0.8416742493175614,0.38549618320610685,0.7417802726543705,0.5372340425531915,0.6872621952259892,0.37915560262681064,925,322,174,202,0.6635859519408502,0.645466140012626,0.6067532306163022,0.8529707955689829,0.36507936507936506,0.6792301523656776,0.6117021276595744,0.6872621952259892,0.37915560262681064,847,400,146,230
late_fusion__wst_lr__coch_raw_pca64_rf__alpha0p20,coch_raw_pca64_rf,0.2,0.8,0.46732796482941685,0.6925446703635243,0.6401619205241516,0.6182477929250101,0.8424908424908425,0.384180790960452,0.7377706495589414,0.5425531914893617,0.6780123359893531,0.37420506900532285,920,327,172,204,0.74060382008626,0.5915580371615281,0.5982987384279468,0.8077496274217586,0.4199288256227758,0.8692862870890137,0.31382978723404253,0.6780123359893531,0.37420506900532285,1084,163,258,118
late_fusion__wst_lr__coch_raw_pca64_xgb__alpha0p45,coch_raw_pca64_xgb,0.45,0.55,0.5158771948000558,0.6980899568699939,0.6354111569895409,0.6180406132329209,0.838248436103664,0.3869047619047619,0.7522052927024859,0.5186170212765957,0.686876162364142,0.3781246702222061,938,309,181,195,0.6635859519408502,0.6371067156921292,0.6027807561419048,0.8466864490603363,0.3611111111111111,0.6864474739374499,0.5877659574468085,0.686876162364142,0.3781246702222061,856,391,155,221
late_fusion__wst_lr__coch_raw_pca64_rf__alpha0p15,coch_raw_pca64_rf,0.15,0.85,0.4613509996401036,0.6833025261860751,0.6387916105035063,0.613185832829465,0.8434864104967198,0.37589928057553956,0.7217321571772254,0.5558510638297872,0.6704836287942124,0.36601664236592046,900,347,167,209,0.744916820702403,0.5795035745363339,0.5862814204016492,0.8015930485155685,0.4214876033057851,0.8877305533279871,0.2712765957446808,0.6704836287942124,0.36601664236592046,1107,140,274,102
late_fusion__wst_lr__coch_raw_pca64_xgb__alpha0p20,coch_raw_pca64_xgb,0.2,0.8,0.5150386751092801,0.7085643869377696,0.6208645429882782,0.6131611449372711,0.8274111675126904,0.3900226757369615,0.7842822774659182,0.4574468085106383,0.669820334760873,0.3599012994735724,978,269,204,172,0.6746765249537893,0.6303916633964066,0.6046649812699526,0.8394711992445704,0.36524822695035464,0.7129109863672815,0.5478723404255319,0.669820334760873,0.3599012994735724,889,358,170,206
late_fusion__wst_lr__coch_raw_pca64_xgb__alpha0p15,coch_raw_pca64_xgb,0.15,0.85,0.5171061234618043,0.711645101663586,0.6117234554419969,0.6078463362149079,0.8216350123864574,0.3883495145631068,0.7979149959903769,0.425531914893617,0.6600543431896124,0.34940322148024405,995,252,216,160,0.6678989525569933,0.6204081284444369,0.5961741664139284,0.8339622641509434,0.3552397868561279,0.7089013632718525,0.5319148936170213,0.6600543431896124,0.34940322148024405,884,363,176,200
late_fusion__wst_lr__coch_raw_pca64_rf__alpha0p10,coch_raw_pca64_rf,0.1,0.9,0.46529842439866353,0.6919285274183611,0.620255634800116,0.6062743804219147,0.8296557811120918,0.373469387755102,0.7538091419406576,0.4867021276595745,0.6583694483782354,0.35344877699888144,940,307,193,183,0.7498459642637092,0.5604194748246856,0.5631566525767564,0.7926235212247739,0.41935483870967744,0.9133921411387329,0.2074468085106383,0.6583694483782354,0.35344877699888144,1139,108,298,78
late_fusion__wst_lr__coch_raw_pca64_rf__alpha0p05,coch_raw_pca64_rf,0.05,0.95,0.47098113137489683,0.7060998151571165,0.5951112457131157,0.593571127454506,0.8130081300813008,0.37150127226463103,0.8019246190858059,0.3882978723404255,0.6413690730092647,0.3385290344227164,1000,247,230,146,0.7529266789895256,0.549420737429405,0.5471883603412805,0.7877551020408163,0.41830065359477125,0.9286287089013633,0.1702127659574468,0.6413690730092647,0.3385290344227164,1158,89,312,64
late_fusion__wst_lr__coch_raw_pca64_xgb__alpha0p10,coch_raw_pca64_xgb,0.1,0.9,0.5220522817699456,0.7153419593345656,0.5909086061867631,0.5925407879807504,0.8097868981846882,0.3792134831460674,0.8227746591820368,0.35904255319148937,0.6467714002968827,0.3370066880741295,1026,221,241,135,0.6586568083795441,0.6051054445562969,0.5836164356156873,0.8253521126760563,0.34050179211469533,0.7048917401764234,0.5053191489361702,0.6467714002968827,0.3370066880741295,879,368,186,190
late_fusion__wst_lr__coch_raw_pca64_rf__alpha0p00,coch_raw_pca64_rf,0.0,1.0,0.469269002334179,0.7048675292667899,0.5850210718490334,0.5850998935287353,0.8076923076923077,0.3626666666666667,0.8083400160384924,0.3617021276595745,0.6189685031309184,0.31930329397611884,1008,239,240,136,0.7510782501540357,0.5342854766332815,0.5239944014031338,0.781563126252505,0.3888888888888889,0.9382518043303929,0.13031914893617022,0.6189685031309184,0.31930329397611884,1170,77,327,49
late_fusion__wst_lr__coch_raw_pca64_xgb__alpha0p05,coch_raw_pca64_xgb,0.05,0.95,0.5129823393500412,0.6919285274183611,0.5877467624426282,0.5838888319146754,0.8104738154613467,0.3523809523809524,0.7818765036086608,0.39361702127659576,0.6298712655052978,0.32192464403397225,975,272,228,148,0.6506469500924215,0.5924623351362419,0.5730265187807532,0.8183520599250936,0.3279279279279279,0.7008821170809943,0.48404255319148937,0.6298712655052978,0.32192464403397225,874,373,194,182
late_fusion__wst_lr__coch_raw_pca64_xgb__alpha0p00,coch_raw_pca64_xgb,0.0,1.0,0.5179383493959904,0.7054836722119532,0.5770626098380794,0.5784296464389582,0.8034727703235991,0.35674157303370785,0.8163592622293504,0.3377659574468085,0.6086991758944872,0.3036836111326882,1018,229,249,127,0.6426370918052988,0.5761039260181884,0.5601050506560993,0.809082483781279,0.3125,0.7000801924619086,0.4521276595744681,0.6086991758944872,0.3036836111326882,873,374,206,170
