segment_id,original_uuid,split,fold,split_group,audio_path,source_duration_seconds,start_time,end_time,segment_duration,discarded_tail_seconds,segmentation_policy,requires_manual_review,review_order,review_audio_filename,automatic_decision,segment_review_decision,segment_review_notes,segment_review_source,stage1_inclusion,stage1_target
109638_fsdcough_seg_0,109638,train,1,FSD50K_UPLOADER::vinjatovix,C:\Users\Usuario\Desktop\UNI MARINA\master\TFM\FSD50K_DATA\FSD50K.dev_audio\FSD50K_cough_stage1_only\109638.wav,4.3041496598639455,0.0,4.3041496598639455,4.3041496598639455,0.0,fsd50k_cough_full_clip_up_to_10s,False,,,SI,SI,automatic_positive_from_approved_clip_up_to_10s,automatic_original_clip_audit,True,1.0
109639_fsdcough_seg_0,109639,train,1,FSD50K_UPLOADER::vinjatovix,C:\Users\Usuario\Desktop\UNI MARINA\master\TFM\FSD50K_DATA\FSD50K.dev_audio\FSD50K_cough_stage1_only\109639.wav,3.141995464852608,0.0,3.141995464852608,3.141995464852608,0.0,fsd50k_cough_full_clip_up_to_10s,False,,,SI,SI,automatic_positive_from_approved_clip_up_to_10s,automatic_original_clip_audit,True,1.0
109640_fsdcough_seg_0,109640,train,1,FSD50K_UPLOADER::vinjatovix,C:\Users\Usuario\Desktop\UNI MARINA\master\TFM\FSD50K_DATA\FSD50K.dev_audio\FSD50K_cough_stage1_only\109640.wav,4.84342403628118,0.0,4.84342403628118,4.84342403628118,0.0,fsd50k_cough_full_clip_up_to_10s,False,,,SI,SI,automatic_positive_from_approved_clip_up_to_10s,automatic_original_clip_audit,True,1.0
132601_fsdcough_seg_0,132601,train,3,FSD50K_UPLOADER::carlossolano019,C:\Users\Usuario\Desktop\UNI MARINA\master\TFM\FSD50K_DATA\FSD50K.dev_audio\FSD50K_cough_stage1_only\132601.wav,1.470272108843537,0.0,1.470272108843537,1.470272108843537,0.0,fsd50k_cough_full_clip_up_to_10s,False,,,SI,SI,automatic_positive_from_approved_clip_up_to_10s,automatic_original_clip_audit,True,1.0
142603_fsdcough_seg_0,142603,train,4,FSD50K_UPLOADER::loisgwenllian,C:\Users\Usuario\Desktop\UNI MARINA\master\TFM\FSD50K_DATA\FSD50K.dev_audio\FSD50K_cough_stage1_only\142603.wav,2.352018140589569,0.0,2.352018140589569,2.352018140589569,0.0,fsd50k_cough_full_clip_up_to_10s,False,,,SI,SI,automatic_positive_from_approved_clip_up_to_10s,automatic_original_clip_audit,True,1.0
142604_fsdcough_seg_0,142604,train,4,FSD50K_UPLOADER::loisgwenllian,C:\Users\Usuario\Desktop\UNI MARINA\master\TFM\FSD50K_DATA\FSD50K.dev_audio\FSD50K_cough_stage1_only\142604.wav,7.224013605442177,0.0,7.224013605442177,7.224013605442177,0.0,fsd50k_cough_full_clip_up_to_10s,False,,,SI,SI,automatic_positive_from_approved_clip_up_to_10s,automatic_original_clip_audit,True,1.0
144254_fsdcough_seg_0,144254,train,4,FSD50K_UPLOADER::d w,C:\Users\Usuario\Desktop\UNI MARINA\master\TFM\FSD50K_DATA\FSD50K.dev_audio\FSD50K_cough_stage1_only\144254.wav,2.507755102040816,0.0,2.507755102040816,2.507755102040816,0.0,fsd50k_cough_full_clip_up_to_10s,False,,,SI,SI,automatic_positive_from_approved_clip_up_to_10s,automatic_original_clip_audit,True,1.0
145487_fsdcough_seg_0,145487,train,4,FSD50K_UPLOADER::bmoreno,C:\Users\Usuario\Desktop\UNI MARINA\master\TFM\FSD50K_DATA\FSD50K.dev_audio\FSD50K_cough_stage1_only\145487.wav,0.709342403628118,0.0,0.709342403628118,0.709342403628118,0.0,fsd50k_cough_full_clip_up_to_10s,False,,,SI,SI,automatic_positive_from_approved_clip_up_to_10s,automatic_original_clip_audit,True,1.0
148212_fsdcough_seg_0,148212,train,4,FSD50K_UPLOADER::espaitecnologic,C:\Users\Usuario\Desktop\UNI MARINA\master\TFM\FSD50K_DATA\FSD50K.dev_audio\FSD50K_cough_stage1_only\148212.wav,4.230657596371882,0.0,4.230657596371882,4.230657596371882,0.0,fsd50k_cough_full_clip_up_to_10s,False,,,SI,SI,automatic_positive_from_approved_clip_up_to_10s,automatic_original_clip_audit,True,1.0
148310_fsdcough_seg_0,148310,train,3,FSD50K_UPLOADER::elgeorgia,C:\Users\Usuario\Desktop\UNI MARINA\master\TFM\FSD50K_DATA\FSD50K.dev_audio\FSD50K_cough_stage1_only\148310.wav,7.28,0.0,7.28,7.28,0.0,fsd50k_cough_full_clip_up_to_10s,False,,,SI,SI,automatic_positive_from_approved_clip_up_to_10s,automatic_original_clip_audit,True,1.0
149042_fsdcough_seg_0,149042,train,0,FSD50K_UPLOADER::zabuhailo,C:\Users\Usuario\Desktop\UNI MARINA\master\TFM\FSD50K_DATA\FSD50K.dev_audio\FSD50K_cough_stage1_only\149042.wav,2.0216780045351475,0.0,2.0216780045351475,2.0216780045351475,0.0,fsd50k_cough_full_clip_up_to_10s,False,,,SI,SI,automatic_positive_from_approved_clip_up_to_10s,automatic_original_clip_audit,True,1.0
149043_fsdcough_seg_0,149043,train,0,FSD50K_UPLOADER::zabuhailo,C:\Users\Usuario\Desktop\UNI MARINA\master\TFM\FSD50K_DATA\FSD50K.dev_audio\FSD50K_cough_stage1_only\149043.wav,2.841201814058957,0.0,2.841201814058957,2.841201814058957,0.0,fsd50k_cough_full_clip_up_to_10s,False,,,SI,SI,automatic_positive_from_approved_clip_up_to_10s,automatic_original_clip_audit,True,1.0
151212_fsdcough_seg_0,151212,train,4,FSD50K_UPLOADER::owlstorm,C:\Users\Usuario\Desktop\UNI MARINA\master\TFM\FSD50K_DATA\FSD50K.dev_audio\FSD50K_cough_stage1_only\151212.wav,1.6133106575963718,0.0,1.6133106575963718,1.6133106575963718,0.0,fsd50k_cough_full_clip_up_to_10s,False,,,SI,SI,automatic_positive_from_approved_clip_up_to_10s,automatic_original_clip_audit,True,1.0
151213_fsdcough_seg_0,151213,train,4,FSD50K_UPLOADER::owlstorm,C:\Users\Usuario\Desktop\UNI MARINA\master\TFM\FSD50K_DATA\FSD50K.dev_audio\FSD50K_cough_stage1_only\151213.wav,1.1147619047619048,0.0,1.1147619047619048,1.1147619047619048,0.0,fsd50k_cough_full_clip_up_to_10s,False,,,SI,SI,automatic_positive_from_approved_clip_up_to_10s,automatic_original_clip_audit,True,1.0
151217_fsdcough_seg_0,151217,train,4,FSD50K_UPLOADER::owlstorm,C:\Users\Usuario\Desktop\UNI MARINA\master\TFM\FSD50K_DATA\FSD50K.dev_audio\FSD50K_cough_stage1_only\151217.wav,0.8984126984126984,0.0,0.8984126984126984,0.8984126984126984,0.0,fsd50k_cough_full_clip_up_to_10s,False,,,SI,SI,automatic_positive_from_approved_clip_up_to_10s,automatic_original_clip_audit,True,1.0
152367_fsdcough_seg_0,152367,train,3,FSD50K_UPLOADER::cogitoandcradle,C:\Users\Usuario\Desktop\UNI MARINA\master\TFM\FSD50K_DATA\FSD50K.dev_audio\FSD50K_cough_stage1_only\152367.wav,3.2624943310657595,0.0,3.2624943310657595,3.2624943310657595,0.0,fsd50k_cough_full_clip_up_to_10s,False,,,SI,SI,automatic_positive_from_approved_clip_up_to_10s,automatic_original_clip_audit,True,1.0
152995_fsdcough_seg_0,152995,train,4,FSD50K_UPLOADER::nmb910,C:\Users\Usuario\Desktop\UNI MARINA\master\TFM\FSD50K_DATA\FSD50K.dev_audio\FSD50K_cough_stage1_only\152995.wav,3.0,0.0,3.0,3.0,0.0,fsd50k_cough_full_clip_up_to_10s,False,,,SI,SI,automatic_positive_from_approved_clip_up_to_10s,automatic_original_clip_audit,True,1.0
155904_fsdcough_seg_0,155904,train,3,FSD50K_UPLOADER::tiptoe84,C:\Users\Usuario\Desktop\UNI MARINA\master\TFM\FSD50K_DATA\FSD50K.dev_audio\FSD50K_cough_stage1_only\155904.wav,7.378299319727891,0.0,7.378299319727891,7.378299319727891,0.0,fsd50k_cough_full_clip_up_to_10s,False,,,SI,SI,automatic_positive_from_approved_clip_up_to_10s,automatic_original_clip_audit,True,1.0
155905_fsdcough_seg_0,155905,train,3,FSD50K_UPLOADER::tiptoe84,C:\Users\Usuario\Desktop\UNI MARINA\master\TFM\FSD50K_DATA\FSD50K.dev_audio\FSD50K_cough_stage1_only\155905.wav,2.109501133786848,0.0,2.109501133786848,2.109501133786848,0.0,fsd50k_cough_full_clip_up_to_10s,False,,,SI,SI,automatic_positive_from_approved_clip_up_to_10s,automatic_original_clip_audit,True,1.0
157293_fsdcough_seg_0,157293,train,2,FSD50K_UPLOADER::husky70,C:\Users\Usuario\Desktop\UNI MARINA\master\TFM\FSD50K_DATA\FSD50K.dev_audio\FSD50K_cough_stage1_only\157293.wav,5.294149659863946,0.0,5.294149659863946,5.294149659863946,0.0,fsd50k_cough_full_clip_up_to_10s,False,,,SI,SI,automatic_positive_from_approved_clip_up_to_10s,automatic_original_clip_audit,True,1.0
157296_fsdcough_seg_0,157296,train,2,FSD50K_UPLOADER::husky70,C:\Users\Usuario\Desktop\UNI MARINA\master\TFM\FSD50K_DATA\FSD50K.dev_audio\FSD50K_cough_stage1_only\157296.wav,6.792199546485261,0.0,6.792199546485261,6.792199546485261,0.0,fsd50k_cough_full_clip_up_to_10s,False,,,SI,SI,automatic_positive_from_approved_clip_up_to_10s,automatic_original_clip_audit,True,1.0
169726_fsdcough_seg_0,169726,train,1,FSD50K_UPLOADER::qubodup,C:\Users\Usuario\Desktop\UNI MARINA\master\TFM\FSD50K_DATA\FSD50K.dev_audio\FSD50K_cough_stage1_only\169726.wav,1.252857142857143,0.0,1.252857142857143,1.252857142857143,0.0,fsd50k_cough_full_clip_up_to_10s,False,,,SI,SI,automatic_positive_from_approved_clip_up_to_10s,automatic_original_clip_audit,True,1.0
171396_fsdcough_seg_0,171396,train,2,FSD50K_UPLOADER::unfa,C:\Users\Usuario\Desktop\UNI MARINA\master\TFM\FSD50K_DATA\FSD50K.dev_audio\FSD50K_cough_stage1_only\171396.wav,14.25002267573696,0.0,10.0,10.0,0.0,fsd50k_cough_two_nonoverlap_10s_max20s,True,1,001_171396_fsdcough_seg_0.wav,,SI,,manual_segment_audit,True,1.0
171396_fsdcough_seg_1,171396,train,2,FSD50K_UPLOADER::unfa,C:\Users\Usuario\Desktop\UNI MARINA\master\TFM\FSD50K_DATA\FSD50K.dev_audio\FSD50K_cough_stage1_only\171396.wav,14.25002267573696,10.0,14.25002267573696,4.250022675736959,0.0,fsd50k_cough_two_nonoverlap_10s_max20s,True,2,002_171396_fsdcough_seg_1.wav,,SI,,manual_segment_audit,True,1.0
17167_fsdcough_seg_0,17167,train,3,FSD50K_UPLOADER::lg,C:\Users\Usuario\Desktop\UNI MARINA\master\TFM\FSD50K_DATA\FSD50K.dev_audio\FSD50K_cough_stage1_only\17167.wav,1.5020181405895692,0.0,1.5020181405895692,1.5020181405895692,0.0,fsd50k_cough_full_clip_up_to_10s,False,,,SI,SI,automatic_positive_from_approved_clip_up_to_10s,automatic_original_clip_audit,True,1.0
17168_fsdcough_seg_0,17168,train,3,FSD50K_UPLOADER::lg,C:\Users\Usuario\Desktop\UNI MARINA\master\TFM\FSD50K_DATA\FSD50K.dev_audio\FSD50K_cough_stage1_only\17168.wav,0.7487074829931972,0.0,0.7487074829931972,0.7487074829931972,0.0,fsd50k_cough_full_clip_up_to_10s,False,,,SI,SI,automatic_positive_from_approved_clip_up_to_10s,automatic_original_clip_audit,True,1.0
177835_fsdcough_seg_0,177835,train,2,FSD50K_UPLOADER::unfa,C:\Users\Usuario\Desktop\UNI MARINA\master\TFM\FSD50K_DATA\FSD50K.dev_audio\FSD50K_cough_stage1_only\177835.wav,13.676757369614512,0.0,10.0,10.0,0.0,fsd50k_cough_two_nonoverlap_10s_max20s,True,3,003_177835_fsdcough_seg_0.wav,,SI,,manual_segment_audit,True,1.0
177835_fsdcough_seg_1,177835,train,2,FSD50K_UPLOADER::unfa,C:\Users\Usuario\Desktop\UNI MARINA\master\TFM\FSD50K_DATA\FSD50K.dev_audio\FSD50K_cough_stage1_only\177835.wav,13.676757369614512,10.0,13.676757369614512,3.6767573696145117,0.0,fsd50k_cough_two_nonoverlap_10s_max20s,True,4,004_177835_fsdcough_seg_1.wav,,SI,,manual_segment_audit,True,1.0
178997_fsdcough_seg_0,178997,train,3,FSD50K_UPLOADER::bigtexan7213,C:\Users\Usuario\Desktop\UNI MARINA\master\TFM\FSD50K_DATA\FSD50K.dev_audio\FSD50K_cough_stage1_only\178997.wav,5.607619047619048,0.0,5.607619047619048,5.607619047619048,0.0,fsd50k_cough_full_clip_up_to_10s,False,,,SI,SI,automatic_positive_from_approved_clip_up_to_10s,automatic_original_clip_audit,True,1.0
180037_fsdcough_seg_0,180037,train,2,FSD50K_UPLOADER::unfa,C:\Users\Usuario\Desktop\UNI MARINA\master\TFM\FSD50K_DATA\FSD50K.dev_audio\FSD50K_cough_stage1_only\180037.wav,22.610113378684808,0.0,10.0,10.0,2.610113378684808,fsd50k_cough_two_nonoverlap_10s_max20s,True,5,005_180037_fsdcough_seg_0.wav,,NO,,manual_segment_audit,True,0.0
180037_fsdcough_seg_1,180037,train,2,FSD50K_UPLOADER::unfa,C:\Users\Usuario\Desktop\UNI MARINA\master\TFM\FSD50K_DATA\FSD50K.dev_audio\FSD50K_cough_stage1_only\180037.wav,22.610113378684808,10.0,20.0,10.0,2.610113378684808,fsd50k_cough_two_nonoverlap_10s_max20s,True,6,006_180037_fsdcough_seg_1.wav,,SI,,manual_segment_audit,True,1.0
180040_fsdcough_seg_0,180040,train,2,FSD50K_UPLOADER::unfa,C:\Users\Usuario\Desktop\UNI MARINA\master\TFM\FSD50K_DATA\FSD50K.dev_audio\FSD50K_cough_stage1_only\180040.wav,5.760544217687075,0.0,5.760544217687075,5.760544217687075,0.0,fsd50k_cough_full_clip_up_to_10s,False,,,SI,SI,automatic_positive_from_approved_clip_up_to_10s,automatic_original_clip_audit,True,1.0
180041_fsdcough_seg_0,180041,train,2,FSD50K_UPLOADER::unfa,C:\Users\Usuario\Desktop\UNI MARINA\master\TFM\FSD50K_DATA\FSD50K.dev_audio\FSD50K_cough_stage1_only\180041.wav,17.296689342403628,0.0,10.0,10.0,0.0,fsd50k_cough_two_nonoverlap_10s_max20s,True,7,007_180041_fsdcough_seg_0.wav,,SI,,manual_segment_audit,True,1.0
180041_fsdcough_seg_1,180041,train,2,FSD50K_UPLOADER::unfa,C:\Users\Usuario\Desktop\UNI MARINA\master\TFM\FSD50K_DATA\FSD50K.dev_audio\FSD50K_cough_stage1_only\180041.wav,17.296689342403628,10.0,17.296689342403628,7.296689342403628,0.0,fsd50k_cough_two_nonoverlap_10s_max20s,True,8,008_180041_fsdcough_seg_1.wav,,SI,,manual_segment_audit,True,1.0
180042_fsdcough_seg_0,180042,train,2,FSD50K_UPLOADER::unfa,C:\Users\Usuario\Desktop\UNI MARINA\master\TFM\FSD50K_DATA\FSD50K.dev_audio\FSD50K_cough_stage1_only\180042.wav,22.33868480725624,0.0,10.0,10.0,2.3386848072562394,fsd50k_cough_two_nonoverlap_10s_max20s,True,9,009_180042_fsdcough_seg_0.wav,,SI,,manual_segment_audit,True,1.0
180042_fsdcough_seg_1,180042,train,2,FSD50K_UPLOADER::unfa,C:\Users\Usuario\Desktop\UNI MARINA\master\TFM\FSD50K_DATA\FSD50K.dev_audio\FSD50K_cough_stage1_only\180042.wav,22.33868480725624,10.0,20.0,10.0,2.3386848072562394,fsd50k_cough_two_nonoverlap_10s_max20s,True,10,010_180042_fsdcough_seg_1.wav,,NO,,manual_segment_audit,True,0.0
180043_fsdcough_seg_0,180043,train,2,FSD50K_UPLOADER::unfa,C:\Users\Usuario\Desktop\UNI MARINA\master\TFM\FSD50K_DATA\FSD50K.dev_audio\FSD50K_cough_stage1_only\180043.wav,28.55065759637188,0.0,10.0,10.0,8.550657596371881,fsd50k_cough_two_nonoverlap_10s_max20s,True,11,011_180043_fsdcough_seg_0.wav,,NO,,manual_segment_audit,True,0.0
180043_fsdcough_seg_1,180043,train,2,FSD50K_UPLOADER::unfa,C:\Users\Usuario\Desktop\UNI MARINA\master\TFM\FSD50K_DATA\FSD50K.dev_audio\FSD50K_cough_stage1_only\180043.wav,28.55065759637188,10.0,20.0,10.0,8.550657596371881,fsd50k_cough_two_nonoverlap_10s_max20s,True,12,012_180043_fsdcough_seg_1.wav,,SI,,manual_segment_audit,True,1.0
180045_fsdcough_seg_0,180045,train,2,FSD50K_UPLOADER::unfa,C:\Users\Usuario\Desktop\UNI MARINA\master\TFM\FSD50K_DATA\FSD50K.dev_audio\FSD50K_cough_stage1_only\180045.wav,5.256485260770975,0.0,5.256485260770975,5.256485260770975,0.0,fsd50k_cough_full_clip_up_to_10s,False,,,SI,SI,automatic_positive_from_approved_clip_up_to_10s,automatic_original_clip_audit,True,1.0
189786_fsdcough_seg_0,189786,train,3,FSD50K_UPLOADER::dnewtonjr,C:\Users\Usuario\Desktop\UNI MARINA\master\TFM\FSD50K_DATA\FSD50K.dev_audio\FSD50K_cough_stage1_only\189786.wav,1.4166666666666667,0.0,1.4166666666666667,1.4166666666666667,0.0,fsd50k_cough_full_clip_up_to_10s,False,,,SI,SI,automatic_positive_from_approved_clip_up_to_10s,automatic_original_clip_audit,True,1.0
19111_fsdcough_seg_0,19111,train,4,FSD50K_UPLOADER::fratz,C:\Users\Usuario\Desktop\UNI MARINA\master\TFM\FSD50K_DATA\FSD50K.dev_audio\FSD50K_cough_stage1_only\19111.wav,0.8560544217687075,0.0,0.8560544217687075,0.8560544217687075,0.0,fsd50k_cough_full_clip_up_to_10s,False,,,SI,SI,automatic_positive_from_approved_clip_up_to_10s,automatic_original_clip_audit,True,1.0
19112_fsdcough_seg_0,19112,train,4,FSD50K_UPLOADER::fratz,C:\Users\Usuario\Desktop\UNI MARINA\master\TFM\FSD50K_DATA\FSD50K.dev_audio\FSD50K_cough_stage1_only\19112.wav,1.1987301587301586,0.0,1.1987301587301586,1.1987301587301586,0.0,fsd50k_cough_full_clip_up_to_10s,False,,,SI,SI,automatic_positive_from_approved_clip_up_to_10s,automatic_original_clip_audit,True,1.0
19113_fsdcough_seg_0,19113,train,4,FSD50K_UPLOADER::fratz,C:\Users\Usuario\Desktop\UNI MARINA\master\TFM\FSD50K_DATA\FSD50K.dev_audio\FSD50K_cough_stage1_only\19113.wav,2.4351020408163264,0.0,2.4351020408163264,2.4351020408163264,0.0,fsd50k_cough_full_clip_up_to_10s,False,,,SI,SI,automatic_positive_from_approved_clip_up_to_10s,automatic_original_clip_audit,True,1.0
19114_fsdcough_seg_0,19114,train,4,FSD50K_UPLOADER::fratz,C:\Users\Usuario\Desktop\UNI MARINA\master\TFM\FSD50K_DATA\FSD50K.dev_audio\FSD50K_cough_stage1_only\19114.wav,1.5546938775510204,0.0,1.5546938775510204,1.5546938775510204,0.0,fsd50k_cough_full_clip_up_to_10s,False,,,SI,SI,automatic_positive_from_approved_clip_up_to_10s,automatic_original_clip_audit,True,1.0
19115_fsdcough_seg_0,19115,train,4,FSD50K_UPLOADER::fratz,C:\Users\Usuario\Desktop\UNI MARINA\master\TFM\FSD50K_DATA\FSD50K.dev_audio\FSD50K_cough_stage1_only\19115.wav,1.4258503401360545,0.0,1.4258503401360545,1.4258503401360545,0.0,fsd50k_cough_full_clip_up_to_10s,False,,,SI,SI,automatic_positive_from_approved_clip_up_to_10s,automatic_original_clip_audit,True,1.0
19117_fsdcough_seg_0,19117,train,4,FSD50K_UPLOADER::fratz,C:\Users\Usuario\Desktop\UNI MARINA\master\TFM\FSD50K_DATA\FSD50K.dev_audio\FSD50K_cough_stage1_only\19117.wav,0.7415873015873016,0.0,0.7415873015873016,0.7415873015873016,0.0,fsd50k_cough_full_clip_up_to_10s,False,,,SI,SI,automatic_positive_from_approved_clip_up_to_10s,automatic_original_clip_audit,True,1.0
19118_fsdcough_seg_0,19118,train,4,FSD50K_UPLOADER::fratz,C:\Users\Usuario\Desktop\UNI MARINA\master\TFM\FSD50K_DATA\FSD50K.dev_audio\FSD50K_cough_stage1_only\19118.wav,1.0977777777777775,0.0,1.0977777777777775,1.0977777777777775,0.0,fsd50k_cough_full_clip_up_to_10s,False,,,SI,SI,automatic_positive_from_approved_clip_up_to_10s,automatic_original_clip_audit,True,1.0
19119_fsdcough_seg_0,19119,train,4,FSD50K_UPLOADER::fratz,C:\Users\Usuario\Desktop\UNI MARINA\master\TFM\FSD50K_DATA\FSD50K.dev_audio\FSD50K_cough_stage1_only\19119.wav,0.8206349206349206,0.0,0.8206349206349206,0.8206349206349206,0.0,fsd50k_cough_full_clip_up_to_10s,False,,,SI,SI,automatic_positive_from_approved_clip_up_to_10s,automatic_original_clip_audit,True,1.0
19120_fsdcough_seg_0,19120,train,4,FSD50K_UPLOADER::fratz,C:\Users\Usuario\Desktop\UNI MARINA\master\TFM\FSD50K_DATA\FSD50K.dev_audio\FSD50K_cough_stage1_only\19120.wav,1.1485714285714286,0.0,1.1485714285714286,1.1485714285714286,0.0,fsd50k_cough_full_clip_up_to_10s,False,,,SI,SI,automatic_positive_from_approved_clip_up_to_10s,automatic_original_clip_audit,True,1.0
19123_fsdcough_seg_0,19123,train,4,FSD50K_UPLOADER::fratz,C:\Users\Usuario\Desktop\UNI MARINA\master\TFM\FSD50K_DATA\FSD50K.dev_audio\FSD50K_cough_stage1_only\19123.wav,0.4359183673469388,0.0,0.4359183673469388,0.4359183673469388,0.0,fsd50k_cough_full_clip_up_to_10s,False,,,SI,SI,automatic_positive_from_approved_clip_up_to_10s,automatic_original_clip_audit,True,1.0
19124_fsdcough_seg_0,19124,train,4,FSD50K_UPLOADER::fratz,C:\Users\Usuario\Desktop\UNI MARINA\master\TFM\FSD50K_DATA\FSD50K.dev_audio\FSD50K_cough_stage1_only\19124.wav,0.6220861678004536,0.0,0.6220861678004536,0.6220861678004536,0.0,fsd50k_cough_full_clip_up_to_10s,False,,,SI,SI,automatic_positive_from_approved_clip_up_to_10s,automatic_original_clip_audit,True,1.0
195771_fsdcough_seg_0,195771,train,4,FSD50K_UPLOADER::xdimebagx,C:\Users\Usuario\Desktop\UNI MARINA\master\TFM\FSD50K_DATA\FSD50K.dev_audio\FSD50K_cough_stage1_only\195771.wav,1.4707709750566893,0.0,1.4707709750566893,1.4707709750566893,0.0,fsd50k_cough_full_clip_up_to_10s,False,,,SI,SI,automatic_positive_from_approved_clip_up_to_10s,automatic_original_clip_audit,True,1.0
196283_fsdcough_seg_0,196283,train,3,FSD50K_UPLOADER::paulw2k,C:\Users\Usuario\Desktop\UNI MARINA\master\TFM\FSD50K_DATA\FSD50K.dev_audio\FSD50K_cough_stage1_only\196283.wav,28.969705215419506,0.0,10.0,10.0,8.969705215419506,fsd50k_cough_two_nonoverlap_10s_max20s,True,13,013_196283_fsdcough_seg_0.wav,,SI,,manual_segment_audit,True,1.0
196283_fsdcough_seg_1,196283,train,3,FSD50K_UPLOADER::paulw2k,C:\Users\Usuario\Desktop\UNI MARINA\master\TFM\FSD50K_DATA\FSD50K.dev_audio\FSD50K_cough_stage1_only\196283.wav,28.969705215419506,10.0,20.0,10.0,8.969705215419506,fsd50k_cough_two_nonoverlap_10s_max20s,True,14,014_196283_fsdcough_seg_1.wav,,SI,,manual_segment_audit,True,1.0
19804_fsdcough_seg_0,19804,train,3,FSD50K_UPLOADER::lg,C:\Users\Usuario\Desktop\UNI MARINA\master\TFM\FSD50K_DATA\FSD50K.dev_audio\FSD50K_cough_stage1_only\19804.wav,0.6498185941043084,0.0,0.6498185941043084,0.6498185941043084,0.0,fsd50k_cough_full_clip_up_to_10s,False,,,SI,SI,automatic_positive_from_approved_clip_up_to_10s,automatic_original_clip_audit,True,1.0
207829_fsdcough_seg_0,207829,train,2,FSD50K_UPLOADER::nigelnix,C:\Users\Usuario\Desktop\UNI MARINA\master\TFM\FSD50K_DATA\FSD50K.dev_audio\FSD50K_cough_stage1_only\207829.wav,2.1681632653061222,0.0,2.1681632653061222,2.1681632653061222,0.0,fsd50k_cough_full_clip_up_to_10s,False,,,SI,SI,automatic_positive_from_approved_clip_up_to_10s,automatic_original_clip_audit,True,1.0
208761_fsdcough_seg_0,208761,train,0,FSD50K_UPLOADER::harris85,C:\Users\Usuario\Desktop\UNI MARINA\master\TFM\FSD50K_DATA\FSD50K.dev_audio\FSD50K_cough_stage1_only\208761.wav,5.738231292517007,0.0,5.738231292517007,5.738231292517007,0.0,fsd50k_cough_full_clip_up_to_10s,False,,,SI,SI,automatic_positive_from_approved_clip_up_to_10s,automatic_original_clip_audit,True,1.0
210733_fsdcough_seg_0,210733,train,1,FSD50K_UPLOADER::qubodup,C:\Users\Usuario\Desktop\UNI MARINA\master\TFM\FSD50K_DATA\FSD50K.dev_audio\FSD50K_cough_stage1_only\210733.wav,13.514489795918369,0.0,10.0,10.0,0.0,fsd50k_cough_two_nonoverlap_10s_max20s,True,15,015_210733_fsdcough_seg_0.wav,,SI,,manual_segment_audit,True,1.0
210733_fsdcough_seg_1,210733,train,1,FSD50K_UPLOADER::qubodup,C:\Users\Usuario\Desktop\UNI MARINA\master\TFM\FSD50K_DATA\FSD50K.dev_audio\FSD50K_cough_stage1_only\210733.wav,13.514489795918369,10.0,13.514489795918369,3.5144897959183687,0.0,fsd50k_cough_two_nonoverlap_10s_max20s,True,16,016_210733_fsdcough_seg_1.wav,,SI,,manual_segment_audit,True,1.0
211197_fsdcough_seg_0,211197,train,2,FSD50K_UPLOADER::squeakyballoon,C:\Users\Usuario\Desktop\UNI MARINA\master\TFM\FSD50K_DATA\FSD50K.dev_audio\FSD50K_cough_stage1_only\211197.wav,6.478367346938776,0.0,6.478367346938776,6.478367346938776,0.0,fsd50k_cough_full_clip_up_to_10s,False,,,SI,SI,automatic_positive_from_approved_clip_up_to_10s,automatic_original_clip_audit,True,1.0
213047_fsdcough_seg_0,213047,train,2,FSD50K_UPLOADER::taira komori,C:\Users\Usuario\Desktop\UNI MARINA\master\TFM\FSD50K_DATA\FSD50K.dev_audio\FSD50K_cough_stage1_only\213047.wav,1.584013605442177,0.0,1.584013605442177,1.584013605442177,0.0,fsd50k_cough_full_clip_up_to_10s,False,,,SI,SI,automatic_positive_from_approved_clip_up_to_10s,automatic_original_clip_audit,True,1.0
213856_fsdcough_seg_0,213856,train,1,FSD50K_UPLOADER::qubodup,C:\Users\Usuario\Desktop\UNI MARINA\master\TFM\FSD50K_DATA\FSD50K.dev_audio\FSD50K_cough_stage1_only\213856.wav,11.0,0.0,10.0,10.0,0.0,fsd50k_cough_two_nonoverlap_10s_max20s,True,17,017_213856_fsdcough_seg_0.wav,,SI,,manual_segment_audit,True,1.0
213856_fsdcough_seg_1,213856,train,1,FSD50K_UPLOADER::qubodup,C:\Users\Usuario\Desktop\UNI MARINA\master\TFM\FSD50K_DATA\FSD50K.dev_audio\FSD50K_cough_stage1_only\213856.wav,11.0,10.0,11.0,1.0,0.0,fsd50k_cough_two_nonoverlap_10s_max20s,True,18,018_213856_fsdcough_seg_1.wav,,NO,,manual_segment_audit,True,0.0
223522_fsdcough_seg_0,223522,train,2,FSD50K_UPLOADER::jaraxe,C:\Users\Usuario\Desktop\UNI MARINA\master\TFM\FSD50K_DATA\FSD50K.dev_audio\FSD50K_cough_stage1_only\223522.wav,12.957732426303854,0.0,10.0,10.0,0.0,fsd50k_cough_two_nonoverlap_10s_max20s,True,19,019_223522_fsdcough_seg_0.wav,,SI,,manual_segment_audit,True,1.0
223522_fsdcough_seg_1,223522,train,2,FSD50K_UPLOADER::jaraxe,C:\Users\Usuario\Desktop\UNI MARINA\master\TFM\FSD50K_DATA\FSD50K.dev_audio\FSD50K_cough_stage1_only\223522.wav,12.957732426303854,10.0,12.957732426303854,2.9577324263038545,0.0,fsd50k_cough_two_nonoverlap_10s_max20s,True,20,020_223522_fsdcough_seg_1.wav,,NO,,manual_segment_audit,True,0.0
252223_fsdcough_seg_0,252223,train,1,FSD50K_UPLOADER::reitanna,C:\Users\Usuario\Desktop\UNI MARINA\master\TFM\FSD50K_DATA\FSD50K.dev_audio\FSD50K_cough_stage1_only\252223.wav,1.059591836734694,0.0,1.059591836734694,1.059591836734694,0.0,fsd50k_cough_full_clip_up_to_10s,False,,,SI,SI,automatic_positive_from_approved_clip_up_to_10s,automatic_original_clip_audit,True,1.0
252240_fsdcough_seg_0,252240,train,1,FSD50K_UPLOADER::reitanna,C:\Users\Usuario\Desktop\UNI MARINA\master\TFM\FSD50K_DATA\FSD50K.dev_audio\FSD50K_cough_stage1_only\252240.wav,0.4414965986394558,0.0,0.4414965986394558,0.4414965986394558,0.0,fsd50k_cough_full_clip_up_to_10s,False,,,SI,SI,automatic_positive_from_approved_clip_up_to_10s,automatic_original_clip_audit,True,1.0
252241_fsdcough_seg_0,252241,train,1,FSD50K_UPLOADER::reitanna,C:\Users\Usuario\Desktop\UNI MARINA\master\TFM\FSD50K_DATA\FSD50K.dev_audio\FSD50K_cough_stage1_only\252241.wav,0.960907029478458,0.0,0.960907029478458,0.960907029478458,0.0,fsd50k_cough_full_clip_up_to_10s,False,,,SI,SI,automatic_positive_from_approved_clip_up_to_10s,automatic_original_clip_audit,True,1.0
252242_fsdcough_seg_0,252242,train,1,FSD50K_UPLOADER::reitanna,C:\Users\Usuario\Desktop\UNI MARINA\master\TFM\FSD50K_DATA\FSD50K.dev_audio\FSD50K_cough_stage1_only\252242.wav,1.5426303854875285,0.0,1.5426303854875285,1.5426303854875285,0.0,fsd50k_cough_full_clip_up_to_10s,False,,,SI,SI,automatic_positive_from_approved_clip_up_to_10s,automatic_original_clip_audit,True,1.0
254466_fsdcough_seg_0,254466,train,1,FSD50K_UPLOADER::wjoojoo,C:\Users\Usuario\Desktop\UNI MARINA\master\TFM\FSD50K_DATA\FSD50K.dev_audio\FSD50K_cough_stage1_only\254466.wav,6.573038548752835,0.0,6.573038548752835,6.573038548752835,0.0,fsd50k_cough_full_clip_up_to_10s,False,,,SI,SI,automatic_positive_from_approved_clip_up_to_10s,automatic_original_clip_audit,True,1.0
254467_fsdcough_seg_0,254467,train,1,FSD50K_UPLOADER::wjoojoo,C:\Users\Usuario\Desktop\UNI MARINA\master\TFM\FSD50K_DATA\FSD50K.dev_audio\FSD50K_cough_stage1_only\254467.wav,2.3803628117913838,0.0,2.3803628117913838,2.3803628117913838,0.0,fsd50k_cough_full_clip_up_to_10s,False,,,SI,SI,automatic_positive_from_approved_clip_up_to_10s,automatic_original_clip_audit,True,1.0
272029_fsdcough_seg_0,272029,train,3,FSD50K_UPLOADER::aldenroth2,C:\Users\Usuario\Desktop\UNI MARINA\master\TFM\FSD50K_DATA\FSD50K.dev_audio\FSD50K_cough_stage1_only\272029.wav,0.8758956916099774,0.0,0.8758956916099774,0.8758956916099774,0.0,fsd50k_cough_full_clip_up_to_10s,False,,,SI,SI,automatic_positive_from_approved_clip_up_to_10s,automatic_original_clip_audit,True,1.0
30091_fsdcough_seg_0,30091,train,0,FSD50K_UPLOADER::dobroide,C:\Users\Usuario\Desktop\UNI MARINA\master\TFM\FSD50K_DATA\FSD50K.dev_audio\FSD50K_cough_stage1_only\30091.wav,5.851269841269842,0.0,5.851269841269842,5.851269841269842,0.0,fsd50k_cough_full_clip_up_to_10s,False,,,SI,SI,automatic_positive_from_approved_clip_up_to_10s,automatic_original_clip_audit,True,1.0
31748_fsdcough_seg_0,31748,train,1,FSD50K_UPLOADER::digifishmusic,C:\Users\Usuario\Desktop\UNI MARINA\master\TFM\FSD50K_DATA\FSD50K.dev_audio\FSD50K_cough_stage1_only\31748.wav,3.4381632653061223,0.0,3.4381632653061223,3.4381632653061223,0.0,fsd50k_cough_full_clip_up_to_10s,False,,,SI,SI,automatic_positive_from_approved_clip_up_to_10s,automatic_original_clip_audit,True,1.0
32169_fsdcough_seg_0,32169,train,2,FSD50K_UPLOADER::freqman,C:\Users\Usuario\Desktop\UNI MARINA\master\TFM\FSD50K_DATA\FSD50K.dev_audio\FSD50K_cough_stage1_only\32169.wav,14.106122448979592,0.0,10.0,10.0,0.0,fsd50k_cough_two_nonoverlap_10s_max20s,True,21,021_32169_fsdcough_seg_0.wav,,SI,,manual_segment_audit,True,1.0
32169_fsdcough_seg_1,32169,train,2,FSD50K_UPLOADER::freqman,C:\Users\Usuario\Desktop\UNI MARINA\master\TFM\FSD50K_DATA\FSD50K.dev_audio\FSD50K_cough_stage1_only\32169.wav,14.106122448979592,10.0,14.106122448979592,4.106122448979592,0.0,fsd50k_cough_two_nonoverlap_10s_max20s,True,22,022_32169_fsdcough_seg_1.wav,,SI,,manual_segment_audit,True,1.0
323532_fsdcough_seg_0,323532,train,4,FSD50K_UPLOADER::yugi16dm,C:\Users\Usuario\Desktop\UNI MARINA\master\TFM\FSD50K_DATA\FSD50K.dev_audio\FSD50K_cough_stage1_only\323532.wav,1.5333333333333334,0.0,1.5333333333333334,1.5333333333333334,0.0,fsd50k_cough_full_clip_up_to_10s,False,,,SI,SI,automatic_positive_from_approved_clip_up_to_10s,automatic_original_clip_audit,True,1.0
324769_fsdcough_seg_0,324769,train,3,FSD50K_UPLOADER::fatimasalas94,C:\Users\Usuario\Desktop\UNI MARINA\master\TFM\FSD50K_DATA\FSD50K.dev_audio\FSD50K_cough_stage1_only\324769.wav,3.601995464852608,0.0,3.601995464852608,3.601995464852608,0.0,fsd50k_cough_full_clip_up_to_10s,False,,,SI,SI,automatic_positive_from_approved_clip_up_to_10s,automatic_original_clip_audit,True,1.0
325569_fsdcough_seg_0,325569,train,4,FSD50K_UPLOADER::activeobjectx,C:\Users\Usuario\Desktop\UNI MARINA\master\TFM\FSD50K_DATA\FSD50K.dev_audio\FSD50K_cough_stage1_only\325569.wav,4.458231292517007,0.0,4.458231292517007,4.458231292517007,0.0,fsd50k_cough_full_clip_up_to_10s,False,,,SI,SI,automatic_positive_from_approved_clip_up_to_10s,automatic_original_clip_audit,True,1.0
326096_fsdcough_seg_0,326096,train,4,FSD50K_UPLOADER::1980supra,C:\Users\Usuario\Desktop\UNI MARINA\master\TFM\FSD50K_DATA\FSD50K.dev_audio\FSD50K_cough_stage1_only\326096.wav,1.0565079365079366,0.0,1.0565079365079366,1.0565079365079366,0.0,fsd50k_cough_full_clip_up_to_10s,False,,,SI,SI,automatic_positive_from_approved_clip_up_to_10s,automatic_original_clip_audit,True,1.0
334051_fsdcough_seg_0,334051,train,3,FSD50K_UPLOADER::littlerainyseasons,C:\Users\Usuario\Desktop\UNI MARINA\master\TFM\FSD50K_DATA\FSD50K.dev_audio\FSD50K_cough_stage1_only\334051.wav,1.9814739229024945,0.0,1.9814739229024945,1.9814739229024945,0.0,fsd50k_cough_full_clip_up_to_10s,False,,,SI,SI,automatic_positive_from_approved_clip_up_to_10s,automatic_original_clip_audit,True,1.0
341086_fsdcough_seg_0,341086,train,1,FSD50K_UPLOADER::cabled_mess,C:\Users\Usuario\Desktop\UNI MARINA\master\TFM\FSD50K_DATA\FSD50K.dev_audio\FSD50K_cough_stage1_only\341086.wav,1.0686621315192744,0.0,1.0686621315192744,1.0686621315192744,0.0,fsd50k_cough_full_clip_up_to_10s,False,,,SI,SI,automatic_positive_from_approved_clip_up_to_10s,automatic_original_clip_audit,True,1.0
343880_fsdcough_seg_0,343880,train,1,FSD50K_UPLOADER::reitanna,C:\Users\Usuario\Desktop\UNI MARINA\master\TFM\FSD50K_DATA\FSD50K.dev_audio\FSD50K_cough_stage1_only\343880.wav,0.8359183673469388,0.0,0.8359183673469388,0.8359183673469388,0.0,fsd50k_cough_full_clip_up_to_10s,False,,,SI,SI,automatic_positive_from_approved_clip_up_to_10s,automatic_original_clip_audit,True,1.0
343986_fsdcough_seg_0,343986,train,1,FSD50K_UPLOADER::reitanna,C:\Users\Usuario\Desktop\UNI MARINA\master\TFM\FSD50K_DATA\FSD50K.dev_audio\FSD50K_cough_stage1_only\343986.wav,1.4628571428571429,0.0,1.4628571428571429,1.4628571428571429,0.0,fsd50k_cough_full_clip_up_to_10s,False,,,SI,SI,automatic_positive_from_approved_clip_up_to_10s,automatic_original_clip_audit,True,1.0
346489_fsdcough_seg_0,346489,train,2,FSD50K_UPLOADER::_def,C:\Users\Usuario\Desktop\UNI MARINA\master\TFM\FSD50K_DATA\FSD50K.dev_audio\FSD50K_cough_stage1_only\346489.wav,0.7079138321995465,0.0,0.7079138321995465,0.7079138321995465,0.0,fsd50k_cough_full_clip_up_to_10s,False,,,SI,SI,automatic_positive_from_approved_clip_up_to_10s,automatic_original_clip_audit,True,1.0
346490_fsdcough_seg_0,346490,train,2,FSD50K_UPLOADER::_def,C:\Users\Usuario\Desktop\UNI MARINA\master\TFM\FSD50K_DATA\FSD50K.dev_audio\FSD50K_cough_stage1_only\346490.wav,0.405578231292517,0.0,0.405578231292517,0.405578231292517,0.0,fsd50k_cough_full_clip_up_to_10s,False,,,SI,SI,automatic_positive_from_approved_clip_up_to_10s,automatic_original_clip_audit,True,1.0
346648_fsdcough_seg_0,346648,train,3,FSD50K_UPLOADER::deleted_user_4401185,C:\Users\Usuario\Desktop\UNI MARINA\master\TFM\FSD50K_DATA\FSD50K.dev_audio\FSD50K_cough_stage1_only\346648.wav,14.0,0.0,10.0,10.0,0.0,fsd50k_cough_two_nonoverlap_10s_max20s,True,23,023_346648_fsdcough_seg_0.wav,,SI,,manual_segment_audit,True,1.0
346648_fsdcough_seg_1,346648,train,3,FSD50K_UPLOADER::deleted_user_4401185,C:\Users\Usuario\Desktop\UNI MARINA\master\TFM\FSD50K_DATA\FSD50K.dev_audio\FSD50K_cough_stage1_only\346648.wav,14.0,10.0,14.0,4.0,0.0,fsd50k_cough_two_nonoverlap_10s_max20s,True,24,024_346648_fsdcough_seg_1.wav,,SI,,manual_segment_audit,True,1.0
348364_fsdcough_seg_0,348364,train,0,FSD50K_UPLOADER::frostyfrost,C:\Users\Usuario\Desktop\UNI MARINA\master\TFM\FSD50K_DATA\FSD50K.dev_audio\FSD50K_cough_stage1_only\348364.wav,4.504671201814059,0.0,4.504671201814059,4.504671201814059,0.0,fsd50k_cough_full_clip_up_to_10s,False,,,SI,SI,automatic_positive_from_approved_clip_up_to_10s,automatic_original_clip_audit,True,1.0
353669_fsdcough_seg_0,353669,train,2,FSD50K_UPLOADER::reyhanaf,C:\Users\Usuario\Desktop\UNI MARINA\master\TFM\FSD50K_DATA\FSD50K.dev_audio\FSD50K_cough_stage1_only\353669.wav,1.3061224489795915,0.0,1.3061224489795915,1.3061224489795915,0.0,fsd50k_cough_full_clip_up_to_10s,False,,,SI,SI,automatic_positive_from_approved_clip_up_to_10s,automatic_original_clip_audit,True,1.0
360890_fsdcough_seg_0,360890,train,0,FSD50K_UPLOADER::dinkdonkdork,C:\Users\Usuario\Desktop\UNI MARINA\master\TFM\FSD50K_DATA\FSD50K.dev_audio\FSD50K_cough_stage1_only\360890.wav,5.954467120181406,0.0,5.954467120181406,5.954467120181406,0.0,fsd50k_cough_full_clip_up_to_10s,False,,,SI,SI,automatic_positive_from_approved_clip_up_to_10s,automatic_original_clip_audit,True,1.0
365158_fsdcough_seg_0,365158,train,2,FSD50K_UPLOADER::jack_freedom5712,C:\Users\Usuario\Desktop\UNI MARINA\master\TFM\FSD50K_DATA\FSD50K.dev_audio\FSD50K_cough_stage1_only\365158.wav,5.568072562358276,0.0,5.568072562358276,5.568072562358276,0.0,fsd50k_cough_full_clip_up_to_10s,False,,,SI,SI,automatic_positive_from_approved_clip_up_to_10s,automatic_original_clip_audit,True,1.0
385829_fsdcough_seg_0,385829,train,0,FSD50K_UPLOADER::tylean,C:\Users\Usuario\Desktop\UNI MARINA\master\TFM\FSD50K_DATA\FSD50K.dev_audio\FSD50K_cough_stage1_only\385829.wav,1.968616780045352,0.0,1.968616780045352,1.968616780045352,0.0,fsd50k_cough_full_clip_up_to_10s,False,,,SI,SI,automatic_positive_from_approved_clip_up_to_10s,automatic_original_clip_audit,True,1.0
389285_fsdcough_seg_0,389285,train,3,FSD50K_UPLOADER::themaggotr,C:\Users\Usuario\Desktop\UNI MARINA\master\TFM\FSD50K_DATA\FSD50K.dev_audio\FSD50K_cough_stage1_only\389285.wav,1.28,0.0,1.28,1.28,0.0,fsd50k_cough_full_clip_up_to_10s,False,,,SI,SI,automatic_positive_from_approved_clip_up_to_10s,automatic_original_clip_audit,True,1.0
389289_fsdcough_seg_0,389289,train,3,FSD50K_UPLOADER::themaggotr,C:\Users\Usuario\Desktop\UNI MARINA\master\TFM\FSD50K_DATA\FSD50K.dev_audio\FSD50K_cough_stage1_only\389289.wav,1.28,0.0,1.28,1.28,0.0,fsd50k_cough_full_clip_up_to_10s,False,,,SI,SI,automatic_positive_from_approved_clip_up_to_10s,automatic_original_clip_audit,True,1.0
390361_fsdcough_seg_0,390361,train,1,FSD50K_UPLOADER::josethehedgehog,C:\Users\Usuario\Desktop\UNI MARINA\master\TFM\FSD50K_DATA\FSD50K.dev_audio\FSD50K_cough_stage1_only\390361.wav,2.2355555555555555,0.0,2.2355555555555555,2.2355555555555555,0.0,fsd50k_cough_full_clip_up_to_10s,False,,,SI,SI,automatic_positive_from_approved_clip_up_to_10s,automatic_original_clip_audit,True,1.0
395199_fsdcough_seg_0,395199,train,1,FSD50K_UPLOADER::bvaudio,C:\Users\Usuario\Desktop\UNI MARINA\master\TFM\FSD50K_DATA\FSD50K.dev_audio\FSD50K_cough_stage1_only\395199.wav,5.537959183673469,0.0,5.537959183673469,5.537959183673469,0.0,fsd50k_cough_full_clip_up_to_10s,False,,,SI,SI,automatic_positive_from_approved_clip_up_to_10s,automatic_original_clip_audit,True,1.0
39713_fsdcough_seg_0,39713,train,1,FSD50K_UPLOADER::delphidebrain,C:\Users\Usuario\Desktop\UNI MARINA\master\TFM\FSD50K_DATA\FSD50K.dev_audio\FSD50K_cough_stage1_only\39713.wav,4.0,0.0,4.0,4.0,0.0,fsd50k_cough_full_clip_up_to_10s,False,,,SI,SI,automatic_positive_from_approved_clip_up_to_10s,automatic_original_clip_audit,True,1.0
399624_fsdcough_seg_0,399624,train,1,FSD50K_UPLOADER::soundsforhim,C:\Users\Usuario\Desktop\UNI MARINA\master\TFM\FSD50K_DATA\FSD50K.dev_audio\FSD50K_cough_stage1_only\399624.wav,3.4481632653061225,0.0,3.4481632653061225,3.4481632653061225,0.0,fsd50k_cough_full_clip_up_to_10s,False,,,SI,SI,automatic_positive_from_approved_clip_up_to_10s,automatic_original_clip_audit,True,1.0
399627_fsdcough_seg_0,399627,train,1,FSD50K_UPLOADER::soundsforhim,C:\Users\Usuario\Desktop\UNI MARINA\master\TFM\FSD50K_DATA\FSD50K.dev_audio\FSD50K_cough_stage1_only\399627.wav,3.9706122448979593,0.0,3.9706122448979593,3.9706122448979593,0.0,fsd50k_cough_full_clip_up_to_10s,False,,,SI,SI,automatic_positive_from_approved_clip_up_to_10s,automatic_original_clip_audit,True,1.0
407839_fsdcough_seg_0,407839,train,1,FSD50K_UPLOADER::bobtheross,C:\Users\Usuario\Desktop\UNI MARINA\master\TFM\FSD50K_DATA\FSD50K.dev_audio\FSD50K_cough_stage1_only\407839.wav,28.47340136054422,0.0,10.0,10.0,8.47340136054422,fsd50k_cough_two_nonoverlap_10s_max20s,True,25,025_407839_fsdcough_seg_0.wav,,SI,,manual_segment_audit,True,1.0
407839_fsdcough_seg_1,407839,train,1,FSD50K_UPLOADER::bobtheross,C:\Users\Usuario\Desktop\UNI MARINA\master\TFM\FSD50K_DATA\FSD50K.dev_audio\FSD50K_cough_stage1_only\407839.wav,28.47340136054422,10.0,20.0,10.0,8.47340136054422,fsd50k_cough_two_nonoverlap_10s_max20s,True,26,026_407839_fsdcough_seg_1.wav,,SI,,manual_segment_audit,True,1.0
410493_fsdcough_seg_0,410493,train,2,FSD50K_UPLOADER::fmceretta,C:\Users\Usuario\Desktop\UNI MARINA\master\TFM\FSD50K_DATA\FSD50K.dev_audio\FSD50K_cough_stage1_only\410493.wav,11.447437641723356,0.0,10.0,10.0,0.0,fsd50k_cough_two_nonoverlap_10s_max20s,True,27,027_410493_fsdcough_seg_0.wav,,SI,,manual_segment_audit,True,1.0
410493_fsdcough_seg_1,410493,train,2,FSD50K_UPLOADER::fmceretta,C:\Users\Usuario\Desktop\UNI MARINA\master\TFM\FSD50K_DATA\FSD50K.dev_audio\FSD50K_cough_stage1_only\410493.wav,11.447437641723356,10.0,11.447437641723356,1.447437641723356,0.0,fsd50k_cough_two_nonoverlap_10s_max20s,True,28,028_410493_fsdcough_seg_1.wav,,NO,,manual_segment_audit,True,0.0
41385_fsdcough_seg_0,41385,train,4,FSD50K_UPLOADER::sandyrb,C:\Users\Usuario\Desktop\UNI MARINA\master\TFM\FSD50K_DATA\FSD50K.dev_audio\FSD50K_cough_stage1_only\41385.wav,1.1413832199546483,0.0,1.1413832199546483,1.1413832199546483,0.0,fsd50k_cough_full_clip_up_to_10s,False,,,SI,SI,automatic_positive_from_approved_clip_up_to_10s,automatic_original_clip_audit,True,1.0
41386_fsdcough_seg_0,41386,train,4,FSD50K_UPLOADER::sandyrb,C:\Users\Usuario\Desktop\UNI MARINA\master\TFM\FSD50K_DATA\FSD50K.dev_audio\FSD50K_cough_stage1_only\41386.wav,1.1468934240362811,0.0,1.1468934240362811,1.1468934240362811,0.0,fsd50k_cough_full_clip_up_to_10s,False,,,SI,SI,automatic_positive_from_approved_clip_up_to_10s,automatic_original_clip_audit,True,1.0
41387_fsdcough_seg_0,41387,train,4,FSD50K_UPLOADER::sandyrb,C:\Users\Usuario\Desktop\UNI MARINA\master\TFM\FSD50K_DATA\FSD50K.dev_audio\FSD50K_cough_stage1_only\41387.wav,0.6996598639455782,0.0,0.6996598639455782,0.6996598639455782,0.0,fsd50k_cough_full_clip_up_to_10s,False,,,SI,SI,automatic_positive_from_approved_clip_up_to_10s,automatic_original_clip_audit,True,1.0
422136_fsdcough_seg_0,422136,train,0,FSD50K_UPLOADER::14gpanskazackovam,C:\Users\Usuario\Desktop\UNI MARINA\master\TFM\FSD50K_DATA\FSD50K.dev_audio\FSD50K_cough_stage1_only\422136.wav,2.154671201814059,0.0,2.154671201814059,2.154671201814059,0.0,fsd50k_cough_full_clip_up_to_10s,False,,,SI,SI,automatic_positive_from_approved_clip_up_to_10s,automatic_original_clip_audit,True,1.0
426271_fsdcough_seg_0,426271,train,3,FSD50K_UPLOADER::clurky,C:\Users\Usuario\Desktop\UNI MARINA\master\TFM\FSD50K_DATA\FSD50K.dev_audio\FSD50K_cough_stage1_only\426271.wav,2.947482993197279,0.0,2.947482993197279,2.947482993197279,0.0,fsd50k_cough_full_clip_up_to_10s,False,,,SI,SI,automatic_positive_from_approved_clip_up_to_10s,automatic_original_clip_audit,True,1.0
432380_fsdcough_seg_0,432380,train,4,FSD50K_UPLOADER::fedor_ogon,C:\Users\Usuario\Desktop\UNI MARINA\master\TFM\FSD50K_DATA\FSD50K.dev_audio\FSD50K_cough_stage1_only\432380.wav,11.471337868480726,0.0,10.0,10.0,0.0,fsd50k_cough_two_nonoverlap_10s_max20s,True,29,029_432380_fsdcough_seg_0.wav,,SI,,manual_segment_audit,True,1.0
432380_fsdcough_seg_1,432380,train,4,FSD50K_UPLOADER::fedor_ogon,C:\Users\Usuario\Desktop\UNI MARINA\master\TFM\FSD50K_DATA\FSD50K.dev_audio\FSD50K_cough_stage1_only\432380.wav,11.471337868480726,10.0,11.471337868480726,1.4713378684807257,0.0,fsd50k_cough_two_nonoverlap_10s_max20s,True,30,030_432380_fsdcough_seg_1.wav,,NO,,manual_segment_audit,True,0.0
433639_fsdcough_seg_0,433639,train,4,FSD50K_UPLOADER::dersuperanton,C:\Users\Usuario\Desktop\UNI MARINA\master\TFM\FSD50K_DATA\FSD50K.dev_audio\FSD50K_cough_stage1_only\433639.wav,3.564263038548753,0.0,3.564263038548753,3.564263038548753,0.0,fsd50k_cough_full_clip_up_to_10s,False,,,SI,SI,automatic_positive_from_approved_clip_up_to_10s,automatic_original_clip_audit,True,1.0
45150_fsdcough_seg_0,45150,train,1,FSD50K_UPLOADER::delphidebrain,C:\Users\Usuario\Desktop\UNI MARINA\master\TFM\FSD50K_DATA\FSD50K.dev_audio\FSD50K_cough_stage1_only\45150.wav,3.3626984126984127,0.0,3.3626984126984127,3.3626984126984127,0.0,fsd50k_cough_full_clip_up_to_10s,False,,,SI,SI,automatic_positive_from_approved_clip_up_to_10s,automatic_original_clip_audit,True,1.0
45574_fsdcough_seg_0,45574,train,3,FSD50K_UPLOADER::j.zazvurek,C:\Users\Usuario\Desktop\UNI MARINA\master\TFM\FSD50K_DATA\FSD50K.dev_audio\FSD50K_cough_stage1_only\45574.wav,20.079455782312927,0.0,10.0,10.0,0.07945578231292671,fsd50k_cough_two_nonoverlap_10s_max20s,True,31,031_45574_fsdcough_seg_0.wav,,SI,,manual_segment_audit,True,1.0
45574_fsdcough_seg_1,45574,train,3,FSD50K_UPLOADER::j.zazvurek,C:\Users\Usuario\Desktop\UNI MARINA\master\TFM\FSD50K_DATA\FSD50K.dev_audio\FSD50K_cough_stage1_only\45574.wav,20.079455782312927,10.0,20.0,10.0,0.07945578231292671,fsd50k_cough_two_nonoverlap_10s_max20s,True,32,032_45574_fsdcough_seg_1.wav,,SI,,manual_segment_audit,True,1.0
45575_fsdcough_seg_0,45575,train,3,FSD50K_UPLOADER::j.zazvurek,C:\Users\Usuario\Desktop\UNI MARINA\master\TFM\FSD50K_DATA\FSD50K.dev_audio\FSD50K_cough_stage1_only\45575.wav,18.805260770975057,0.0,10.0,10.0,0.0,fsd50k_cough_two_nonoverlap_10s_max20s,True,33,033_45575_fsdcough_seg_0.wav,,SI,,manual_segment_audit,True,1.0
45575_fsdcough_seg_1,45575,train,3,FSD50K_UPLOADER::j.zazvurek,C:\Users\Usuario\Desktop\UNI MARINA\master\TFM\FSD50K_DATA\FSD50K.dev_audio\FSD50K_cough_stage1_only\45575.wav,18.805260770975057,10.0,18.805260770975057,8.805260770975057,0.0,fsd50k_cough_two_nonoverlap_10s_max20s,True,34,034_45575_fsdcough_seg_1.wav,,SI,,manual_segment_audit,True,1.0
45577_fsdcough_seg_0,45577,train,3,FSD50K_UPLOADER::j.zazvurek,C:\Users\Usuario\Desktop\UNI MARINA\master\TFM\FSD50K_DATA\FSD50K.dev_audio\FSD50K_cough_stage1_only\45577.wav,22.47691609977324,0.0,10.0,10.0,2.4769160997732413,fsd50k_cough_two_nonoverlap_10s_max20s,True,35,035_45577_fsdcough_seg_0.wav,,SI,,manual_segment_audit,True,1.0
45577_fsdcough_seg_1,45577,train,3,FSD50K_UPLOADER::j.zazvurek,C:\Users\Usuario\Desktop\UNI MARINA\master\TFM\FSD50K_DATA\FSD50K.dev_audio\FSD50K_cough_stage1_only\45577.wav,22.47691609977324,10.0,20.0,10.0,2.4769160997732413,fsd50k_cough_two_nonoverlap_10s_max20s,True,36,036_45577_fsdcough_seg_1.wav,,SI,,manual_segment_audit,True,1.0
45578_fsdcough_seg_0,45578,train,3,FSD50K_UPLOADER::j.zazvurek,C:\Users\Usuario\Desktop\UNI MARINA\master\TFM\FSD50K_DATA\FSD50K.dev_audio\FSD50K_cough_stage1_only\45578.wav,6.1184580498866215,0.0,6.1184580498866215,6.1184580498866215,0.0,fsd50k_cough_full_clip_up_to_10s,False,,,SI,SI,automatic_positive_from_approved_clip_up_to_10s,automatic_original_clip_audit,True,1.0
45925_fsdcough_seg_0,45925,train,0,FSD50K_UPLOADER::dobroide,C:\Users\Usuario\Desktop\UNI MARINA\master\TFM\FSD50K_DATA\FSD50K.dev_audio\FSD50K_cough_stage1_only\45925.wav,5.8,0.0,5.8,5.8,0.0,fsd50k_cough_full_clip_up_to_10s,False,,,SI,SI,automatic_positive_from_approved_clip_up_to_10s,automatic_original_clip_audit,True,1.0
46971_fsdcough_seg_0,46971,train,1,FSD50K_UPLOADER::stomachache,C:\Users\Usuario\Desktop\UNI MARINA\master\TFM\FSD50K_DATA\FSD50K.dev_audio\FSD50K_cough_stage1_only\46971.wav,5.108888888888889,0.0,5.108888888888889,5.108888888888889,0.0,fsd50k_cough_full_clip_up_to_10s,False,,,SI,SI,automatic_positive_from_approved_clip_up_to_10s,automatic_original_clip_audit,True,1.0
47135_fsdcough_seg_0,47135,train,0,FSD50K_UPLOADER::dobroide,C:\Users\Usuario\Desktop\UNI MARINA\master\TFM\FSD50K_DATA\FSD50K.dev_audio\FSD50K_cough_stage1_only\47135.wav,17.457120181405894,0.0,10.0,10.0,0.0,fsd50k_cough_two_nonoverlap_10s_max20s,True,37,037_47135_fsdcough_seg_0.wav,,NO,,manual_segment_audit,True,0.0
47135_fsdcough_seg_1,47135,train,0,FSD50K_UPLOADER::dobroide,C:\Users\Usuario\Desktop\UNI MARINA\master\TFM\FSD50K_DATA\FSD50K.dev_audio\FSD50K_cough_stage1_only\47135.wav,17.457120181405894,10.0,17.457120181405894,7.4571201814058945,0.0,fsd50k_cough_two_nonoverlap_10s_max20s,True,38,038_47135_fsdcough_seg_1.wav,,SI,,manual_segment_audit,True,1.0
51136_fsdcough_seg_0,51136,train,2,FSD50K_UPLOADER::rutgermuller,C:\Users\Usuario\Desktop\UNI MARINA\master\TFM\FSD50K_DATA\FSD50K.dev_audio\FSD50K_cough_stage1_only\51136.wav,5.4,0.0,5.4,5.4,0.0,fsd50k_cough_full_clip_up_to_10s,False,,,SI,SI,automatic_positive_from_approved_clip_up_to_10s,automatic_original_clip_audit,True,1.0
63752_fsdcough_seg_0,63752,train,0,FSD50K_UPLOADER::dobroide,C:\Users\Usuario\Desktop\UNI MARINA\master\TFM\FSD50K_DATA\FSD50K.dev_audio\FSD50K_cough_stage1_only\63752.wav,0.8776417233560091,0.0,0.8776417233560091,0.8776417233560091,0.0,fsd50k_cough_full_clip_up_to_10s,False,,,SI,SI,automatic_positive_from_approved_clip_up_to_10s,automatic_original_clip_audit,True,1.0
68034_fsdcough_seg_0,68034,train,0,FSD50K_UPLOADER::dobroide,C:\Users\Usuario\Desktop\UNI MARINA\master\TFM\FSD50K_DATA\FSD50K.dev_audio\FSD50K_cough_stage1_only\68034.wav,14.491292517006803,0.0,10.0,10.0,0.0,fsd50k_cough_two_nonoverlap_10s_max20s,True,39,039_68034_fsdcough_seg_0.wav,,SI,,manual_segment_audit,True,1.0
68034_fsdcough_seg_1,68034,train,0,FSD50K_UPLOADER::dobroide,C:\Users\Usuario\Desktop\UNI MARINA\master\TFM\FSD50K_DATA\FSD50K.dev_audio\FSD50K_cough_stage1_only\68034.wav,14.491292517006803,10.0,14.491292517006803,4.491292517006803,0.0,fsd50k_cough_two_nonoverlap_10s_max20s,True,40,040_68034_fsdcough_seg_1.wav,,NO,,manual_segment_audit,True,0.0
73327_fsdcough_seg_0,73327,train,1,FSD50K_UPLOADER::noisecollector,C:\Users\Usuario\Desktop\UNI MARINA\master\TFM\FSD50K_DATA\FSD50K.dev_audio\FSD50K_cough_stage1_only\73327.wav,2.9257142857142857,0.0,2.9257142857142857,2.9257142857142857,0.0,fsd50k_cough_full_clip_up_to_10s,False,,,SI,SI,automatic_positive_from_approved_clip_up_to_10s,automatic_original_clip_audit,True,1.0
77157_fsdcough_seg_0,77157,train,4,FSD50K_UPLOADER::kyster,C:\Users\Usuario\Desktop\UNI MARINA\master\TFM\FSD50K_DATA\FSD50K.dev_audio\FSD50K_cough_stage1_only\77157.wav,1.9041496598639456,0.0,1.9041496598639456,1.9041496598639456,0.0,fsd50k_cough_full_clip_up_to_10s,False,,,SI,SI,automatic_positive_from_approved_clip_up_to_10s,automatic_original_clip_audit,True,1.0
84690_fsdcough_seg_0,84690,train,0,FSD50K_UPLOADER::cmusounddesign,C:\Users\Usuario\Desktop\UNI MARINA\master\TFM\FSD50K_DATA\FSD50K.dev_audio\FSD50K_cough_stage1_only\84690.wav,20.986666666666668,0.0,10.0,10.0,0.9866666666666681,fsd50k_cough_two_nonoverlap_10s_max20s,True,41,041_84690_fsdcough_seg_0.wav,,SI,,manual_segment_audit,True,1.0
84690_fsdcough_seg_1,84690,train,0,FSD50K_UPLOADER::cmusounddesign,C:\Users\Usuario\Desktop\UNI MARINA\master\TFM\FSD50K_DATA\FSD50K.dev_audio\FSD50K_cough_stage1_only\84690.wav,20.986666666666668,10.0,20.0,10.0,0.9866666666666681,fsd50k_cough_two_nonoverlap_10s_max20s,True,42,042_84690_fsdcough_seg_1.wav,,NO,,manual_segment_audit,True,0.0
84695_fsdcough_seg_0,84695,train,0,FSD50K_UPLOADER::cmusounddesign,C:\Users\Usuario\Desktop\UNI MARINA\master\TFM\FSD50K_DATA\FSD50K.dev_audio\FSD50K_cough_stage1_only\84695.wav,6.0,0.0,6.0,6.0,0.0,fsd50k_cough_full_clip_up_to_10s,False,,,SI,SI,automatic_positive_from_approved_clip_up_to_10s,automatic_original_clip_audit,True,1.0
87411_fsdcough_seg_0,87411,train,0,FSD50K_UPLOADER::bowlingballout,C:\Users\Usuario\Desktop\UNI MARINA\master\TFM\FSD50K_DATA\FSD50K.dev_audio\FSD50K_cough_stage1_only\87411.wav,1.1250113378684807,0.0,1.1250113378684807,1.1250113378684807,0.0,fsd50k_cough_full_clip_up_to_10s,False,,,SI,SI,automatic_positive_from_approved_clip_up_to_10s,automatic_original_clip_audit,True,1.0
87412_fsdcough_seg_0,87412,train,0,FSD50K_UPLOADER::bowlingballout,C:\Users\Usuario\Desktop\UNI MARINA\master\TFM\FSD50K_DATA\FSD50K.dev_audio\FSD50K_cough_stage1_only\87412.wav,2.25,0.0,2.25,2.25,0.0,fsd50k_cough_full_clip_up_to_10s,False,,,SI,SI,automatic_positive_from_approved_clip_up_to_10s,automatic_original_clip_audit,True,1.0
87511_fsdcough_seg_0,87511,train,0,FSD50K_UPLOADER::dobroide,C:\Users\Usuario\Desktop\UNI MARINA\master\TFM\FSD50K_DATA\FSD50K.dev_audio\FSD50K_cough_stage1_only\87511.wav,1.8234920634920635,0.0,1.8234920634920635,1.8234920634920635,0.0,fsd50k_cough_full_clip_up_to_10s,False,,,SI,SI,automatic_positive_from_approved_clip_up_to_10s,automatic_original_clip_audit,True,1.0
87512_fsdcough_seg_0,87512,train,0,FSD50K_UPLOADER::dobroide,C:\Users\Usuario\Desktop\UNI MARINA\master\TFM\FSD50K_DATA\FSD50K.dev_audio\FSD50K_cough_stage1_only\87512.wav,3.0,0.0,3.0,3.0,0.0,fsd50k_cough_full_clip_up_to_10s,False,,,SI,SI,automatic_positive_from_approved_clip_up_to_10s,automatic_original_clip_audit,True,1.0
87513_fsdcough_seg_0,87513,train,0,FSD50K_UPLOADER::dobroide,C:\Users\Usuario\Desktop\UNI MARINA\master\TFM\FSD50K_DATA\FSD50K.dev_audio\FSD50K_cough_stage1_only\87513.wav,2.375963718820861,0.0,2.375963718820861,2.375963718820861,0.0,fsd50k_cough_full_clip_up_to_10s,False,,,SI,SI,automatic_positive_from_approved_clip_up_to_10s,automatic_original_clip_audit,True,1.0
95530_fsdcough_seg_0,95530,train,0,FSD50K_UPLOADER::dobroide,C:\Users\Usuario\Desktop\UNI MARINA\master\TFM\FSD50K_DATA\FSD50K.dev_audio\FSD50K_cough_stage1_only\95530.wav,9.771519274376418,0.0,9.771519274376418,9.771519274376418,0.0,fsd50k_cough_full_clip_up_to_10s,False,,,SI,SI,automatic_positive_from_approved_clip_up_to_10s,automatic_original_clip_audit,True,1.0
95531_fsdcough_seg_0,95531,train,0,FSD50K_UPLOADER::dobroide,C:\Users\Usuario\Desktop\UNI MARINA\master\TFM\FSD50K_DATA\FSD50K.dev_audio\FSD50K_cough_stage1_only\95531.wav,14.629024943310656,0.0,10.0,10.0,0.0,fsd50k_cough_two_nonoverlap_10s_max20s,True,43,043_95531_fsdcough_seg_0.wav,,SI,,manual_segment_audit,True,1.0
95531_fsdcough_seg_1,95531,train,0,FSD50K_UPLOADER::dobroide,C:\Users\Usuario\Desktop\UNI MARINA\master\TFM\FSD50K_DATA\FSD50K.dev_audio\FSD50K_cough_stage1_only\95531.wav,14.629024943310656,10.0,14.629024943310656,4.629024943310656,0.0,fsd50k_cough_two_nonoverlap_10s_max20s,True,44,044_95531_fsdcough_seg_1.wav,,NO,,manual_segment_audit,True,0.0
96189_fsdcough_seg_0,96189,train,3,FSD50K_UPLOADER::ifartinurgeneraldirection,C:\Users\Usuario\Desktop\UNI MARINA\master\TFM\FSD50K_DATA\FSD50K.dev_audio\FSD50K_cough_stage1_only\96189.wav,4.650861678004535,0.0,4.650861678004535,4.650861678004535,0.0,fsd50k_cough_full_clip_up_to_10s,False,,,SI,SI,automatic_positive_from_approved_clip_up_to_10s,automatic_original_clip_audit,True,1.0
98676_fsdcough_seg_0,98676,train,4,FSD50K_UPLOADER::thewah,C:\Users\Usuario\Desktop\UNI MARINA\master\TFM\FSD50K_DATA\FSD50K.dev_audio\FSD50K_cough_stage1_only\98676.wav,2.1681632653061222,0.0,2.1681632653061222,2.1681632653061222,0.0,fsd50k_cough_full_clip_up_to_10s,False,,,SI,SI,automatic_positive_from_approved_clip_up_to_10s,automatic_original_clip_audit,True,1.0
125403_fsdcough_seg_0,125403,validation,-1,FSD50K_UPLOADER::jasonlon,C:\Users\Usuario\Desktop\UNI MARINA\master\TFM\FSD50K_DATA\FSD50K.dev_audio\FSD50K_cough_stage1_only\125403.wav,13.173333333333334,0.0,10.0,10.0,0.0,fsd50k_cough_two_nonoverlap_10s_max20s,True,45,045_125403_fsdcough_seg_0.wav,,SI,,manual_segment_audit,True,1.0
125403_fsdcough_seg_1,125403,validation,-1,FSD50K_UPLOADER::jasonlon,C:\Users\Usuario\Desktop\UNI MARINA\master\TFM\FSD50K_DATA\FSD50K.dev_audio\FSD50K_cough_stage1_only\125403.wav,13.173333333333334,10.0,13.173333333333334,3.173333333333334,0.0,fsd50k_cough_two_nonoverlap_10s_max20s,True,46,046_125403_fsdcough_seg_1.wav,,NO,,manual_segment_audit,True,0.0
148224_fsdcough_seg_0,148224,validation,-1,FSD50K_UPLOADER::skxr,C:\Users\Usuario\Desktop\UNI MARINA\master\TFM\FSD50K_DATA\FSD50K.dev_audio\FSD50K_cough_stage1_only\148224.wav,1.0956689342403627,0.0,1.0956689342403627,1.0956689342403627,0.0,fsd50k_cough_full_clip_up_to_10s,False,,,SI,SI,automatic_positive_from_approved_clip_up_to_10s,automatic_original_clip_audit,True,1.0
148225_fsdcough_seg_0,148225,validation,-1,FSD50K_UPLOADER::skxr,C:\Users\Usuario\Desktop\UNI MARINA\master\TFM\FSD50K_DATA\FSD50K.dev_audio\FSD50K_cough_stage1_only\148225.wav,0.9046938775510204,0.0,0.9046938775510204,0.9046938775510204,0.0,fsd50k_cough_full_clip_up_to_10s,False,,,SI,SI,automatic_positive_from_approved_clip_up_to_10s,automatic_original_clip_audit,True,1.0
155591_fsdcough_seg_0,155591,validation,-1,FSD50K_UPLOADER::bugfish,C:\Users\Usuario\Desktop\UNI MARINA\master\TFM\FSD50K_DATA\FSD50K.dev_audio\FSD50K_cough_stage1_only\155591.wav,3.0964172335600906,0.0,3.0964172335600906,3.0964172335600906,0.0,fsd50k_cough_full_clip_up_to_10s,False,,,SI,SI,automatic_positive_from_approved_clip_up_to_10s,automatic_original_clip_audit,True,1.0
155603_fsdcough_seg_0,155603,validation,-1,FSD50K_UPLOADER::themightymoltar,C:\Users\Usuario\Desktop\UNI MARINA\master\TFM\FSD50K_DATA\FSD50K.dev_audio\FSD50K_cough_stage1_only\155603.wav,6.915963718820862,0.0,6.915963718820862,6.915963718820862,0.0,fsd50k_cough_full_clip_up_to_10s,False,,,SI,SI,automatic_positive_from_approved_clip_up_to_10s,automatic_original_clip_audit,True,1.0
171542_fsdcough_seg_0,171542,validation,-1,FSD50K_UPLOADER::eelke,C:\Users\Usuario\Desktop\UNI MARINA\master\TFM\FSD50K_DATA\FSD50K.dev_audio\FSD50K_cough_stage1_only\171542.wav,22.04734693877551,0.0,10.0,10.0,2.0473469387755117,fsd50k_cough_two_nonoverlap_10s_max20s,True,47,047_171542_fsdcough_seg_0.wav,,SI,,manual_segment_audit,True,1.0
171542_fsdcough_seg_1,171542,validation,-1,FSD50K_UPLOADER::eelke,C:\Users\Usuario\Desktop\UNI MARINA\master\TFM\FSD50K_DATA\FSD50K.dev_audio\FSD50K_cough_stage1_only\171542.wav,22.04734693877551,10.0,20.0,10.0,2.0473469387755117,fsd50k_cough_two_nonoverlap_10s_max20s,True,48,048_171542_fsdcough_seg_1.wav,,SI,,manual_segment_audit,True,1.0
184871_fsdcough_seg_0,184871,validation,-1,FSD50K_UPLOADER::eelke,C:\Users\Usuario\Desktop\UNI MARINA\master\TFM\FSD50K_DATA\FSD50K.dev_audio\FSD50K_cough_stage1_only\184871.wav,12.656961451247165,0.0,10.0,10.0,0.0,fsd50k_cough_two_nonoverlap_10s_max20s,True,49,049_184871_fsdcough_seg_0.wav,,SI,,manual_segment_audit,True,1.0
184871_fsdcough_seg_1,184871,validation,-1,FSD50K_UPLOADER::eelke,C:\Users\Usuario\Desktop\UNI MARINA\master\TFM\FSD50K_DATA\FSD50K.dev_audio\FSD50K_cough_stage1_only\184871.wav,12.656961451247165,10.0,12.656961451247165,2.656961451247165,0.0,fsd50k_cough_two_nonoverlap_10s_max20s,True,50,050_184871_fsdcough_seg_1.wav,,SI,,manual_segment_audit,True,1.0
240373_fsdcough_seg_0,240373,validation,-1,FSD50K_UPLOADER::mariiao2,C:\Users\Usuario\Desktop\UNI MARINA\master\TFM\FSD50K_DATA\FSD50K.dev_audio\FSD50K_cough_stage1_only\240373.wav,1.2774603174603174,0.0,1.2774603174603174,1.2774603174603174,0.0,fsd50k_cough_full_clip_up_to_10s,False,,,SI,SI,automatic_positive_from_approved_clip_up_to_10s,automatic_original_clip_audit,True,1.0
240375_fsdcough_seg_0,240375,validation,-1,FSD50K_UPLOADER::mariiao2,C:\Users\Usuario\Desktop\UNI MARINA\master\TFM\FSD50K_DATA\FSD50K.dev_audio\FSD50K_cough_stage1_only\240375.wav,0.7406349206349206,0.0,0.7406349206349206,0.7406349206349206,0.0,fsd50k_cough_full_clip_up_to_10s,False,,,SI,SI,automatic_positive_from_approved_clip_up_to_10s,automatic_original_clip_audit,True,1.0
257770_fsdcough_seg_0,257770,validation,-1,FSD50K_UPLOADER::xtrgamr,C:\Users\Usuario\Desktop\UNI MARINA\master\TFM\FSD50K_DATA\FSD50K.dev_audio\FSD50K_cough_stage1_only\257770.wav,0.4411791383219954,0.0,0.4411791383219954,0.4411791383219954,0.0,fsd50k_cough_full_clip_up_to_10s,False,,,SI,SI,automatic_positive_from_approved_clip_up_to_10s,automatic_original_clip_audit,True,1.0
263935_fsdcough_seg_0,263935,validation,-1,FSD50K_UPLOADER::cullenmarie,C:\Users\Usuario\Desktop\UNI MARINA\master\TFM\FSD50K_DATA\FSD50K.dev_audio\FSD50K_cough_stage1_only\263935.wav,22.46931972789116,0.0,10.0,10.0,2.469319727891161,fsd50k_cough_two_nonoverlap_10s_max20s,True,51,051_263935_fsdcough_seg_0.wav,,NO,,manual_segment_audit,True,0.0
263935_fsdcough_seg_1,263935,validation,-1,FSD50K_UPLOADER::cullenmarie,C:\Users\Usuario\Desktop\UNI MARINA\master\TFM\FSD50K_DATA\FSD50K.dev_audio\FSD50K_cough_stage1_only\263935.wav,22.46931972789116,10.0,20.0,10.0,2.469319727891161,fsd50k_cough_two_nonoverlap_10s_max20s,True,52,052_263935_fsdcough_seg_1.wav,,SI,,manual_segment_audit,True,1.0
317439_fsdcough_seg_0,317439,validation,-1,FSD50K_UPLOADER::drkvixn91,C:\Users\Usuario\Desktop\UNI MARINA\master\TFM\FSD50K_DATA\FSD50K.dev_audio\FSD50K_cough_stage1_only\317439.wav,3.647006802721089,0.0,3.647006802721089,3.647006802721089,0.0,fsd50k_cough_full_clip_up_to_10s,False,,,SI,SI,automatic_positive_from_approved_clip_up_to_10s,automatic_original_clip_audit,True,1.0
318079_fsdcough_seg_0,318079,validation,-1,FSD50K_UPLOADER::drkvixn91,C:\Users\Usuario\Desktop\UNI MARINA\master\TFM\FSD50K_DATA\FSD50K.dev_audio\FSD50K_cough_stage1_only\318079.wav,8.841247165532879,0.0,8.841247165532879,8.841247165532879,0.0,fsd50k_cough_full_clip_up_to_10s,False,,,SI,SI,automatic_positive_from_approved_clip_up_to_10s,automatic_original_clip_audit,True,1.0
319363_fsdcough_seg_0,319363,validation,-1,FSD50K_UPLOADER::monosfera,C:\Users\Usuario\Desktop\UNI MARINA\master\TFM\FSD50K_DATA\FSD50K.dev_audio\FSD50K_cough_stage1_only\319363.wav,1.1840136054421768,0.0,1.1840136054421768,1.1840136054421768,0.0,fsd50k_cough_full_clip_up_to_10s,False,,,SI,SI,automatic_positive_from_approved_clip_up_to_10s,automatic_original_clip_audit,True,1.0
326891_fsdcough_seg_0,326891,validation,-1,FSD50K_UPLOADER::11linda,C:\Users\Usuario\Desktop\UNI MARINA\master\TFM\FSD50K_DATA\FSD50K.dev_audio\FSD50K_cough_stage1_only\326891.wav,21.60807256235828,0.0,10.0,10.0,1.6080725623582808,fsd50k_cough_two_nonoverlap_10s_max20s,True,53,053_326891_fsdcough_seg_0.wav,,SI,,manual_segment_audit,True,1.0
326891_fsdcough_seg_1,326891,validation,-1,FSD50K_UPLOADER::11linda,C:\Users\Usuario\Desktop\UNI MARINA\master\TFM\FSD50K_DATA\FSD50K.dev_audio\FSD50K_cough_stage1_only\326891.wav,21.60807256235828,10.0,20.0,10.0,1.6080725623582808,fsd50k_cough_two_nonoverlap_10s_max20s,True,54,054_326891_fsdcough_seg_1.wav,,SI,,manual_segment_audit,True,1.0
337678_fsdcough_seg_0,337678,validation,-1,FSD50K_UPLOADER::grantorino551,C:\Users\Usuario\Desktop\UNI MARINA\master\TFM\FSD50K_DATA\FSD50K.dev_audio\FSD50K_cough_stage1_only\337678.wav,1.1493877551020408,0.0,1.1493877551020408,1.1493877551020408,0.0,fsd50k_cough_full_clip_up_to_10s,False,,,SI,SI,automatic_positive_from_approved_clip_up_to_10s,automatic_original_clip_audit,True,1.0
344632_fsdcough_seg_0,344632,validation,-1,FSD50K_UPLOADER::chubbers1995,C:\Users\Usuario\Desktop\UNI MARINA\master\TFM\FSD50K_DATA\FSD50K.dev_audio\FSD50K_cough_stage1_only\344632.wav,8.194671201814058,0.0,8.194671201814058,8.194671201814058,0.0,fsd50k_cough_full_clip_up_to_10s,False,,,SI,SI,automatic_positive_from_approved_clip_up_to_10s,automatic_original_clip_audit,True,1.0
386210_fsdcough_seg_0,386210,validation,-1,FSD50K_UPLOADER::ldezem,C:\Users\Usuario\Desktop\UNI MARINA\master\TFM\FSD50K_DATA\FSD50K.dev_audio\FSD50K_cough_stage1_only\386210.wav,2.9960997732426304,0.0,2.9960997732426304,2.9960997732426304,0.0,fsd50k_cough_full_clip_up_to_10s,False,,,SI,SI,automatic_positive_from_approved_clip_up_to_10s,automatic_original_clip_audit,True,1.0
432377_fsdcough_seg_0,432377,validation,-1,FSD50K_UPLOADER::sam54123,C:\Users\Usuario\Desktop\UNI MARINA\master\TFM\FSD50K_DATA\FSD50K.dev_audio\FSD50K_cough_stage1_only\432377.wav,18.06086167800453,0.0,10.0,10.0,0.0,fsd50k_cough_two_nonoverlap_10s_max20s,True,55,055_432377_fsdcough_seg_0.wav,,SI,,manual_segment_audit,True,1.0
432377_fsdcough_seg_1,432377,validation,-1,FSD50K_UPLOADER::sam54123,C:\Users\Usuario\Desktop\UNI MARINA\master\TFM\FSD50K_DATA\FSD50K.dev_audio\FSD50K_cough_stage1_only\432377.wav,18.06086167800453,10.0,18.06086167800453,8.060861678004532,0.0,fsd50k_cough_two_nonoverlap_10s_max20s,True,56,056_432377_fsdcough_seg_1.wav,,SI,,manual_segment_audit,True,1.0
87794_fsdcough_seg_0,87794,validation,-1,FSD50K_UPLOADER::aneolus,C:\Users\Usuario\Desktop\UNI MARINA\master\TFM\FSD50K_DATA\FSD50K.dev_audio\FSD50K_cough_stage1_only\87794.wav,4.781859410430839,0.0,4.781859410430839,4.781859410430839,0.0,fsd50k_cough_full_clip_up_to_10s,False,,,SI,SI,automatic_positive_from_approved_clip_up_to_10s,automatic_original_clip_audit,True,1.0
87795_fsdcough_seg_0,87795,validation,-1,FSD50K_UPLOADER::aneolus,C:\Users\Usuario\Desktop\UNI MARINA\master\TFM\FSD50K_DATA\FSD50K.dev_audio\FSD50K_cough_stage1_only\87795.wav,7.745306122448979,0.0,7.745306122448979,7.745306122448979,0.0,fsd50k_cough_full_clip_up_to_10s,False,,,SI,SI,automatic_positive_from_approved_clip_up_to_10s,automatic_original_clip_audit,True,1.0
87797_fsdcough_seg_0,87797,validation,-1,FSD50K_UPLOADER::aneolus,C:\Users\Usuario\Desktop\UNI MARINA\master\TFM\FSD50K_DATA\FSD50K.dev_audio\FSD50K_cough_stage1_only\87797.wav,18.583219954648527,0.0,10.0,10.0,0.0,fsd50k_cough_two_nonoverlap_10s_max20s,True,57,057_87797_fsdcough_seg_0.wav,,SI,,manual_segment_audit,True,1.0
87797_fsdcough_seg_1,87797,validation,-1,FSD50K_UPLOADER::aneolus,C:\Users\Usuario\Desktop\UNI MARINA\master\TFM\FSD50K_DATA\FSD50K.dev_audio\FSD50K_cough_stage1_only\87797.wav,18.583219954648527,10.0,18.583219954648527,8.583219954648527,0.0,fsd50k_cough_two_nonoverlap_10s_max20s,True,58,058_87797_fsdcough_seg_1.wav,,SI,,manual_segment_audit,True,1.0
87798_fsdcough_seg_0,87798,validation,-1,FSD50K_UPLOADER::aneolus,C:\Users\Usuario\Desktop\UNI MARINA\master\TFM\FSD50K_DATA\FSD50K.dev_audio\FSD50K_cough_stage1_only\87798.wav,5.751292517006803,0.0,5.751292517006803,5.751292517006803,0.0,fsd50k_cough_full_clip_up_to_10s,False,,,SI,SI,automatic_positive_from_approved_clip_up_to_10s,automatic_original_clip_audit,True,1.0
87799_fsdcough_seg_0,87799,validation,-1,FSD50K_UPLOADER::aneolus,C:\Users\Usuario\Desktop\UNI MARINA\master\TFM\FSD50K_DATA\FSD50K.dev_audio\FSD50K_cough_stage1_only\87799.wav,12.98140589569161,0.0,10.0,10.0,0.0,fsd50k_cough_two_nonoverlap_10s_max20s,True,59,059_87799_fsdcough_seg_0.wav,,SI,,manual_segment_audit,True,1.0
87799_fsdcough_seg_1,87799,validation,-1,FSD50K_UPLOADER::aneolus,C:\Users\Usuario\Desktop\UNI MARINA\master\TFM\FSD50K_DATA\FSD50K.dev_audio\FSD50K_cough_stage1_only\87799.wav,12.98140589569161,10.0,12.98140589569161,2.9814058956916103,0.0,fsd50k_cough_two_nonoverlap_10s_max20s,True,60,060_87799_fsdcough_seg_1.wav,,SI,,manual_segment_audit,True,1.0
87961_fsdcough_seg_0,87961,validation,-1,FSD50K_UPLOADER::aneolus,C:\Users\Usuario\Desktop\UNI MARINA\master\TFM\FSD50K_DATA\FSD50K.dev_audio\FSD50K_cough_stage1_only\87961.wav,15.151020408163266,0.0,10.0,10.0,0.0,fsd50k_cough_two_nonoverlap_10s_max20s,True,61,061_87961_fsdcough_seg_0.wav,,SI,,manual_segment_audit,True,1.0
87961_fsdcough_seg_1,87961,validation,-1,FSD50K_UPLOADER::aneolus,C:\Users\Usuario\Desktop\UNI MARINA\master\TFM\FSD50K_DATA\FSD50K.dev_audio\FSD50K_cough_stage1_only\87961.wav,15.151020408163266,10.0,15.151020408163266,5.151020408163266,0.0,fsd50k_cough_two_nonoverlap_10s_max20s,True,62,062_87961_fsdcough_seg_1.wav,,SI,,manual_segment_audit,True,1.0
90073_fsdcough_seg_0,90073,validation,-1,FSD50K_UPLOADER::aneolus,C:\Users\Usuario\Desktop\UNI MARINA\master\TFM\FSD50K_DATA\FSD50K.dev_audio\FSD50K_cough_stage1_only\90073.wav,14.848004535147393,0.0,10.0,10.0,0.0,fsd50k_cough_two_nonoverlap_10s_max20s,True,63,063_90073_fsdcough_seg_0.wav,,SI,,manual_segment_audit,True,1.0
90073_fsdcough_seg_1,90073,validation,-1,FSD50K_UPLOADER::aneolus,C:\Users\Usuario\Desktop\UNI MARINA\master\TFM\FSD50K_DATA\FSD50K.dev_audio\FSD50K_cough_stage1_only\90073.wav,14.848004535147393,10.0,14.848004535147393,4.848004535147393,0.0,fsd50k_cough_two_nonoverlap_10s_max20s,True,64,064_90073_fsdcough_seg_1.wav,,NO,,manual_segment_audit,True,0.0
120213_fsdcough_seg_0,120213,test,-1,FSD50K_UPLOADER::sportygurl37,C:\Users\Usuario\Desktop\UNI MARINA\master\TFM\FSD50K_DATA\FSD50K.dev_audio\FSD50K_cough_stage1_only\120213.wav,29.866666666666667,0.0,10.0,10.0,9.866666666666667,fsd50k_cough_two_nonoverlap_10s_max20s,True,65,065_120213_fsdcough_seg_0.wav,,SI,,manual_segment_audit,True,1.0
120213_fsdcough_seg_1,120213,test,-1,FSD50K_UPLOADER::sportygurl37,C:\Users\Usuario\Desktop\UNI MARINA\master\TFM\FSD50K_DATA\FSD50K.dev_audio\FSD50K_cough_stage1_only\120213.wav,29.866666666666667,10.0,20.0,10.0,9.866666666666667,fsd50k_cough_two_nonoverlap_10s_max20s,True,66,066_120213_fsdcough_seg_1.wav,,NO,,manual_segment_audit,True,0.0
125418_fsdcough_seg_0,125418,test,-1,FSD50K_UPLOADER::jyoung20,C:\Users\Usuario\Desktop\UNI MARINA\master\TFM\FSD50K_DATA\FSD50K.dev_audio\FSD50K_cough_stage1_only\125418.wav,3.705056689342404,0.0,3.705056689342404,3.705056689342404,0.0,fsd50k_cough_full_clip_up_to_10s,False,,,SI,SI,automatic_positive_from_approved_clip_up_to_10s,automatic_original_clip_audit,True,1.0
154434_fsdcough_seg_0,154434,test,-1,FSD50K_UPLOADER::ecfike,C:\Users\Usuario\Desktop\UNI MARINA\master\TFM\FSD50K_DATA\FSD50K.dev_audio\FSD50K_cough_stage1_only\154434.wav,0.3811111111111111,0.0,0.3811111111111111,0.3811111111111111,0.0,fsd50k_cough_full_clip_up_to_10s,False,,,SI,SI,automatic_positive_from_approved_clip_up_to_10s,automatic_original_clip_audit,True,1.0
154443_fsdcough_seg_0,154443,test,-1,FSD50K_UPLOADER::ecfike,C:\Users\Usuario\Desktop\UNI MARINA\master\TFM\FSD50K_DATA\FSD50K.dev_audio\FSD50K_cough_stage1_only\154443.wav,0.9527664399092972,0.0,0.9527664399092972,0.9527664399092972,0.0,fsd50k_cough_full_clip_up_to_10s,False,,,SI,SI,automatic_positive_from_approved_clip_up_to_10s,automatic_original_clip_audit,True,1.0
154444_fsdcough_seg_0,154444,test,-1,FSD50K_UPLOADER::ecfike,C:\Users\Usuario\Desktop\UNI MARINA\master\TFM\FSD50K_DATA\FSD50K.dev_audio\FSD50K_cough_stage1_only\154444.wav,1.947891156462585,0.0,1.947891156462585,1.947891156462585,0.0,fsd50k_cough_full_clip_up_to_10s,False,,,SI,SI,automatic_positive_from_approved_clip_up_to_10s,automatic_original_clip_audit,True,1.0
201733_fsdcough_seg_0,201733,test,-1,FSD50K_UPLOADER::univ_lyon3,C:\Users\Usuario\Desktop\UNI MARINA\master\TFM\FSD50K_DATA\FSD50K.dev_audio\FSD50K_cough_stage1_only\201733.wav,3.67641723356009,0.0,3.67641723356009,3.67641723356009,0.0,fsd50k_cough_full_clip_up_to_10s,False,,,SI,SI,automatic_positive_from_approved_clip_up_to_10s,automatic_original_clip_audit,True,1.0
218306_fsdcough_seg_0,218306,test,-1,FSD50K_UPLOADER::splicesound,C:\Users\Usuario\Desktop\UNI MARINA\master\TFM\FSD50K_DATA\FSD50K.dev_audio\FSD50K_cough_stage1_only\218306.wav,18.090680272108845,0.0,10.0,10.0,0.0,fsd50k_cough_two_nonoverlap_10s_max20s,True,67,067_218306_fsdcough_seg_0.wav,,SI,,manual_segment_audit,True,1.0
218306_fsdcough_seg_1,218306,test,-1,FSD50K_UPLOADER::splicesound,C:\Users\Usuario\Desktop\UNI MARINA\master\TFM\FSD50K_DATA\FSD50K.dev_audio\FSD50K_cough_stage1_only\218306.wav,18.090680272108845,10.0,18.090680272108845,8.090680272108845,0.0,fsd50k_cough_two_nonoverlap_10s_max20s,True,68,068_218306_fsdcough_seg_1.wav,,NO,,manual_segment_audit,True,0.0
30830_fsdcough_seg_0,30830,test,-1,FSD50K_UPLOADER::jollysea,C:\Users\Usuario\Desktop\UNI MARINA\master\TFM\FSD50K_DATA\FSD50K.dev_audio\FSD50K_cough_stage1_only\30830.wav,2.716734693877551,0.0,2.716734693877551,2.716734693877551,0.0,fsd50k_cough_full_clip_up_to_10s,False,,,SI,SI,automatic_positive_from_approved_clip_up_to_10s,automatic_original_clip_audit,True,1.0
331052_fsdcough_seg_0,331052,test,-1,FSD50K_UPLOADER::n_audioman,C:\Users\Usuario\Desktop\UNI MARINA\master\TFM\FSD50K_DATA\FSD50K.dev_audio\FSD50K_cough_stage1_only\331052.wav,1.323560090702948,0.0,1.323560090702948,1.323560090702948,0.0,fsd50k_cough_full_clip_up_to_10s,False,,,SI,SI,automatic_positive_from_approved_clip_up_to_10s,automatic_original_clip_audit,True,1.0
331056_fsdcough_seg_0,331056,test,-1,FSD50K_UPLOADER::n_audioman,C:\Users\Usuario\Desktop\UNI MARINA\master\TFM\FSD50K_DATA\FSD50K.dev_audio\FSD50K_cough_stage1_only\331056.wav,1.3493877551020408,0.0,1.3493877551020408,1.3493877551020408,0.0,fsd50k_cough_full_clip_up_to_10s,False,,,SI,SI,automatic_positive_from_approved_clip_up_to_10s,automatic_original_clip_audit,True,1.0
331057_fsdcough_seg_0,331057,test,-1,FSD50K_UPLOADER::n_audioman,C:\Users\Usuario\Desktop\UNI MARINA\master\TFM\FSD50K_DATA\FSD50K.dev_audio\FSD50K_cough_stage1_only\331057.wav,1.8838548752834468,0.0,1.8838548752834468,1.8838548752834468,0.0,fsd50k_cough_full_clip_up_to_10s,False,,,SI,SI,automatic_positive_from_approved_clip_up_to_10s,automatic_original_clip_audit,True,1.0
331058_fsdcough_seg_0,331058,test,-1,FSD50K_UPLOADER::n_audioman,C:\Users\Usuario\Desktop\UNI MARINA\master\TFM\FSD50K_DATA\FSD50K.dev_audio\FSD50K_cough_stage1_only\331058.wav,1.2475056689342403,0.0,1.2475056689342403,1.2475056689342403,0.0,fsd50k_cough_full_clip_up_to_10s,False,,,SI,SI,automatic_positive_from_approved_clip_up_to_10s,automatic_original_clip_audit,True,1.0
331059_fsdcough_seg_0,331059,test,-1,FSD50K_UPLOADER::n_audioman,C:\Users\Usuario\Desktop\UNI MARINA\master\TFM\FSD50K_DATA\FSD50K.dev_audio\FSD50K_cough_stage1_only\331059.wav,1.2475056689342403,0.0,1.2475056689342403,1.2475056689342403,0.0,fsd50k_cough_full_clip_up_to_10s,False,,,SI,SI,automatic_positive_from_approved_clip_up_to_10s,automatic_original_clip_audit,True,1.0
331060_fsdcough_seg_0,331060,test,-1,FSD50K_UPLOADER::n_audioman,C:\Users\Usuario\Desktop\UNI MARINA\master\TFM\FSD50K_DATA\FSD50K.dev_audio\FSD50K_cough_stage1_only\331060.wav,0.8700907029478459,0.0,0.8700907029478459,0.8700907029478459,0.0,fsd50k_cough_full_clip_up_to_10s,False,,,SI,SI,automatic_positive_from_approved_clip_up_to_10s,automatic_original_clip_audit,True,1.0
331061_fsdcough_seg_0,331061,test,-1,FSD50K_UPLOADER::n_audioman,C:\Users\Usuario\Desktop\UNI MARINA\master\TFM\FSD50K_DATA\FSD50K.dev_audio\FSD50K_cough_stage1_only\331061.wav,1.2007709750566893,0.0,1.2007709750566893,1.2007709750566893,0.0,fsd50k_cough_full_clip_up_to_10s,False,,,SI,SI,automatic_positive_from_approved_clip_up_to_10s,automatic_original_clip_audit,True,1.0
331063_fsdcough_seg_0,331063,test,-1,FSD50K_UPLOADER::n_audioman,C:\Users\Usuario\Desktop\UNI MARINA\master\TFM\FSD50K_DATA\FSD50K.dev_audio\FSD50K_cough_stage1_only\331063.wav,1.882312925170068,0.0,1.882312925170068,1.882312925170068,0.0,fsd50k_cough_full_clip_up_to_10s,False,,,SI,SI,automatic_positive_from_approved_clip_up_to_10s,automatic_original_clip_audit,True,1.0
331064_fsdcough_seg_0,331064,test,-1,FSD50K_UPLOADER::n_audioman,C:\Users\Usuario\Desktop\UNI MARINA\master\TFM\FSD50K_DATA\FSD50K.dev_audio\FSD50K_cough_stage1_only\331064.wav,1.0151473922902494,0.0,1.0151473922902494,1.0151473922902494,0.0,fsd50k_cough_full_clip_up_to_10s,False,,,SI,SI,automatic_positive_from_approved_clip_up_to_10s,automatic_original_clip_audit,True,1.0
331065_fsdcough_seg_0,331065,test,-1,FSD50K_UPLOADER::n_audioman,C:\Users\Usuario\Desktop\UNI MARINA\master\TFM\FSD50K_DATA\FSD50K.dev_audio\FSD50K_cough_stage1_only\331065.wav,1.001111111111111,0.0,1.001111111111111,1.001111111111111,0.0,fsd50k_cough_full_clip_up_to_10s,False,,,SI,SI,automatic_positive_from_approved_clip_up_to_10s,automatic_original_clip_audit,True,1.0
331068_fsdcough_seg_0,331068,test,-1,FSD50K_UPLOADER::n_audioman,C:\Users\Usuario\Desktop\UNI MARINA\master\TFM\FSD50K_DATA\FSD50K.dev_audio\FSD50K_cough_stage1_only\331068.wav,1.4128344671201811,0.0,1.4128344671201811,1.4128344671201811,0.0,fsd50k_cough_full_clip_up_to_10s,False,,,SI,SI,automatic_positive_from_approved_clip_up_to_10s,automatic_original_clip_audit,True,1.0
332989_fsdcough_seg_0,332989,test,-1,FSD50K_UPLOADER::michael_kur95,C:\Users\Usuario\Desktop\UNI MARINA\master\TFM\FSD50K_DATA\FSD50K.dev_audio\FSD50K_cough_stage1_only\332989.wav,0.7912925170068027,0.0,0.7912925170068027,0.7912925170068027,0.0,fsd50k_cough_full_clip_up_to_10s,False,,,SI,SI,automatic_positive_from_approved_clip_up_to_10s,automatic_original_clip_audit,True,1.0
334154_fsdcough_seg_0,334154,test,-1,FSD50K_UPLOADER::oddmonolithsound,C:\Users\Usuario\Desktop\UNI MARINA\master\TFM\FSD50K_DATA\FSD50K.dev_audio\FSD50K_cough_stage1_only\334154.wav,4.237641723356009,0.0,4.237641723356009,4.237641723356009,0.0,fsd50k_cough_full_clip_up_to_10s,False,,,SI,SI,automatic_positive_from_approved_clip_up_to_10s,automatic_original_clip_audit,True,1.0
336529_fsdcough_seg_0,336529,test,-1,FSD50K_UPLOADER::chrillz3r,C:\Users\Usuario\Desktop\UNI MARINA\master\TFM\FSD50K_DATA\FSD50K.dev_audio\FSD50K_cough_stage1_only\336529.wav,8.999229024943311,0.0,8.999229024943311,8.999229024943311,0.0,fsd50k_cough_full_clip_up_to_10s,False,,,SI,SI,automatic_positive_from_approved_clip_up_to_10s,automatic_original_clip_audit,True,1.0
353649_fsdcough_seg_0,353649,test,-1,FSD50K_UPLOADER::soundatadm,C:\Users\Usuario\Desktop\UNI MARINA\master\TFM\FSD50K_DATA\FSD50K.dev_audio\FSD50K_cough_stage1_only\353649.wav,5.465147392290249,0.0,5.465147392290249,5.465147392290249,0.0,fsd50k_cough_full_clip_up_to_10s,False,,,SI,SI,automatic_positive_from_approved_clip_up_to_10s,automatic_original_clip_audit,True,1.0
365476_fsdcough_seg_0,365476,test,-1,FSD50K_UPLOADER::caitlin_100,C:\Users\Usuario\Desktop\UNI MARINA\master\TFM\FSD50K_DATA\FSD50K.dev_audio\FSD50K_cough_stage1_only\365476.wav,3.9706122448979593,0.0,3.9706122448979593,3.9706122448979593,0.0,fsd50k_cough_full_clip_up_to_10s,False,,,SI,SI,automatic_positive_from_approved_clip_up_to_10s,automatic_original_clip_audit,True,1.0
432193_fsdcough_seg_0,432193,test,-1,FSD50K_UPLOADER::pringlescan,C:\Users\Usuario\Desktop\UNI MARINA\master\TFM\FSD50K_DATA\FSD50K.dev_audio\FSD50K_cough_stage1_only\432193.wav,5.688888888888889,0.0,5.688888888888889,5.688888888888889,0.0,fsd50k_cough_full_clip_up_to_10s,False,,,SI,SI,automatic_positive_from_approved_clip_up_to_10s,automatic_original_clip_audit,True,1.0
