fname,source_archive_member,destination_path,file_size_bytes,sha256,sample_rate,channels,subtype,frames,duration_seconds,extraction_status
102539,FSD50K.dev_audio\102539.wav,C:\Users\Usuario\Desktop\UNI MARINA\master\TFM\FSD50K_DATA\FSD50K.dev_audio\FSD50K_cough_stage1_only\102539.wav,842350,368f31100b50053c17f58b6373ad5951ef75d98aef76794839033f52705a9c8f,44100,1,PCM_16,421136,9.549569160997732,extracted_and_validated
109638,FSD50K.dev_audio\109638.wav,C:\Users\Usuario\Desktop\UNI MARINA\master\TFM\FSD50K_DATA\FSD50K.dev_audio\FSD50K_cough_stage1_only\109638.wav,379704,9dce177cd4a7f012a05442795a60eb577050a0d4ca3cd6af3c4b1a9a7a5f5bf8,44100,1,PCM_16,189813,4.3041496598639455,extracted_and_validated
109639,FSD50K.dev_audio\109639.wav,C:\Users\Usuario\Desktop\UNI MARINA\master\TFM\FSD50K_DATA\FSD50K.dev_audio\FSD50K_cough_stage1_only\109639.wav,277202,99df6cafbb6aa0d6afe5ad68895bff43c32bd95ddc4cdbb3858b95af2f50bd9b,44100,1,PCM_16,138562,3.1419954648526076,extracted_and_validated
109640,FSD50K.dev_audio\109640.wav,C:\Users\Usuario\Desktop\UNI MARINA\master\TFM\FSD50K_DATA\FSD50K.dev_audio\FSD50K_cough_stage1_only\109640.wav,427268,c9e7f19b892d44eb705abf55a8dfcbe5ec4488a6b858c383ae196330d9ebbd08,44100,1,PCM_16,213595,4.84342403628118,extracted_and_validated
120213,FSD50K.dev_audio\120213.wav,C:\Users\Usuario\Desktop\UNI MARINA\master\TFM\FSD50K_DATA\FSD50K.dev_audio\FSD50K_cough_stage1_only\120213.wav,2634318,85d589799861027e648eda24098479745d281ab2b4aee00eee081e9cfdb8c21f,44100,1,PCM_16,1317120,29.866666666666667,extracted_and_validated
125418,FSD50K.dev_audio\125418.wav,C:\Users\Usuario\Desktop\UNI MARINA\master\TFM\FSD50K_DATA\FSD50K.dev_audio\FSD50K_cough_stage1_only\125418.wav,326864,2d4515e0466f8041ebe50b2ab9a1eea4b60714131f6fe9d4fcb211cff1b20708,44100,1,PCM_16,163393,3.7050566893424035,extracted_and_validated
132601,FSD50K.dev_audio\132601.wav,C:\Users\Usuario\Desktop\UNI MARINA\master\TFM\FSD50K_DATA\FSD50K.dev_audio\FSD50K_cough_stage1_only\132601.wav,129756,00925dc85b6f4eface697f95fd4e5fabaa836b51e6523b217aeef9f404e162ae,44100,1,PCM_16,64839,1.4702721088435373,extracted_and_validated
142603,FSD50K.dev_audio\142603.wav,C:\Users\Usuario\Desktop\UNI MARINA\master\TFM\FSD50K_DATA\FSD50K.dev_audio\FSD50K_cough_stage1_only\142603.wav,207526,127b3c4eb813bbb4a37c9d281c70148b1699c04ec0ad4e706a1e8b23d34c4107,44100,1,PCM_16,103724,2.352018140589569,extracted_and_validated
142604,FSD50K.dev_audio\142604.wav,C:\Users\Usuario\Desktop\UNI MARINA\master\TFM\FSD50K_DATA\FSD50K.dev_audio\FSD50K_cough_stage1_only\142604.wav,637236,c98c7426ed4607eda19f2c461f1f1dba074e6e33b87227263cf30611c0ef29c9,44100,1,PCM_16,318579,7.224013605442177,extracted_and_validated
144254,FSD50K.dev_audio\144254.wav,C:\Users\Usuario\Desktop\UNI MARINA\master\TFM\FSD50K_DATA\FSD50K.dev_audio\FSD50K_cough_stage1_only\144254.wav,221262,0299ea42690af9703e81dcab8c36ccf0429254a2be6c82a4708393a6f2d22231,44100,1,PCM_16,110592,2.507755102040816,extracted_and_validated
145487,FSD50K.dev_audio\145487.wav,C:\Users\Usuario\Desktop\UNI MARINA\master\TFM\FSD50K_DATA\FSD50K.dev_audio\FSD50K_cough_stage1_only\145487.wav,62642,93a90d2cd5e4c0a77ac08cff1b3e38520fe8d78acc74bbc3b5d5780ab69ef50e,44100,1,PCM_16,31282,0.709342403628118,extracted_and_validated
148205,FSD50K.dev_audio\148205.wav,C:\Users\Usuario\Desktop\UNI MARINA\master\TFM\FSD50K_DATA\FSD50K.dev_audio\FSD50K_cough_stage1_only\148205.wav,197038,ef7b087d0a2745ff25a867ae00a4e7450bd52cfc8e1cdf85cee892d671797174,44100,1,PCM_16,98480,2.2331065759637188,extracted_and_validated
148212,FSD50K.dev_audio\148212.wav,C:\Users\Usuario\Desktop\UNI MARINA\master\TFM\FSD50K_DATA\FSD50K.dev_audio\FSD50K_cough_stage1_only\148212.wav,373222,c75a93c71cf2426139db2002168d87578a1436bdb830a03913f531375bd68925,44100,1,PCM_16,186572,4.230657596371882,extracted_and_validated
148224,FSD50K.dev_audio\148224.wav,C:\Users\Usuario\Desktop\UNI MARINA\master\TFM\FSD50K_DATA\FSD50K.dev_audio\FSD50K_cough_stage1_only\148224.wav,96716,f820a25aba4000e0fde922c97f73ad62896529acb806ed80a983d3689c9abbe5,44100,1,PCM_16,48319,1.0956689342403627,extracted_and_validated
148225,FSD50K.dev_audio\148225.wav,C:\Users\Usuario\Desktop\UNI MARINA\master\TFM\FSD50K_DATA\FSD50K.dev_audio\FSD50K_cough_stage1_only\148225.wav,79872,6b54c3a891bd1e07ea1c90a2ec35a14f30c7e7eb0b75da4fdd2faa4b6b7a975e,44100,1,PCM_16,39897,0.9046938775510204,extracted_and_validated
148310,FSD50K.dev_audio\148310.wav,C:\Users\Usuario\Desktop\UNI MARINA\master\TFM\FSD50K_DATA\FSD50K.dev_audio\FSD50K_cough_stage1_only\148310.wav,642174,3126d40b98b2e47ad21de4eb7881ce9884863a068fd9ec6fb271e8c36666655e,44100,1,PCM_16,321048,7.28,extracted_and_validated
149042,FSD50K.dev_audio\149042.wav,C:\Users\Usuario\Desktop\UNI MARINA\master\TFM\FSD50K_DATA\FSD50K.dev_audio\FSD50K_cough_stage1_only\149042.wav,178390,e1a374fe0fc92954399525413e601d36aadd7cc0b5794e4e1fac8bfa1683b9b7,44100,1,PCM_16,89156,2.0216780045351475,extracted_and_validated
149043,FSD50K.dev_audio\149043.wav,C:\Users\Usuario\Desktop\UNI MARINA\master\TFM\FSD50K_DATA\FSD50K.dev_audio\FSD50K_cough_stage1_only\149043.wav,250672,a75d68df725ae622ba408c78a5bd9b52643c6a7843f2245a15694e5440c37a91,44100,1,PCM_16,125297,2.841201814058957,extracted_and_validated
151212,FSD50K.dev_audio\151212.wav,C:\Users\Usuario\Desktop\UNI MARINA\master\TFM\FSD50K_DATA\FSD50K.dev_audio\FSD50K_cough_stage1_only\151212.wav,142372,04aa72f194b69d8339fe845febbd74a5e2143d7ac0af2d0773e9050c107a67e7,44100,1,PCM_16,71147,1.6133106575963718,extracted_and_validated
151213,FSD50K.dev_audio\151213.wav,C:\Users\Usuario\Desktop\UNI MARINA\master\TFM\FSD50K_DATA\FSD50K.dev_audio\FSD50K_cough_stage1_only\151213.wav,98400,a9f9105747f39b3e54cf2db3859a1d075b42c66722117c550e3be04bbcd4a194,44100,1,PCM_16,49161,1.1147619047619048,extracted_and_validated
151217,FSD50K.dev_audio\151217.wav,C:\Users\Usuario\Desktop\UNI MARINA\master\TFM\FSD50K_DATA\FSD50K.dev_audio\FSD50K_cough_stage1_only\151217.wav,79318,532812cc8e4d3b2ba6ff2fc5f4761f9cf729f6b3161c414cfd7337324716df41,44100,1,PCM_16,39620,0.8984126984126984,extracted_and_validated
151921,FSD50K.dev_audio\151921.wav,C:\Users\Usuario\Desktop\UNI MARINA\master\TFM\FSD50K_DATA\FSD50K.dev_audio\FSD50K_cough_stage1_only\151921.wav,82656,3b4244d1158aacd875a4f07eae640b9f2da7487e7d752d0996378abea23dd0e2,44100,1,PCM_16,41289,0.9362585034013605,extracted_and_validated
154434,FSD50K.dev_audio\154434.wav,C:\Users\Usuario\Desktop\UNI MARINA\master\TFM\FSD50K_DATA\FSD50K.dev_audio\FSD50K_cough_stage1_only\154434.wav,33692,9dabe2c10f16298e06da5b57c860090a3f229b23bd43090b0153275eac26f311,44100,1,PCM_16,16807,0.3811111111111111,extracted_and_validated
154443,FSD50K.dev_audio\154443.wav,C:\Users\Usuario\Desktop\UNI MARINA\master\TFM\FSD50K_DATA\FSD50K.dev_audio\FSD50K_cough_stage1_only\154443.wav,84112,4899feb5bdc16d022728d875339c462d71f0f6044fe5c76057834d26f3abc529,44100,1,PCM_16,42017,0.9527664399092971,extracted_and_validated
154444,FSD50K.dev_audio\154444.wav,C:\Users\Usuario\Desktop\UNI MARINA\master\TFM\FSD50K_DATA\FSD50K.dev_audio\FSD50K_cough_stage1_only\154444.wav,171882,faecf79a3d8a12793de843773ef2a2a4710295c2fc520cf4499ebfd67a001d80,44100,1,PCM_16,85902,1.947891156462585,extracted_and_validated
155904,FSD50K.dev_audio\155904.wav,C:\Users\Usuario\Desktop\UNI MARINA\master\TFM\FSD50K_DATA\FSD50K.dev_audio\FSD50K_cough_stage1_only\155904.wav,650844,1e642ed8e094f0a4fc29d7e9d7777319ad522db421aa923f2b870e0feb016af5,44100,1,PCM_16,325383,7.378299319727891,extracted_and_validated
155905,FSD50K.dev_audio\155905.wav,C:\Users\Usuario\Desktop\UNI MARINA\master\TFM\FSD50K_DATA\FSD50K.dev_audio\FSD50K_cough_stage1_only\155905.wav,186136,e6caa04e71f621c7363741051127a323f6401225a851c2945c005abbe9bf3bcb,44100,1,PCM_16,93029,2.109501133786848,extracted_and_validated
157293,FSD50K.dev_audio\157293.wav,C:\Users\Usuario\Desktop\UNI MARINA\master\TFM\FSD50K_DATA\FSD50K.dev_audio\FSD50K_cough_stage1_only\157293.wav,467022,6ae998e16037d175c3319bac7b6cf54dc898bc8c600f3d642da3900b57c3b96f,44100,1,PCM_16,233472,5.294149659863946,extracted_and_validated
157296,FSD50K.dev_audio\157296.wav,C:\Users\Usuario\Desktop\UNI MARINA\master\TFM\FSD50K_DATA\FSD50K.dev_audio\FSD50K_cough_stage1_only\157296.wav,599150,ffa52b44c833779bc8168ae5b8e557faf029719e1e162fea11f456ebedc3e74a,44100,1,PCM_16,299536,6.792199546485261,extracted_and_validated
169726,FSD50K.dev_audio\169726.wav,C:\Users\Usuario\Desktop\UNI MARINA\master\TFM\FSD50K_DATA\FSD50K.dev_audio\FSD50K_cough_stage1_only\169726.wav,110580,db8fb324d3a6388c64890053a9ce74690adaa7f98a9709c61c8428d17a24314a,44100,1,PCM_16,55251,1.252857142857143,extracted_and_validated
171396,FSD50K.dev_audio\171396.wav,C:\Users\Usuario\Desktop\UNI MARINA\master\TFM\FSD50K_DATA\FSD50K.dev_audio\FSD50K_cough_stage1_only\171396.wav,1256930,1ad1ef0b8c7b0f846d581222679fd80070385d8527c4d633dfee46627a90ee5d,44100,1,PCM_16,628426,14.250022675736961,extracted_and_validated
171542,FSD50K.dev_audio\171542.wav,C:\Users\Usuario\Desktop\UNI MARINA\master\TFM\FSD50K_DATA\FSD50K.dev_audio\FSD50K_cough_stage1_only\171542.wav,1944654,a75777512289f332c687d2c0dd54de400a54449e12a19030861317cac37e082c,44100,1,PCM_16,972288,22.04734693877551,extracted_and_validated
17167,FSD50K.dev_audio\17167.wav,C:\Users\Usuario\Desktop\UNI MARINA\master\TFM\FSD50K_DATA\FSD50K.dev_audio\FSD50K_cough_stage1_only\17167.wav,132556,422399a213ffd29c244fe4d2d60e0e1e7ad12fa6580befcf902b52301c112592,44100,1,PCM_16,66239,1.5020181405895692,extracted_and_validated
17168,FSD50K.dev_audio\17168.wav,C:\Users\Usuario\Desktop\UNI MARINA\master\TFM\FSD50K_DATA\FSD50K.dev_audio\FSD50K_cough_stage1_only\17168.wav,66114,8abdc68583ebafadfef6563d45494fdf052eabe253d590054528ea5fbce51d65,44100,1,PCM_16,33018,0.7487074829931972,extracted_and_validated
177835,FSD50K.dev_audio\177835.wav,C:\Users\Usuario\Desktop\UNI MARINA\master\TFM\FSD50K_DATA\FSD50K.dev_audio\FSD50K_cough_stage1_only\177835.wav,1206368,956dc5a9dc3155a2d9d40cc278e644f1e0c5ef6089ce208831eb5df4eea1429d,44100,1,PCM_16,603145,13.676757369614512,extracted_and_validated
178997,FSD50K.dev_audio\178997.wav,C:\Users\Usuario\Desktop\UNI MARINA\master\TFM\FSD50K_DATA\FSD50K.dev_audio\FSD50K_cough_stage1_only\178997.wav,494670,74e854a1edf83a8526d8ac832f91b6f2adcdda5cfa1299628710a3e42a135836,44100,1,PCM_16,247296,5.607619047619048,extracted_and_validated
180036,FSD50K.dev_audio\180036.wav,C:\Users\Usuario\Desktop\UNI MARINA\master\TFM\FSD50K_DATA\FSD50K.dev_audio\FSD50K_cough_stage1_only\180036.wav,1597352,14929e213ff6dc2494607f72f8a5d4530a3bcd3a67bd44bcf413fbfee0181b3c,44100,1,PCM_16,798637,18.109682539682538,extracted_and_validated
180037,FSD50K.dev_audio\180037.wav,C:\Users\Usuario\Desktop\UNI MARINA\master\TFM\FSD50K_DATA\FSD50K.dev_audio\FSD50K_cough_stage1_only\180037.wav,1994290,4393b9eaef74402f6afcaf3d822fc820dfcf7991c28f5458566970127a463ef3,44100,1,PCM_16,997106,22.610113378684808,extracted_and_validated
180040,FSD50K.dev_audio\180040.wav,C:\Users\Usuario\Desktop\UNI MARINA\master\TFM\FSD50K_DATA\FSD50K.dev_audio\FSD50K_cough_stage1_only\180040.wav,508158,be6d0e9e09de4cdd42b44559225694a9ed4dd2702681c184a4078a4ecc1a1173,44100,1,PCM_16,254040,5.760544217687075,extracted_and_validated
180041,FSD50K.dev_audio\180041.wav,C:\Users\Usuario\Desktop\UNI MARINA\master\TFM\FSD50K_DATA\FSD50K.dev_audio\FSD50K_cough_stage1_only\180041.wav,1525646,97ecd59bc60811cc4b34c6cf7abccdf1ec9f45ed7cd61b896f45ab4366d3c263,44100,1,PCM_16,762784,17.296689342403628,extracted_and_validated
180042,FSD50K.dev_audio\180042.wav,C:\Users\Usuario\Desktop\UNI MARINA\master\TFM\FSD50K_DATA\FSD50K.dev_audio\FSD50K_cough_stage1_only\180042.wav,1970350,3ef32e80e46b800831b6f9df589c8012565034828d9e47182a05c799c3a1a8b6,44100,1,PCM_16,985136,22.338684807256236,extracted_and_validated
180043,FSD50K.dev_audio\180043.wav,C:\Users\Usuario\Desktop\UNI MARINA\master\TFM\FSD50K_DATA\FSD50K.dev_audio\FSD50K_cough_stage1_only\180043.wav,2518246,def87b5b5c28a28ac23d119f1b362233e6f88ec1a2b430c5477617f21f605263,44100,1,PCM_16,1259084,28.55065759637188,extracted_and_validated
180044,FSD50K.dev_audio\180044.wav,C:\Users\Usuario\Desktop\UNI MARINA\master\TFM\FSD50K_DATA\FSD50K.dev_audio\FSD50K_cough_stage1_only\180044.wav,2416630,3c8bb7ff783c7bfc61337be7ed1ad800b130b552f7854f902880cc6840ee44b1,44100,1,PCM_16,1208276,27.39854875283447,extracted_and_validated
180045,FSD50K.dev_audio\180045.wav,C:\Users\Usuario\Desktop\UNI MARINA\master\TFM\FSD50K_DATA\FSD50K.dev_audio\FSD50K_cough_stage1_only\180045.wav,463700,565449f2ded8dd46719a575c4e51d3f77df7b1c78d8d45538ccf94ac2cde3a6f,44100,1,PCM_16,231811,5.256485260770975,extracted_and_validated
180046,FSD50K.dev_audio\180046.wav,C:\Users\Usuario\Desktop\UNI MARINA\master\TFM\FSD50K_DATA\FSD50K.dev_audio\FSD50K_cough_stage1_only\180046.wav,2575404,a3afba7c654acf720ca839604e424c258fd2e4ad190e34d9ff18a41a8cbe5993,44100,1,PCM_16,1287663,29.198707482993196,extracted_and_validated
184871,FSD50K.dev_audio\184871.wav,C:\Users\Usuario\Desktop\UNI MARINA\master\TFM\FSD50K_DATA\FSD50K.dev_audio\FSD50K_cough_stage1_only\184871.wav,1116422,511a8d863a6348ab5f9b859c2a722d3f5f9b2e34e518fb1ea255ae6f8094e981,44100,1,PCM_16,558172,12.656961451247165,extracted_and_validated
19111,FSD50K.dev_audio\19111.wav,C:\Users\Usuario\Desktop\UNI MARINA\master\TFM\FSD50K_DATA\FSD50K.dev_audio\FSD50K_cough_stage1_only\19111.wav,75582,adb253d05ed9f860937ddd50bd9d163994009b28c5e6717068e3dc0dda03e7bf,44100,1,PCM_16,37752,0.8560544217687075,extracted_and_validated
19112,FSD50K.dev_audio\19112.wav,C:\Users\Usuario\Desktop\UNI MARINA\master\TFM\FSD50K_DATA\FSD50K.dev_audio\FSD50K_cough_stage1_only\19112.wav,105806,c67a399bd14204e430b9e9191640399936715fb6eb0bd656d573a508c3ce3980,44100,1,PCM_16,52864,1.1987301587301586,extracted_and_validated
19113,FSD50K.dev_audio\19113.wav,C:\Users\Usuario\Desktop\UNI MARINA\master\TFM\FSD50K_DATA\FSD50K.dev_audio\FSD50K_cough_stage1_only\19113.wav,214854,d9b09d0061595075e011d1315ec74272ca8a9c40ada18651798d8a691122434e,44100,1,PCM_16,107388,2.4351020408163264,extracted_and_validated
19114,FSD50K.dev_audio\19114.wav,C:\Users\Usuario\Desktop\UNI MARINA\master\TFM\FSD50K_DATA\FSD50K.dev_audio\FSD50K_cough_stage1_only\19114.wav,137202,21d5ca7097f76c87f7a8ef3a35bf38757a5453086ba958aff04aa5af1ce484aa,44100,1,PCM_16,68562,1.5546938775510204,extracted_and_validated
19115,FSD50K.dev_audio\19115.wav,C:\Users\Usuario\Desktop\UNI MARINA\master\TFM\FSD50K_DATA\FSD50K.dev_audio\FSD50K_cough_stage1_only\19115.wav,125838,70a775984529d7336f79303edc0eb9d9a732c19e6107806dcea80ae8547c942d,44100,1,PCM_16,62880,1.4258503401360545,extracted_and_validated
19116,FSD50K.dev_audio\19116.wav,C:\Users\Usuario\Desktop\UNI MARINA\master\TFM\FSD50K_DATA\FSD50K.dev_audio\FSD50K_cough_stage1_only\19116.wav,51710,9264d1e6036e2b5f71136a119d01232d8a8a95d661dff2731de2496ad6b8bf77,44100,1,PCM_16,25816,0.5853968253968254,extracted_and_validated
19117,FSD50K.dev_audio\19117.wav,C:\Users\Usuario\Desktop\UNI MARINA\master\TFM\FSD50K_DATA\FSD50K.dev_audio\FSD50K_cough_stage1_only\19117.wav,65486,556b8db74499baf487cf2faf86234a0823bd5659bfa0f26a2ff94f8a1a6399b9,44100,1,PCM_16,32704,0.7415873015873016,extracted_and_validated
19118,FSD50K.dev_audio\19118.wav,C:\Users\Usuario\Desktop\UNI MARINA\master\TFM\FSD50K_DATA\FSD50K.dev_audio\FSD50K_cough_stage1_only\19118.wav,96902,5b7a7cd1d58118d94f1a3f07fda946d0d35e87b273377f107fe5f5dfc37bd07e,44100,1,PCM_16,48412,1.0977777777777777,extracted_and_validated
19119,FSD50K.dev_audio\19119.wav,C:\Users\Usuario\Desktop\UNI MARINA\master\TFM\FSD50K_DATA\FSD50K.dev_audio\FSD50K_cough_stage1_only\19119.wav,72458,d222ff282abdc5a3360f89b8eeea4763f1456a657708da06e1e84d55a9a16037,44100,1,PCM_16,36190,0.8206349206349206,extracted_and_validated
19120,FSD50K.dev_audio\19120.wav,C:\Users\Usuario\Desktop\UNI MARINA\master\TFM\FSD50K_DATA\FSD50K.dev_audio\FSD50K_cough_stage1_only\19120.wav,101382,76c9abd2671afea97763e9e1a70c68abaeafda505960fada8457b6c50e654089,44100,1,PCM_16,50652,1.1485714285714286,extracted_and_validated
19122,FSD50K.dev_audio\19122.wav,C:\Users\Usuario\Desktop\UNI MARINA\master\TFM\FSD50K_DATA\FSD50K.dev_audio\FSD50K_cough_stage1_only\19122.wav,54198,a6016b0d0b4acbadef1d7c9fa02478d1b40b1d1f776f9d5d8b1c2be765c49cb0,44100,1,PCM_16,27060,0.6136054421768707,extracted_and_validated
19123,FSD50K.dev_audio\19123.wav,C:\Users\Usuario\Desktop\UNI MARINA\master\TFM\FSD50K_DATA\FSD50K.dev_audio\FSD50K_cough_stage1_only\19123.wav,38526,61f545761046180cb0d67e6ee83c9334080df6780c91de783382323745b0849f,44100,1,PCM_16,19224,0.4359183673469388,extracted_and_validated
19124,FSD50K.dev_audio\19124.wav,C:\Users\Usuario\Desktop\UNI MARINA\master\TFM\FSD50K_DATA\FSD50K.dev_audio\FSD50K_cough_stage1_only\19124.wav,54946,53990e5c884582031d9bfe060a0558f1ab8889ee501fec16b7524f86fe478a93,44100,1,PCM_16,27434,0.6220861678004536,extracted_and_validated
191337,FSD50K.dev_audio\191337.wav,C:\Users\Usuario\Desktop\UNI MARINA\master\TFM\FSD50K_DATA\FSD50K.dev_audio\FSD50K_cough_stage1_only\191337.wav,1001780,d56dc7cb76086376f3953ed06ddc0a904477c5f768216d815d0affff2b2e17a8,44100,1,PCM_16,500851,11.357165532879819,extracted_and_validated
195771,FSD50K.dev_audio\195771.wav,C:\Users\Usuario\Desktop\UNI MARINA\master\TFM\FSD50K_DATA\FSD50K.dev_audio\FSD50K_cough_stage1_only\195771.wav,129800,6b18d8af96e750f2b2acfb67f012ed32c8984565efe824f8863d5d99e78e90a0,44100,1,PCM_16,64861,1.4707709750566893,extracted_and_validated
196283,FSD50K.dev_audio\196283.wav,C:\Users\Usuario\Desktop\UNI MARINA\master\TFM\FSD50K_DATA\FSD50K.dev_audio\FSD50K_cough_stage1_only\196283.wav,2555206,d3e6560b3a68ce2aa4aa2b9807109fd9b9daac5fcfeb7821f719c115f9fc0e78,44100,1,PCM_16,1277564,28.969705215419502,extracted_and_validated
19803,FSD50K.dev_audio\19803.wav,C:\Users\Usuario\Desktop\UNI MARINA\master\TFM\FSD50K_DATA\FSD50K.dev_audio\FSD50K_cough_stage1_only\19803.wav,94802,006780361ad210a94dc9dffd0417c305653b49553755e654daded9d4ba21c92f,44100,1,PCM_16,47362,1.073968253968254,extracted_and_validated
19804,FSD50K.dev_audio\19804.wav,C:\Users\Usuario\Desktop\UNI MARINA\master\TFM\FSD50K_DATA\FSD50K.dev_audio\FSD50K_cough_stage1_only\19804.wav,57392,d20c763df7239f7bb3344d622cf9df11cc36ef8748353b3d0e111f8fb469f29f,44100,1,PCM_16,28657,0.6498185941043084,extracted_and_validated
201733,FSD50K.dev_audio\201733.wav,C:\Users\Usuario\Desktop\UNI MARINA\master\TFM\FSD50K_DATA\FSD50K.dev_audio\FSD50K_cough_stage1_only\201733.wav,324338,853155b693bbabf7d30198037558e92d3a53a84ec5680aecc622b558c4b20d35,44100,1,PCM_16,162130,3.6764172335600906,extracted_and_validated
208761,FSD50K.dev_audio\208761.wav,C:\Users\Usuario\Desktop\UNI MARINA\master\TFM\FSD50K_DATA\FSD50K.dev_audio\FSD50K_cough_stage1_only\208761.wav,506190,dc45936d26ccca05f100a16663e0a868424281ba8acd07cd059c1209916ca99c,44100,1,PCM_16,253056,5.738231292517007,extracted_and_validated
210431,FSD50K.dev_audio\210431.wav,C:\Users\Usuario\Desktop\UNI MARINA\master\TFM\FSD50K_DATA\FSD50K.dev_audio\FSD50K_cough_stage1_only\210431.wav,1555742,fa358c72a854bbb0ed2240a7df89d4d0520d9e4a0d42559566f1061e098bad26,44100,1,PCM_16,777832,17.637913832199548,extracted_and_validated
210733,FSD50K.dev_audio\210733.wav,C:\Users\Usuario\Desktop\UNI MARINA\master\TFM\FSD50K_DATA\FSD50K.dev_audio\FSD50K_cough_stage1_only\210733.wav,1192056,643887030ffaa563fb190dc02d696ef831e28af5c195814331aba46aa6bfa846,44100,1,PCM_16,595989,13.514489795918367,extracted_and_validated
211197,FSD50K.dev_audio\211197.wav,C:\Users\Usuario\Desktop\UNI MARINA\master\TFM\FSD50K_DATA\FSD50K.dev_audio\FSD50K_cough_stage1_only\211197.wav,571470,68a38c8404e18726d53a0e45ff322f47a459dbfbbe68408784ad5b1d4b7fc7fb,44100,1,PCM_16,285696,6.478367346938776,extracted_and_validated
211524,FSD50K.dev_audio\211524.wav,C:\Users\Usuario\Desktop\UNI MARINA\master\TFM\FSD50K_DATA\FSD50K.dev_audio\FSD50K_cough_stage1_only\211524.wav,248910,f98a732c0eec6e8954fa412ec363df3f17d3465a4eaa448e2fb21d3f788fb347,44100,1,PCM_16,124416,2.8212244897959184,extracted_and_validated
213047,FSD50K.dev_audio\213047.wav,C:\Users\Usuario\Desktop\UNI MARINA\master\TFM\FSD50K_DATA\FSD50K.dev_audio\FSD50K_cough_stage1_only\213047.wav,139788,e924c420304a3a14b7b98586b6774f232b6f81c6dd5c64dbd88999baeb689290,44100,1,PCM_16,69855,1.584013605442177,extracted_and_validated
213856,FSD50K.dev_audio\213856.wav,C:\Users\Usuario\Desktop\UNI MARINA\master\TFM\FSD50K_DATA\FSD50K.dev_audio\FSD50K_cough_stage1_only\213856.wav,970278,95e9d7a501954847c4977b223e6523ce9f3681833c7f1b3544760e2afe78d3f3,44100,1,PCM_16,485100,11.0,extracted_and_validated
218306,FSD50K.dev_audio\218306.wav,C:\Users\Usuario\Desktop\UNI MARINA\master\TFM\FSD50K_DATA\FSD50K.dev_audio\FSD50K_cough_stage1_only\218306.wav,1595676,399cb938cad6b91e5ae0b935315c48f802e38a402828b3059fc96bba7e3b5aff,44100,1,PCM_16,797799,18.090680272108845,extracted_and_validated
223522,FSD50K.dev_audio\223522.wav,C:\Users\Usuario\Desktop\UNI MARINA\master\TFM\FSD50K_DATA\FSD50K.dev_audio\FSD50K_cough_stage1_only\223522.wav,1142950,a7aa0727a7063fe9dead41ff0fc781f94e16fe0e671fd00f36e6c616279db4b5,44100,1,PCM_16,571436,12.957732426303854,extracted_and_validated
240373,FSD50K.dev_audio\240373.wav,C:\Users\Usuario\Desktop\UNI MARINA\master\TFM\FSD50K_DATA\FSD50K.dev_audio\FSD50K_cough_stage1_only\240373.wav,112750,cb75364ed8553a1459522751d56895b5245a85f2ab405047b800775514d5a4a5,44100,1,PCM_16,56336,1.2774603174603174,extracted_and_validated
240374,FSD50K.dev_audio\240374.wav,C:\Users\Usuario\Desktop\UNI MARINA\master\TFM\FSD50K_DATA\FSD50K.dev_audio\FSD50K_cough_stage1_only\240374.wav,52364,2bef4c5654d813e4d76486494a7cb8541a2adc0565d4edd62816d8a3e6cc340a,44100,1,PCM_16,26143,0.5928117913832199,extracted_and_validated
240375,FSD50K.dev_audio\240375.wav,C:\Users\Usuario\Desktop\UNI MARINA\master\TFM\FSD50K_DATA\FSD50K.dev_audio\FSD50K_cough_stage1_only\240375.wav,65402,dba28e4e7d94a1beb53836068023dc9be15626b56150550512273dabdd627633,44100,1,PCM_16,32662,0.7406349206349206,extracted_and_validated
252219,FSD50K.dev_audio\252219.wav,C:\Users\Usuario\Desktop\UNI MARINA\master\TFM\FSD50K_DATA\FSD50K.dev_audio\FSD50K_cough_stage1_only\252219.wav,47184,b022dad4430bfa67ff116be907a3106a922471ce3e09121e27e292696db27211,44100,1,PCM_16,23553,0.5340816326530612,extracted_and_validated
252220,FSD50K.dev_audio\252220.wav,C:\Users\Usuario\Desktop\UNI MARINA\master\TFM\FSD50K_DATA\FSD50K.dev_audio\FSD50K_cough_stage1_only\252220.wav,61008,6581bfb80f8cb64f1af610ca1ad89ee7e9fda89dd05acf14e914370a852294e3,44100,1,PCM_16,30465,0.6908163265306122,extracted_and_validated
252223,FSD50K.dev_audio\252223.wav,C:\Users\Usuario\Desktop\UNI MARINA\master\TFM\FSD50K_DATA\FSD50K.dev_audio\FSD50K_cough_stage1_only\252223.wav,93534,b2913032e1899169c0dbb2f5a856a764a3571001bb6215932864412a432d0501,44100,1,PCM_16,46728,1.059591836734694,extracted_and_validated
252229,FSD50K.dev_audio\252229.wav,C:\Users\Usuario\Desktop\UNI MARINA\master\TFM\FSD50K_DATA\FSD50K.dev_audio\FSD50K_cough_stage1_only\252229.wav,61520,bb19ed14ffbfea967f43005a64a8c0f1854010f5069039fa5828053c6c5996e9,44100,1,PCM_16,30721,0.6966213151927437,extracted_and_validated
252231,FSD50K.dev_audio\252231.wav,C:\Users\Usuario\Desktop\UNI MARINA\master\TFM\FSD50K_DATA\FSD50K.dev_audio\FSD50K_cough_stage1_only\252231.wav,29774,5f9f389f7f82a3c7db922193015ca04b0801fcec400d0610bb5a8b410974477c,44100,1,PCM_16,14848,0.33668934240362813,extracted_and_validated
252240,FSD50K.dev_audio\252240.wav,C:\Users\Usuario\Desktop\UNI MARINA\master\TFM\FSD50K_DATA\FSD50K.dev_audio\FSD50K_cough_stage1_only\252240.wav,39018,6d9b5554627eadfc958a6fb9f044c62324a81c9e5fee1a5f6f91d6346aadf115,44100,1,PCM_16,19470,0.4414965986394558,extracted_and_validated
252241,FSD50K.dev_audio\252241.wav,C:\Users\Usuario\Desktop\UNI MARINA\master\TFM\FSD50K_DATA\FSD50K.dev_audio\FSD50K_cough_stage1_only\252241.wav,84830,4ace77faf897fc9210126ae7b62e262627928dedd1f35801f6f2a479e541ea82,44100,1,PCM_16,42376,0.9609070294784581,extracted_and_validated
252242,FSD50K.dev_audio\252242.wav,C:\Users\Usuario\Desktop\UNI MARINA\master\TFM\FSD50K_DATA\FSD50K.dev_audio\FSD50K_cough_stage1_only\252242.wav,136138,b33b90938cc2dc82ac5d29495dd87ff8001ab363b725390df960f891ad044b43,44100,1,PCM_16,68030,1.5426303854875283,extracted_and_validated
253775,FSD50K.dev_audio\253775.wav,C:\Users\Usuario\Desktop\UNI MARINA\master\TFM\FSD50K_DATA\FSD50K.dev_audio\FSD50K_cough_stage1_only\253775.wav,97358,de571ee02ee879670ce673815cf5d0ba12cb4aad6491365ff097e48683695e0d,44100,1,PCM_16,48640,1.1029478458049886,extracted_and_validated
254466,FSD50K.dev_audio\254466.wav,C:\Users\Usuario\Desktop\UNI MARINA\master\TFM\FSD50K_DATA\FSD50K.dev_audio\FSD50K_cough_stage1_only\254466.wav,579820,e1465e6eba208b3cfed612d2201db12b647ba54d5d79993256500346c2f663db,44100,1,PCM_16,289871,6.573038548752835,extracted_and_validated
254467,FSD50K.dev_audio\254467.wav,C:\Users\Usuario\Desktop\UNI MARINA\master\TFM\FSD50K_DATA\FSD50K.dev_audio\FSD50K_cough_stage1_only\254467.wav,210026,df2cbe8484768741d1a1ddef4bccf28628e60af84a7c146218ddf8fa8455c9c2,44100,1,PCM_16,104974,2.3803628117913833,extracted_and_validated
257765,FSD50K.dev_audio\257765.wav,C:\Users\Usuario\Desktop\UNI MARINA\master\TFM\FSD50K_DATA\FSD50K.dev_audio\FSD50K_cough_stage1_only\257765.wav,65970,d727a7b0b949d4f312f46c8f09399ef9e194936a758745a71f4829930ffcddb7,44100,1,PCM_16,32946,0.7470748299319728,extracted_and_validated
257770,FSD50K.dev_audio\257770.wav,C:\Users\Usuario\Desktop\UNI MARINA\master\TFM\FSD50K_DATA\FSD50K.dev_audio\FSD50K_cough_stage1_only\257770.wav,38990,a966a51f96d705e47ae848ebb8f3f562e93d16cf6cbb31e1b66bd2c78bfc5feb,44100,1,PCM_16,19456,0.44117913832199546,extracted_and_validated
26336,FSD50K.dev_audio\26336.wav,C:\Users\Usuario\Desktop\UNI MARINA\master\TFM\FSD50K_DATA\FSD50K.dev_audio\FSD50K_cough_stage1_only\26336.wav,131320,036b27de0d53501088094a63aaf597ec327b85b68a11e901bdc14569e8ddaca1,44100,1,PCM_16,65621,1.4880045351473923,extracted_and_validated
267055,FSD50K.dev_audio\267055.wav,C:\Users\Usuario\Desktop\UNI MARINA\master\TFM\FSD50K_DATA\FSD50K.dev_audio\FSD50K_cough_stage1_only\267055.wav,1693774,7d6156c1350ffcc1619c2b167a1fc4a3d5ff9fcadd4f92562249ce341f74ff9b,44100,1,PCM_16,846848,19.202902494331067,extracted_and_validated
272029,FSD50K.dev_audio\272029.wav,C:\Users\Usuario\Desktop\UNI MARINA\master\TFM\FSD50K_DATA\FSD50K.dev_audio\FSD50K_cough_stage1_only\272029.wav,77332,e026fdaef895ea836389b74257f88831de2682d0f24bfd0e84dd2bd74ab7b227,44100,1,PCM_16,38627,0.8758956916099774,extracted_and_validated
273602,FSD50K.dev_audio\273602.wav,C:\Users\Usuario\Desktop\UNI MARINA\master\TFM\FSD50K_DATA\FSD50K.dev_audio\FSD50K_cough_stage1_only\273602.wav,83666,36f148e28bf7785c3a06311971612f52445e30b6946a12f310f1a412349b81ed,44100,1,PCM_16,41794,0.9477097505668934,extracted_and_validated
30091,FSD50K.dev_audio\30091.wav,C:\Users\Usuario\Desktop\UNI MARINA\master\TFM\FSD50K_DATA\FSD50K.dev_audio\FSD50K_cough_stage1_only\30091.wav,516160,27f66ff3359ab94e39a226362904067a25efa469ba1b3032853cb042405cbbd5,44100,1,PCM_16,258041,5.851269841269842,extracted_and_validated
30830,FSD50K.dev_audio\30830.wav,C:\Users\Usuario\Desktop\UNI MARINA\master\TFM\FSD50K_DATA\FSD50K.dev_audio\FSD50K_cough_stage1_only\30830.wav,239694,a39f8903bbc7b9fae90ebcd40eeb560f03233065a709e7f1eb7fb7ad51511a22,44100,1,PCM_16,119808,2.716734693877551,extracted_and_validated
317439,FSD50K.dev_audio\317439.wav,C:\Users\Usuario\Desktop\UNI MARINA\master\TFM\FSD50K_DATA\FSD50K.dev_audio\FSD50K_cough_stage1_only\317439.wav,321744,b54e0888e00e77c2145792603d7769604628cfe43f0838e690b8598a4076938d,44100,1,PCM_16,160833,3.6470068027210885,extracted_and_validated
31748,FSD50K.dev_audio\31748.wav,C:\Users\Usuario\Desktop\UNI MARINA\master\TFM\FSD50K_DATA\FSD50K.dev_audio\FSD50K_cough_stage1_only\31748.wav,303324,3b70c558c74f3cb21e3ee308ce5d603ab81c6672034b63fd951f737bd0186fa1,44100,1,PCM_16,151623,3.4381632653061223,extracted_and_validated
318079,FSD50K.dev_audio\318079.wav,C:\Users\Usuario\Desktop\UNI MARINA\master\TFM\FSD50K_DATA\FSD50K.dev_audio\FSD50K_cough_stage1_only\318079.wav,779876,0c5e0acfeadddd8d3912f2c0516d2b65f7c29e0b4c83117de68b10d6c7a6adf1,44100,1,PCM_16,389899,8.841247165532879,extracted_and_validated
32169,FSD50K.dev_audio\32169.wav,C:\Users\Usuario\Desktop\UNI MARINA\master\TFM\FSD50K_DATA\FSD50K.dev_audio\FSD50K_cough_stage1_only\32169.wav,1244238,1b7977a46ccf8f1cb9febf7dfb7a70f443d3cc351f72fc1230ed7d9e194a0b05,44100,1,PCM_16,622080,14.106122448979592,extracted_and_validated
323510,FSD50K.dev_audio\323510.wav,C:\Users\Usuario\Desktop\UNI MARINA\master\TFM\FSD50K_DATA\FSD50K.dev_audio\FSD50K_cough_stage1_only\323510.wav,100430,a31d2cd5a99796d587bd459a39ac1cb66de79e2fa782b7bdcd0fef76db69b363,44100,1,PCM_16,50176,1.1377777777777778,extracted_and_validated
323511,FSD50K.dev_audio\323511.wav,C:\Users\Usuario\Desktop\UNI MARINA\master\TFM\FSD50K_DATA\FSD50K.dev_audio\FSD50K_cough_stage1_only\323511.wav,93262,6e117df109b49317f57ac04c94b5aad915106a5d4da9f7952f9eba7737ec9e4f,44100,1,PCM_16,46592,1.0565079365079366,extracted_and_validated
323532,FSD50K.dev_audio\323532.wav,C:\Users\Usuario\Desktop\UNI MARINA\master\TFM\FSD50K_DATA\FSD50K.dev_audio\FSD50K_cough_stage1_only\323532.wav,135318,9398a8cd1561fb18c644b349bf10977f23b6e89a802ee83d678aba003ebbf1d3,44100,1,PCM_16,67620,1.5333333333333334,extracted_and_validated
323692,FSD50K.dev_audio\323692.wav,C:\Users\Usuario\Desktop\UNI MARINA\master\TFM\FSD50K_DATA\FSD50K.dev_audio\FSD50K_cough_stage1_only\323692.wav,156624,23b636207c0d8cd016a4957fab44b318892fdcffb8fc49d267065f7830ddeedc,44100,1,PCM_16,78273,1.7748979591836735,extracted_and_validated
323693,FSD50K.dev_audio\323693.wav,C:\Users\Usuario\Desktop\UNI MARINA\master\TFM\FSD50K_DATA\FSD50K.dev_audio\FSD50K_cough_stage1_only\323693.wav,92508,72d25d57e3d4af785b8e7051cdd467267bddc4310c39f35e4784117f06bb1f24,44100,1,PCM_16,46215,1.0479591836734694,extracted_and_validated
323694,FSD50K.dev_audio\323694.wav,C:\Users\Usuario\Desktop\UNI MARINA\master\TFM\FSD50K_DATA\FSD50K.dev_audio\FSD50K_cough_stage1_only\323694.wav,95004,e5724e94b5c5966581556aa51cf613cb8851005095954459f69f9318e5005582,44100,1,PCM_16,47463,1.0762585034013605,extracted_and_validated
323695,FSD50K.dev_audio\323695.wav,C:\Users\Usuario\Desktop\UNI MARINA\master\TFM\FSD50K_DATA\FSD50K.dev_audio\FSD50K_cough_stage1_only\323695.wav,93338,dab3420cf9c8eeb48012d903e57f5e9010bbd466a6fa85a53a2255a7608aa347,44100,1,PCM_16,46630,1.0573696145124716,extracted_and_validated
323696,FSD50K.dev_audio\323696.wav,C:\Users\Usuario\Desktop\UNI MARINA\master\TFM\FSD50K_DATA\FSD50K.dev_audio\FSD50K_cough_stage1_only\323696.wav,63362,0b8eeb55c5a6af926d428b2eabd9232bd78921a2a17cd4f4684298d39ac052a9,44100,1,PCM_16,31642,0.7175056689342404,extracted_and_validated
323698,FSD50K.dev_audio\323698.wav,C:\Users\Usuario\Desktop\UNI MARINA\master\TFM\FSD50K_DATA\FSD50K.dev_audio\FSD50K_cough_stage1_only\323698.wav,81680,16c162b2730c033b64eb4147e428e5217ec9bb6690545aa4b0a9b06899eedcf1,44100,1,PCM_16,40801,0.9251927437641724,extracted_and_validated
324769,FSD50K.dev_audio\324769.wav,C:\Users\Usuario\Desktop\UNI MARINA\master\TFM\FSD50K_DATA\FSD50K.dev_audio\FSD50K_cough_stage1_only\324769.wav,317774,3095c91a4c301cf0bc981c98d78ac2c0a40e45504bc1f68db65a0ef8a334b343,44100,1,PCM_16,158848,3.6019954648526076,extracted_and_validated
326891,FSD50K.dev_audio\326891.wav,C:\Users\Usuario\Desktop\UNI MARINA\master\TFM\FSD50K_DATA\FSD50K.dev_audio\FSD50K_cough_stage1_only\326891.wav,1905910,fdeb2a495d6c632b4b893ac42e41306d7f8b6db2762e1326bb495ff5309f37ea,44100,1,PCM_16,952916,21.608072562358277,extracted_and_validated
331052,FSD50K.dev_audio\331052.wav,C:\Users\Usuario\Desktop\UNI MARINA\master\TFM\FSD50K_DATA\FSD50K.dev_audio\FSD50K_cough_stage1_only\331052.wav,116816,f40528ad26e531af93cd247e6b0f62c6c415519deeeb0353bd2e868970050644,44100,1,PCM_16,58369,1.323560090702948,extracted_and_validated
331056,FSD50K.dev_audio\331056.wav,C:\Users\Usuario\Desktop\UNI MARINA\master\TFM\FSD50K_DATA\FSD50K.dev_audio\FSD50K_cough_stage1_only\331056.wav,119094,14e28a15dadcd8980545f29a27ed76fb4763ee8431149cde9c2f19dd30fb1b01,44100,1,PCM_16,59508,1.3493877551020408,extracted_and_validated
331057,FSD50K.dev_audio\331057.wav,C:\Users\Usuario\Desktop\UNI MARINA\master\TFM\FSD50K_DATA\FSD50K.dev_audio\FSD50K_cough_stage1_only\331057.wav,166234,82a043677f2cca88f5c3988db3b1552f2f23882424d122d1d78c187c0df0e4a5,44100,1,PCM_16,83078,1.8838548752834468,extracted_and_validated
331058,FSD50K.dev_audio\331058.wav,C:\Users\Usuario\Desktop\UNI MARINA\master\TFM\FSD50K_DATA\FSD50K.dev_audio\FSD50K_cough_stage1_only\331058.wav,110108,39c30b9905896713c467591b26bc3ac5155d70bde7aca7e38e4ed08857a7f79a,44100,1,PCM_16,55015,1.2475056689342403,extracted_and_validated
331059,FSD50K.dev_audio\331059.wav,C:\Users\Usuario\Desktop\UNI MARINA\master\TFM\FSD50K_DATA\FSD50K.dev_audio\FSD50K_cough_stage1_only\331059.wav,110108,b53f08d73f39d39f4e34053236f11d8e439decd1f1a51c1b6d7c84c41aee49f4,44100,1,PCM_16,55015,1.2475056689342403,extracted_and_validated
331060,FSD50K.dev_audio\331060.wav,C:\Users\Usuario\Desktop\UNI MARINA\master\TFM\FSD50K_DATA\FSD50K.dev_audio\FSD50K_cough_stage1_only\331060.wav,76820,d9ce0d021a941a433635e3d6d078a926fbee4a469416cb124f8b2d58ecce5558,44100,1,PCM_16,38371,0.8700907029478459,extracted_and_validated
331061,FSD50K.dev_audio\331061.wav,C:\Users\Usuario\Desktop\UNI MARINA\master\TFM\FSD50K_DATA\FSD50K.dev_audio\FSD50K_cough_stage1_only\331061.wav,105986,c83acb951178e0808aeebafd826a2ebe2dd862897ac1e5e89541b5dea11cd45a,44100,1,PCM_16,52954,1.2007709750566893,extracted_and_validated
331063,FSD50K.dev_audio\331063.wav,C:\Users\Usuario\Desktop\UNI MARINA\master\TFM\FSD50K_DATA\FSD50K.dev_audio\FSD50K_cough_stage1_only\331063.wav,166098,df02745c23d6d8ae81f2cc26246e6d22a30df1ae0a8fe42493612d8c87d0d5e9,44100,1,PCM_16,83010,1.882312925170068,extracted_and_validated
331064,FSD50K.dev_audio\331064.wav,C:\Users\Usuario\Desktop\UNI MARINA\master\TFM\FSD50K_DATA\FSD50K.dev_audio\FSD50K_cough_stage1_only\331064.wav,89614,37691370f1c9f030441847006881e70822a77297a08543f176c2f1ccec30b1d9,44100,1,PCM_16,44768,1.0151473922902494,extracted_and_validated
331065,FSD50K.dev_audio\331065.wav,C:\Users\Usuario\Desktop\UNI MARINA\master\TFM\FSD50K_DATA\FSD50K.dev_audio\FSD50K_cough_stage1_only\331065.wav,88376,fd1e7c0033c0a9ca674e76e683bcedeba29462ff2e1a973240dbe34cde93e902,44100,1,PCM_16,44149,1.001111111111111,extracted_and_validated
331067,FSD50K.dev_audio\331067.wav,C:\Users\Usuario\Desktop\UNI MARINA\master\TFM\FSD50K_DATA\FSD50K.dev_audio\FSD50K_cough_stage1_only\331067.wav,53572,452d0d77426e34159afa2fe9e2fc77a0989c9fa2c145275184e14f08824ebb60,44100,1,PCM_16,26747,0.6065079365079366,extracted_and_validated
331068,FSD50K.dev_audio\331068.wav,C:\Users\Usuario\Desktop\UNI MARINA\master\TFM\FSD50K_DATA\FSD50K.dev_audio\FSD50K_cough_stage1_only\331068.wav,124690,75756329c0b682cbfcc6cb7ae8883dc1a73b035cdb6e7f2d355625dd9113f38b,44100,1,PCM_16,62306,1.4128344671201813,extracted_and_validated
332989,FSD50K.dev_audio\332989.wav,C:\Users\Usuario\Desktop\UNI MARINA\master\TFM\FSD50K_DATA\FSD50K.dev_audio\FSD50K_cough_stage1_only\332989.wav,69870,778d75f0103049b3248ae39fafa683c7f97b0f167b57d909448701ec87ccfbe2,44100,1,PCM_16,34896,0.7912925170068027,extracted_and_validated
334051,FSD50K.dev_audio\334051.wav,C:\Users\Usuario\Desktop\UNI MARINA\master\TFM\FSD50K_DATA\FSD50K.dev_audio\FSD50K_cough_stage1_only\334051.wav,174844,5d1022f686326a051dfc57d09cbcb8430b6b76d83fdc5141a23fbb57349b9ba6,44100,1,PCM_16,87383,1.9814739229024942,extracted_and_validated
334052,FSD50K.dev_audio\334052.wav,C:\Users\Usuario\Desktop\UNI MARINA\master\TFM\FSD50K_DATA\FSD50K.dev_audio\FSD50K_cough_stage1_only\334052.wav,52990,e20f3ea61456bea2b7d3c8343898af15dd6f531e57fbb48e43e6273e0d82d680,44100,1,PCM_16,26456,0.5999092970521542,extracted_and_validated
336529,FSD50K.dev_audio\336529.wav,C:\Users\Usuario\Desktop\UNI MARINA\master\TFM\FSD50K_DATA\FSD50K.dev_audio\FSD50K_cough_stage1_only\336529.wav,793810,668d5a7b6be09abd4b2c3cae04c89524a62cf751b864173d3da76a2cd5aeca5b,44100,1,PCM_16,396866,8.999229024943311,extracted_and_validated
341086,FSD50K.dev_audio\341086.wav,C:\Users\Usuario\Desktop\UNI MARINA\master\TFM\FSD50K_DATA\FSD50K.dev_audio\FSD50K_cough_stage1_only\341086.wav,94334,762225ea375bec7dc6072497760e6c1f5a33ebe1e6edc0a1d838f7f6950d1d55,44100,1,PCM_16,47128,1.0686621315192744,extracted_and_validated
342669,FSD50K.dev_audio\342669.wav,C:\Users\Usuario\Desktop\UNI MARINA\master\TFM\FSD50K_DATA\FSD50K.dev_audio\FSD50K_cough_stage1_only\342669.wav,95338,8ce8e4c7e6835664221c70e8c1b22c6598f88286147f78bfcc8ce45ae2c8e58f,44100,1,PCM_16,47630,1.080045351473923,extracted_and_validated
343880,FSD50K.dev_audio\343880.wav,C:\Users\Usuario\Desktop\UNI MARINA\master\TFM\FSD50K_DATA\FSD50K.dev_audio\FSD50K_cough_stage1_only\343880.wav,73806,ca9dcef11c2de67638e0254439c5b565e710b503dacc1a766cfacfa24c758c49,44100,1,PCM_16,36864,0.8359183673469388,extracted_and_validated
343885,FSD50K.dev_audio\343885.wav,C:\Users\Usuario\Desktop\UNI MARINA\master\TFM\FSD50K_DATA\FSD50K.dev_audio\FSD50K_cough_stage1_only\343885.wav,142414,a3557865825a2d134704b6e8368924bffc44d9bfea224749eccd78efed4a9dcd,44100,1,PCM_16,71168,1.6137868480725623,extracted_and_validated
343904,FSD50K.dev_audio\343904.wav,C:\Users\Usuario\Desktop\UNI MARINA\master\TFM\FSD50K_DATA\FSD50K.dev_audio\FSD50K_cough_stage1_only\343904.wav,140366,14427e29b2f857b5604974592b7bcf49327a1f390e7473712276d0df93757242,44100,1,PCM_16,70144,1.5905668934240362,extracted_and_validated
343905,FSD50K.dev_audio\343905.wav,C:\Users\Usuario\Desktop\UNI MARINA\master\TFM\FSD50K_DATA\FSD50K.dev_audio\FSD50K_cough_stage1_only\343905.wav,94286,bb5602d10562b3d925cbb89c02544c1a21120f906a6d896b2d567c1641a4d7da,44100,1,PCM_16,47104,1.0681179138321995,extracted_and_validated
343910,FSD50K.dev_audio\343910.wav,C:\Users\Usuario\Desktop\UNI MARINA\master\TFM\FSD50K_DATA\FSD50K.dev_audio\FSD50K_cough_stage1_only\343910.wav,110670,69773a27e1e68228cd3c0b96b8e6be59391d02acdf2f4bcc329da73ac90bf211,44100,1,PCM_16,55296,1.253877551020408,extracted_and_validated
343912,FSD50K.dev_audio\343912.wav,C:\Users\Usuario\Desktop\UNI MARINA\master\TFM\FSD50K_DATA\FSD50K.dev_audio\FSD50K_cough_stage1_only\343912.wav,66638,1d4053dddb57f4fe45d5c1e8916cfeb4708f81aed490278ccef2ee5c9a2f0853,44100,1,PCM_16,33280,0.7546485260770975,extracted_and_validated
343913,FSD50K.dev_audio\343913.wav,C:\Users\Usuario\Desktop\UNI MARINA\master\TFM\FSD50K_DATA\FSD50K.dev_audio\FSD50K_cough_stage1_only\343913.wav,63566,40b6b978f9f9bb8425e496a695e7afbc4617c7274f1467ee7d42d6faec595e55,44100,1,PCM_16,31744,0.7198185941043084,extracted_and_validated
343986,FSD50K.dev_audio\343986.wav,C:\Users\Usuario\Desktop\UNI MARINA\master\TFM\FSD50K_DATA\FSD50K.dev_audio\FSD50K_cough_stage1_only\343986.wav,129102,4fbb491f051085745f916b68120e0e0dbc7d5a52c3ecbea2e1692d48a1146a3c,44100,1,PCM_16,64512,1.4628571428571429,extracted_and_validated
344632,FSD50K.dev_audio\344632.wav,C:\Users\Usuario\Desktop\UNI MARINA\master\TFM\FSD50K_DATA\FSD50K.dev_audio\FSD50K_cough_stage1_only\344632.wav,722848,eb88a71b3571615467bafa240e1857d79f6756bd6583e10f850389acb501ab42,44100,1,PCM_16,361385,8.194671201814058,extracted_and_validated
346489,FSD50K.dev_audio\346489.wav,C:\Users\Usuario\Desktop\UNI MARINA\master\TFM\FSD50K_DATA\FSD50K.dev_audio\FSD50K_cough_stage1_only\346489.wav,62516,554f9ed9058f70a669e1a49dcc5ad1d8002e7fc0bcf1131ca39ef600cc89c0af,44100,1,PCM_16,31219,0.7079138321995465,extracted_and_validated
346490,FSD50K.dev_audio\346490.wav,C:\Users\Usuario\Desktop\UNI MARINA\master\TFM\FSD50K_DATA\FSD50K.dev_audio\FSD50K_cough_stage1_only\346490.wav,35850,4ff2722c57a87aba499214a6ccd74f7af056ea89e049596655b95ef361acb480,44100,1,PCM_16,17886,0.405578231292517,extracted_and_validated
346648,FSD50K.dev_audio\346648.wav,C:\Users\Usuario\Desktop\UNI MARINA\master\TFM\FSD50K_DATA\FSD50K.dev_audio\FSD50K_cough_stage1_only\346648.wav,1234878,2ac8ae41ebaae210878f8f2161736d9ba66abcbfc9eb08365dbc677711341320,44100,1,PCM_16,617400,14.0,extracted_and_validated
348364,FSD50K.dev_audio\348364.wav,C:\Users\Usuario\Desktop\UNI MARINA\master\TFM\FSD50K_DATA\FSD50K.dev_audio\FSD50K_cough_stage1_only\348364.wav,397390,e4c9c1b19db99545ebbea4de37f90a36d8dcef1aabbca5d06560e56bf90d3fa2,44100,1,PCM_16,198656,4.504671201814059,extracted_and_validated
351161,FSD50K.dev_audio\351161.wav,C:\Users\Usuario\Desktop\UNI MARINA\master\TFM\FSD50K_DATA\FSD50K.dev_audio\FSD50K_cough_stage1_only\351161.wav,71268,3f0df571dacb0cb45773c026a1ed7b9bc7e4c58613cc5ac15d2543bd5e078f40,44100,1,PCM_16,35595,0.8071428571428572,extracted_and_validated
353649,FSD50K.dev_audio\353649.wav,C:\Users\Usuario\Desktop\UNI MARINA\master\TFM\FSD50K_DATA\FSD50K.dev_audio\FSD50K_cough_stage1_only\353649.wav,482104,8cae1ea46d02d7137f51a1a36f0c9aa8615c72a89c615aaa1ed8eb0764fc3bf9,44100,1,PCM_16,241013,5.465147392290249,extracted_and_validated
365158,FSD50K.dev_audio\365158.wav,C:\Users\Usuario\Desktop\UNI MARINA\master\TFM\FSD50K_DATA\FSD50K.dev_audio\FSD50K_cough_stage1_only\365158.wav,491182,2ea951a72221dd16fb814691266d5bb38f85ce1ce05aa63e2bd8a8a8fb89d95e,44100,1,PCM_16,245552,5.568072562358276,extracted_and_validated
365476,FSD50K.dev_audio\365476.wav,C:\Users\Usuario\Desktop\UNI MARINA\master\TFM\FSD50K_DATA\FSD50K.dev_audio\FSD50K_cough_stage1_only\365476.wav,350286,bc984a9301e96db01a2c48d60cd6b28fbab4ab110d6eccd4800aaf5f18182ba8,44100,1,PCM_16,175104,3.9706122448979593,extracted_and_validated
377260,FSD50K.dev_audio\377260.wav,C:\Users\Usuario\Desktop\UNI MARINA\master\TFM\FSD50K_DATA\FSD50K.dev_audio\FSD50K_cough_stage1_only\377260.wav,40824,2b7a9c33f05ffa9ad6c77007b6f0f9590d4df6517d44f283d797eecaa3020a64,44100,1,PCM_16,20373,0.46197278911564627,extracted_and_validated
377267,FSD50K.dev_audio\377267.wav,C:\Users\Usuario\Desktop\UNI MARINA\master\TFM\FSD50K_DATA\FSD50K.dev_audio\FSD50K_cough_stage1_only\377267.wav,129774,d0cde9f6b5b9774e0dd87ce228d9c22fdc1a08b5e473ece56ee946afacbbaf5c,44100,1,PCM_16,64848,1.4704761904761905,extracted_and_validated
381371,FSD50K.dev_audio\381371.wav,C:\Users\Usuario\Desktop\UNI MARINA\master\TFM\FSD50K_DATA\FSD50K.dev_audio\FSD50K_cough_stage1_only\381371.wav,189006,f5668812bb19f65d19690d47868437a02baf3a8470697a0a873137551ab89b0c,44100,1,PCM_16,94464,2.1420408163265305,extracted_and_validated
381372,FSD50K.dev_audio\381372.wav,C:\Users\Usuario\Desktop\UNI MARINA\master\TFM\FSD50K_DATA\FSD50K.dev_audio\FSD50K_cough_stage1_only\381372.wav,96846,888fd548c83b573365a1cbbc93ea99e7fdf2d3ae6432538fd450ea19a7cd360e,44100,1,PCM_16,48384,1.0971428571428572,extracted_and_validated
386210,FSD50K.dev_audio\386210.wav,C:\Users\Usuario\Desktop\UNI MARINA\master\TFM\FSD50K_DATA\FSD50K.dev_audio\FSD50K_cough_stage1_only\386210.wav,264334,f168f619fc179d61f40787c943179685ed749b009c401e1221f623f263371cb9,44100,1,PCM_16,132128,2.9960997732426304,extracted_and_validated
386527,FSD50K.dev_audio\386527.wav,C:\Users\Usuario\Desktop\UNI MARINA\master\TFM\FSD50K_DATA\FSD50K.dev_audio\FSD50K_cough_stage1_only\386527.wav,162462,9194c158692f1cdb3516438f1e7e735f9038aa635f8793fa8ed4c5dd90ae5f9a,44100,1,PCM_16,81192,1.8410884353741497,extracted_and_validated
389285,FSD50K.dev_audio\389285.wav,C:\Users\Usuario\Desktop\UNI MARINA\master\TFM\FSD50K_DATA\FSD50K.dev_audio\FSD50K_cough_stage1_only\389285.wav,112974,ff110eb1a73c3ece5a1bdf21194a358276f03874e6594d17b5683bb9515cee2b,44100,1,PCM_16,56448,1.28,extracted_and_validated
389289,FSD50K.dev_audio\389289.wav,C:\Users\Usuario\Desktop\UNI MARINA\master\TFM\FSD50K_DATA\FSD50K.dev_audio\FSD50K_cough_stage1_only\389289.wav,112974,e69fcb89777a20741f41ab81febcd48392fe168b71f3b32c99ed273525a8e2e8,44100,1,PCM_16,56448,1.28,extracted_and_validated
390361,FSD50K.dev_audio\390361.wav,C:\Users\Usuario\Desktop\UNI MARINA\master\TFM\FSD50K_DATA\FSD50K.dev_audio\FSD50K_cough_stage1_only\390361.wav,197254,e1ac78a58bdb36021f644289df45f60f8a8150ba3a4f0b002ad6330c08a39f08,44100,1,PCM_16,98588,2.2355555555555555,extracted_and_validated
395199,FSD50K.dev_audio\395199.wav,C:\Users\Usuario\Desktop\UNI MARINA\master\TFM\FSD50K_DATA\FSD50K.dev_audio\FSD50K_cough_stage1_only\395199.wav,488526,5921e7b713ff8af1d4f495cc8ea521192f8ef5ed634e376c0bb9e5dda4586de7,44100,1,PCM_16,244224,5.537959183673469,extracted_and_validated
39713,FSD50K.dev_audio\39713.wav,C:\Users\Usuario\Desktop\UNI MARINA\master\TFM\FSD50K_DATA\FSD50K.dev_audio\FSD50K_cough_stage1_only\39713.wav,352878,aa248f75ad823dfddcc57db506266bc812b609068df0d466d90aca53cf1745f8,44100,1,PCM_16,176400,4.0,extracted_and_validated
39878,FSD50K.dev_audio\39878.wav,C:\Users\Usuario\Desktop\UNI MARINA\master\TFM\FSD50K_DATA\FSD50K.dev_audio\FSD50K_cough_stage1_only\39878.wav,1914308,a7736166389a9fb671f46ec0850e457704c956ba5a1129ad3765d641793c692f,44100,1,PCM_16,957115,21.70328798185941,extracted_and_validated
399463,FSD50K.dev_audio\399463.wav,C:\Users\Usuario\Desktop\UNI MARINA\master\TFM\FSD50K_DATA\FSD50K.dev_audio\FSD50K_cough_stage1_only\399463.wav,592782,edbed245dda1702c73f8e0ffb06b7bf84da5d6b20f4a3d66c82672a2ec2251d8,44100,1,PCM_16,296352,6.72,extracted_and_validated
399618,FSD50K.dev_audio\399618.wav,C:\Users\Usuario\Desktop\UNI MARINA\master\TFM\FSD50K_DATA\FSD50K.dev_audio\FSD50K_cough_stage1_only\399618.wav,276558,dd0c418f888483a3f16c50e98a0ccf0a2abbc563f59dba0de9befcf27f9d547c,44100,1,PCM_16,138240,3.1346938775510202,extracted_and_validated
399619,FSD50K.dev_audio\399619.wav,C:\Users\Usuario\Desktop\UNI MARINA\master\TFM\FSD50K_DATA\FSD50K.dev_audio\FSD50K_cough_stage1_only\399619.wav,230478,775fdb47f4b5e6008f4c455975b040619bfd77dfa1ffc826c03d41e54c350332,44100,1,PCM_16,115200,2.6122448979591835,extracted_and_validated
399624,FSD50K.dev_audio\399624.wav,C:\Users\Usuario\Desktop\UNI MARINA\master\TFM\FSD50K_DATA\FSD50K.dev_audio\FSD50K_cough_stage1_only\399624.wav,304206,e20e795f6ae4f35f6186e2ddbd4a4bfecfa3d8e9c694ee51fa95f926593cc9c4,44100,1,PCM_16,152064,3.4481632653061225,extracted_and_validated
399627,FSD50K.dev_audio\399627.wav,C:\Users\Usuario\Desktop\UNI MARINA\master\TFM\FSD50K_DATA\FSD50K.dev_audio\FSD50K_cough_stage1_only\399627.wav,350286,f1636d29a484187bf878e42fbc753ca0d3bb809a6b4946aacccd205eb5ce1492,44100,1,PCM_16,175104,3.9706122448979593,extracted_and_validated
410493,FSD50K.dev_audio\410493.wav,C:\Users\Usuario\Desktop\UNI MARINA\master\TFM\FSD50K_DATA\FSD50K.dev_audio\FSD50K_cough_stage1_only\410493.wav,1009742,6ec9bffc6de0b7e25652f49b2870540b19a68849d314347832ad4e59fd239dba,44100,1,PCM_16,504832,11.447437641723356,extracted_and_validated
411083,FSD50K.dev_audio\411083.wav,C:\Users\Usuario\Desktop\UNI MARINA\master\TFM\FSD50K_DATA\FSD50K.dev_audio\FSD50K_cough_stage1_only\411083.wav,517364,3a8a71b66aa00e352744e267c3133f735593f36253d8d8ac3c323845efa17327,44100,1,PCM_16,258643,5.864920634920635,extracted_and_validated
41385,FSD50K.dev_audio\41385.wav,C:\Users\Usuario\Desktop\UNI MARINA\master\TFM\FSD50K_DATA\FSD50K.dev_audio\FSD50K_cough_stage1_only\41385.wav,100748,37c52fe9e645feb8f569f84f7ac7a3bcdf5d8057adcf85539514c08f286ef1be,44100,1,PCM_16,50335,1.1413832199546485,extracted_and_validated
41386,FSD50K.dev_audio\41386.wav,C:\Users\Usuario\Desktop\UNI MARINA\master\TFM\FSD50K_DATA\FSD50K.dev_audio\FSD50K_cough_stage1_only\41386.wav,101234,577180c64a4c134c0291f2006e32394c714f0c451294004f2f6db775fd7ecce3,44100,1,PCM_16,50578,1.1468934240362811,extracted_and_validated
41387,FSD50K.dev_audio\41387.wav,C:\Users\Usuario\Desktop\UNI MARINA\master\TFM\FSD50K_DATA\FSD50K.dev_audio\FSD50K_cough_stage1_only\41387.wav,61788,260555346f183ccab33d1b778b1770df3945380d89e320ee38fcd7e5ec585893,44100,1,PCM_16,30855,0.6996598639455782,extracted_and_validated
426271,FSD50K.dev_audio\426271.wav,C:\Users\Usuario\Desktop\UNI MARINA\master\TFM\FSD50K_DATA\FSD50K.dev_audio\FSD50K_cough_stage1_only\426271.wav,260046,9341ae2820d3bc45d7491f7ee46d37d08601c016a0642774bb1c9e2358e1a805,44100,1,PCM_16,129984,2.947482993197279,extracted_and_validated
432193,FSD50K.dev_audio\432193.wav,C:\Users\Usuario\Desktop\UNI MARINA\master\TFM\FSD50K_DATA\FSD50K.dev_audio\FSD50K_cough_stage1_only\432193.wav,501838,eeb47966418f0c807aa2d141f2f926112fa15ccba0f19ed58b22e67dbd4542ed,44100,1,PCM_16,250880,5.688888888888889,extracted_and_validated
432266,FSD50K.dev_audio\432266.wav,C:\Users\Usuario\Desktop\UNI MARINA\master\TFM\FSD50K_DATA\FSD50K.dev_audio\FSD50K_cough_stage1_only\432266.wav,210466,1e87898ff162bb1c6cc35abdfe5ac510e56909da7657be70d23a37b1ff03d4c9,44100,1,PCM_16,105194,2.3853514739229027,extracted_and_validated
432380,FSD50K.dev_audio\432380.wav,C:\Users\Usuario\Desktop\UNI MARINA\master\TFM\FSD50K_DATA\FSD50K.dev_audio\FSD50K_cough_stage1_only\432380.wav,1011850,1779c808fb8bf2909236b298bebd9e1f851913dae611a376ae5d47b6780a7e5b,44100,1,PCM_16,505886,11.471337868480726,extracted_and_validated
433639,FSD50K.dev_audio\433639.wav,C:\Users\Usuario\Desktop\UNI MARINA\master\TFM\FSD50K_DATA\FSD50K.dev_audio\FSD50K_cough_stage1_only\433639.wav,314446,7bb6001f3fbea6de9c2232387316e20afdfba3982e5b7fdb824ed2d74c8dc4a7,44100,1,PCM_16,157184,3.564263038548753,extracted_and_validated
433640,FSD50K.dev_audio\433640.wav,C:\Users\Usuario\Desktop\UNI MARINA\master\TFM\FSD50K_DATA\FSD50K.dev_audio\FSD50K_cough_stage1_only\433640.wav,323662,b140ff590361bc572902efe05779524232cb320f796f5442efd60fcd52859d95,44100,1,PCM_16,161792,3.6687528344671203,extracted_and_validated
45150,FSD50K.dev_audio\45150.wav,C:\Users\Usuario\Desktop\UNI MARINA\master\TFM\FSD50K_DATA\FSD50K.dev_audio\FSD50K_cough_stage1_only\45150.wav,296668,ffd94b3b55639df6d8ba68295665c139c7bf89cf82dc510c4852848d10ebece1,44100,1,PCM_16,148295,3.3626984126984127,extracted_and_validated
45574,FSD50K.dev_audio\45574.wav,C:\Users\Usuario\Desktop\UNI MARINA\master\TFM\FSD50K_DATA\FSD50K.dev_audio\FSD50K_cough_stage1_only\45574.wav,1771086,1c1f0c2a3221e61ea9e39a7f983cfa92e682867414f16ca781a5f64a7ea6b834,44100,1,PCM_16,885504,20.079455782312927,extracted_and_validated
45575,FSD50K.dev_audio\45575.wav,C:\Users\Usuario\Desktop\UNI MARINA\master\TFM\FSD50K_DATA\FSD50K.dev_audio\FSD50K_cough_stage1_only\45575.wav,1658702,f58913197c5518236bcd6fea74c21e2c89aac558994dd7ccb6e87276fea9196a,44100,1,PCM_16,829312,18.805260770975057,extracted_and_validated
45577,FSD50K.dev_audio\45577.wav,C:\Users\Usuario\Desktop\UNI MARINA\master\TFM\FSD50K_DATA\FSD50K.dev_audio\FSD50K_cough_stage1_only\45577.wav,1982542,d7d94e304f056ee2ab45f11e1e8f9086de72f620505ab642f561b48bfc11b988,44100,1,PCM_16,991232,22.47691609977324,extracted_and_validated
45578,FSD50K.dev_audio\45578.wav,C:\Users\Usuario\Desktop\UNI MARINA\master\TFM\FSD50K_DATA\FSD50K.dev_audio\FSD50K_cough_stage1_only\45578.wav,539726,31bc286a0303278b6b0a36253b4a323cb3fa798e14b62552d6d0b34b9811d76a,44100,1,PCM_16,269824,6.1184580498866215,extracted_and_validated
45925,FSD50K.dev_audio\45925.wav,C:\Users\Usuario\Desktop\UNI MARINA\master\TFM\FSD50K_DATA\FSD50K.dev_audio\FSD50K_cough_stage1_only\45925.wav,511638,9d1218709e98f7b0a335695a81405daebc7c508d1cb3cdb09fff8d4604ae8aa3,44100,1,PCM_16,255780,5.8,extracted_and_validated
46971,FSD50K.dev_audio\46971.wav,C:\Users\Usuario\Desktop\UNI MARINA\master\TFM\FSD50K_DATA\FSD50K.dev_audio\FSD50K_cough_stage1_only\46971.wav,450682,7a7a3a9bd1177c41453cb1d58d3375f06f622c2e561ce18a702a94dae764136f,44100,1,PCM_16,225302,5.108888888888889,extracted_and_validated
47134,FSD50K.dev_audio\47134.wav,C:\Users\Usuario\Desktop\UNI MARINA\master\TFM\FSD50K_DATA\FSD50K.dev_audio\FSD50K_cough_stage1_only\47134.wav,1117120,f23702dcfc90e6911917d7e400272a3a97db7438c0bee992e6bf8b37f7214718,44100,1,PCM_16,558521,12.664875283446712,extracted_and_validated
47135,FSD50K.dev_audio\47135.wav,C:\Users\Usuario\Desktop\UNI MARINA\master\TFM\FSD50K_DATA\FSD50K.dev_audio\FSD50K_cough_stage1_only\47135.wav,1539796,69f7c6d6b8a388ba1e624f9cb7dca2647fde3eb23cfdd37e74e5062a80fb81d2,44100,1,PCM_16,769859,17.457120181405894,extracted_and_validated
51136,FSD50K.dev_audio\51136.wav,C:\Users\Usuario\Desktop\UNI MARINA\master\TFM\FSD50K_DATA\FSD50K.dev_audio\FSD50K_cough_stage1_only\51136.wav,476358,54e2f3193a4aa3a7c45db0624d78094df8a2fac27ad2e923514181162aa3dec4,44100,1,PCM_16,238140,5.4,extracted_and_validated
63752,FSD50K.dev_audio\63752.wav,C:\Users\Usuario\Desktop\UNI MARINA\master\TFM\FSD50K_DATA\FSD50K.dev_audio\FSD50K_cough_stage1_only\63752.wav,77486,88c7bc63b16f32e86e2244979321cf2526e2f0f6e497e7cf8db1d545674edb3d,44100,1,PCM_16,38704,0.8776417233560091,extracted_and_validated
68034,FSD50K.dev_audio\68034.wav,C:\Users\Usuario\Desktop\UNI MARINA\master\TFM\FSD50K_DATA\FSD50K.dev_audio\FSD50K_cough_stage1_only\68034.wav,1278210,d00a22a2080ef8d241075afaeab66d8983f0fa21c409b4df30e6e1f5a78f7d4d,44100,1,PCM_16,639066,14.491292517006803,extracted_and_validated
73327,FSD50K.dev_audio\73327.wav,C:\Users\Usuario\Desktop\UNI MARINA\master\TFM\FSD50K_DATA\FSD50K.dev_audio\FSD50K_cough_stage1_only\73327.wav,258126,67e3c4b7cf1234ebbe5086d055e8144a16964dab185e12a888b9ff1c503598dd,44100,1,PCM_16,129024,2.9257142857142857,extracted_and_validated
77157,FSD50K.dev_audio\77157.wav,C:\Users\Usuario\Desktop\UNI MARINA\master\TFM\FSD50K_DATA\FSD50K.dev_audio\FSD50K_cough_stage1_only\77157.wav,168024,c9e072d02fcd974b585bec99f1410d0350fcd62e862f08826b10e00a1b3f9605,44100,1,PCM_16,83973,1.9041496598639456,extracted_and_validated
77459,FSD50K.dev_audio\77459.wav,C:\Users\Usuario\Desktop\UNI MARINA\master\TFM\FSD50K_DATA\FSD50K.dev_audio\FSD50K_cough_stage1_only\77459.wav,168318,0b0592b34ddb77ec997d957233658b16463e86632e0a8a2a455d420d46b2214c,44100,1,PCM_16,84120,1.907482993197279,extracted_and_validated
82717,FSD50K.dev_audio\82717.wav,C:\Users\Usuario\Desktop\UNI MARINA\master\TFM\FSD50K_DATA\FSD50K.dev_audio\FSD50K_cough_stage1_only\82717.wav,174964,978d4e2628a9dc6006639faf18e4e620ca87dfedc3f5a1c1df26f43483e57d38,44100,1,PCM_16,87443,1.9828344671201814,extracted_and_validated
84690,FSD50K.dev_audio\84690.wav,C:\Users\Usuario\Desktop\UNI MARINA\master\TFM\FSD50K_DATA\FSD50K.dev_audio\FSD50K_cough_stage1_only\84690.wav,1851102,b35ef210548c41cccf234814cf77f624a3f023828f8cb41b88aab4c512a6778c,44100,1,PCM_16,925512,20.986666666666668,extracted_and_validated
84695,FSD50K.dev_audio\84695.wav,C:\Users\Usuario\Desktop\UNI MARINA\master\TFM\FSD50K_DATA\FSD50K.dev_audio\FSD50K_cough_stage1_only\84695.wav,529278,bdbedbfbc2986f393e595694a30eef851248ef58a264dde50b49bb4da3eed0fe,44100,1,PCM_16,264600,6.0,extracted_and_validated
87411,FSD50K.dev_audio\87411.wav,C:\Users\Usuario\Desktop\UNI MARINA\master\TFM\FSD50K_DATA\FSD50K.dev_audio\FSD50K_cough_stage1_only\87411.wav,99304,57284a4410fde430611ad344f17725e76c58114be2f391d5a432a635850c48d6,44100,1,PCM_16,49613,1.1250113378684807,extracted_and_validated
87412,FSD50K.dev_audio\87412.wav,C:\Users\Usuario\Desktop\UNI MARINA\master\TFM\FSD50K_DATA\FSD50K.dev_audio\FSD50K_cough_stage1_only\87412.wav,198528,4ab78ce9d40621d83675dec913923929bd226637ade078386075a3834c8448d0,44100,1,PCM_16,99225,2.25,extracted_and_validated
87511,FSD50K.dev_audio\87511.wav,C:\Users\Usuario\Desktop\UNI MARINA\master\TFM\FSD50K_DATA\FSD50K.dev_audio\FSD50K_cough_stage1_only\87511.wav,160910,0f46a9b9bb24ca81eb1740880e85895ec50ccb26fa739cef961beaf775c88cc8,44100,1,PCM_16,80416,1.8234920634920635,extracted_and_validated
87512,FSD50K.dev_audio\87512.wav,C:\Users\Usuario\Desktop\UNI MARINA\master\TFM\FSD50K_DATA\FSD50K.dev_audio\FSD50K_cough_stage1_only\87512.wav,264678,31e1cfd0d108dac574ba53764fb187c8bbfce26d703c832dc0f5b3b03da9db12,44100,1,PCM_16,132300,3.0,extracted_and_validated
87513,FSD50K.dev_audio\87513.wav,C:\Users\Usuario\Desktop\UNI MARINA\master\TFM\FSD50K_DATA\FSD50K.dev_audio\FSD50K_cough_stage1_only\87513.wav,209638,b021b17e2504d9322bbb80e7d790fcb17d659d1102f6bb913692977822edcee3,44100,1,PCM_16,104780,2.3759637188208615,extracted_and_validated
87794,FSD50K.dev_audio\87794.wav,C:\Users\Usuario\Desktop\UNI MARINA\master\TFM\FSD50K_DATA\FSD50K.dev_audio\FSD50K_cough_stage1_only\87794.wav,421838,59b80d1b9aeff7c012439c247ceca56c914f377dbcb0364c39dfa2a925066dcb,44100,1,PCM_16,210880,4.781859410430839,extracted_and_validated
87795,FSD50K.dev_audio\87795.wav,C:\Users\Usuario\Desktop\UNI MARINA\master\TFM\FSD50K_DATA\FSD50K.dev_audio\FSD50K_cough_stage1_only\87795.wav,683214,deb9830ee385ec5e16c86b0b05b008d126081000100bed307a971d4e8d90c9ff,44100,1,PCM_16,341568,7.745306122448979,extracted_and_validated
87796,FSD50K.dev_audio\87796.wav,C:\Users\Usuario\Desktop\UNI MARINA\master\TFM\FSD50K_DATA\FSD50K.dev_audio\FSD50K_cough_stage1_only\87796.wav,392654,943f400aeca9fbb5682e3a8a7c28ecd4f57a20eb374fabce5770bcd0dec5b9ba,44100,1,PCM_16,196288,4.450975056689343,extracted_and_validated
87797,FSD50K.dev_audio\87797.wav,C:\Users\Usuario\Desktop\UNI MARINA\master\TFM\FSD50K_DATA\FSD50K.dev_audio\FSD50K_cough_stage1_only\87797.wav,1639118,5674d73c7c24af62f169eb28d11332519181dd922aaa8c1885ad8f9a5b8ff76b,44100,1,PCM_16,819520,18.583219954648527,extracted_and_validated
87798,FSD50K.dev_audio\87798.wav,C:\Users\Usuario\Desktop\UNI MARINA\master\TFM\FSD50K_DATA\FSD50K.dev_audio\FSD50K_cough_stage1_only\87798.wav,507342,9111158d02f1ed1b32fb3e8365987a635d2c5cd1eaabc25913db756ace3bbffa,44100,1,PCM_16,253632,5.751292517006803,extracted_and_validated
87799,FSD50K.dev_audio\87799.wav,C:\Users\Usuario\Desktop\UNI MARINA\master\TFM\FSD50K_DATA\FSD50K.dev_audio\FSD50K_cough_stage1_only\87799.wav,1145038,7747601aa61cfd8192e0836ef0cfd120b15936dc3871c74f8a8543892dc628c0,44100,1,PCM_16,572480,12.98140589569161,extracted_and_validated
87961,FSD50K.dev_audio\87961.wav,C:\Users\Usuario\Desktop\UNI MARINA\master\TFM\FSD50K_DATA\FSD50K.dev_audio\FSD50K_cough_stage1_only\87961.wav,1336398,f9ee4df5f90a10abb4c77ba4c0d249d3130428e861fde85e07aa3b18254a803b,44100,1,PCM_16,668160,15.151020408163266,extracted_and_validated
90073,FSD50K.dev_audio\90073.wav,C:\Users\Usuario\Desktop\UNI MARINA\master\TFM\FSD50K_DATA\FSD50K.dev_audio\FSD50K_cough_stage1_only\90073.wav,1309672,ff7370bb3268ee781ce62161069def5c389ba385702a222853e11545644ea780,44100,1,PCM_16,654797,14.848004535147393,extracted_and_validated
95530,FSD50K.dev_audio\95530.wav,C:\Users\Usuario\Desktop\UNI MARINA\master\TFM\FSD50K_DATA\FSD50K.dev_audio\FSD50K_cough_stage1_only\95530.wav,861926,da893a447c8f29905d1d3782a7947f3b98503986a9d80825848bded4ed33c3e0,44100,1,PCM_16,430924,9.771519274376418,extracted_and_validated
95531,FSD50K.dev_audio\95531.wav,C:\Users\Usuario\Desktop\UNI MARINA\master\TFM\FSD50K_DATA\FSD50K.dev_audio\FSD50K_cough_stage1_only\95531.wav,1290358,5761e736b493081483ccf811bb5cbd1f0820eddf8b1dafac2b6891893972b974,44100,1,PCM_16,645140,14.629024943310657,extracted_and_validated
96189,FSD50K.dev_audio\96189.wav,C:\Users\Usuario\Desktop\UNI MARINA\master\TFM\FSD50K_DATA\FSD50K.dev_audio\FSD50K_cough_stage1_only\96189.wav,410284,dd7e75fdf2b7f94d87cf907628880228a9b83ec0e3967f993f04248ebda5483d,44100,1,PCM_16,205103,4.650861678004535,extracted_and_validated
125403,FSD50K.dev_audio\125403.wav,C:\Users\Usuario\Desktop\UNI MARINA\master\TFM\FSD50K_DATA\FSD50K.dev_audio\FSD50K_cough_stage1_only\125403.wav,1161966,a0dc09c2e79813c3f7e0f52b5f778f9643d86b834f6d1da2d0602e7c9dd2f70b,44100,1,PCM_16,580944,13.173333333333334,extracted_and_validated
152367,FSD50K.dev_audio\152367.wav,C:\Users\Usuario\Desktop\UNI MARINA\master\TFM\FSD50K_DATA\FSD50K.dev_audio\FSD50K_cough_stage1_only\152367.wav,287830,865815088c637357b38a280b750359f859002c602380b88ba5a7b89e38f903c2,44100,1,PCM_16,143876,3.2624943310657595,extracted_and_validated
152995,FSD50K.dev_audio\152995.wav,C:\Users\Usuario\Desktop\UNI MARINA\master\TFM\FSD50K_DATA\FSD50K.dev_audio\FSD50K_cough_stage1_only\152995.wav,264678,f65d1a29d4d3aeed2ab1a19b5fed794ce94e56ea7c3d2a64193c1709a30d41c2,44100,1,PCM_16,132300,3.0,extracted_and_validated
155591,FSD50K.dev_audio\155591.wav,C:\Users\Usuario\Desktop\UNI MARINA\master\TFM\FSD50K_DATA\FSD50K.dev_audio\FSD50K_cough_stage1_only\155591.wav,273182,833de1e65f4e727c8f2f27cfe71e9897e2b38991f0bf389041e04cc86863c8d7,44100,1,PCM_16,136552,3.0964172335600906,extracted_and_validated
155603,FSD50K.dev_audio\155603.wav,C:\Users\Usuario\Desktop\UNI MARINA\master\TFM\FSD50K_DATA\FSD50K.dev_audio\FSD50K_cough_stage1_only\155603.wav,610066,b5b4196ca4f7890257b7317f7ae601f1e29ce7a2e1b89f64c1f30c7407efa820,44100,1,PCM_16,304994,6.915963718820862,extracted_and_validated
189786,FSD50K.dev_audio\189786.wav,C:\Users\Usuario\Desktop\UNI MARINA\master\TFM\FSD50K_DATA\FSD50K.dev_audio\FSD50K_cough_stage1_only\189786.wav,125028,2bdce2887725cc14c5ef0eecc100e1ed4741d732a339103137d90a7a58d36ed7,44100,1,PCM_16,62475,1.4166666666666667,extracted_and_validated
207829,FSD50K.dev_audio\207829.wav,C:\Users\Usuario\Desktop\UNI MARINA\master\TFM\FSD50K_DATA\FSD50K.dev_audio\FSD50K_cough_stage1_only\207829.wav,191310,1d47d64f7c6245ab8d05296b6c2e2a231589d33a4a714371012a6a9c5f2dd228,44100,1,PCM_16,95616,2.1681632653061222,extracted_and_validated
219768,FSD50K.dev_audio\219768.wav,C:\Users\Usuario\Desktop\UNI MARINA\master\TFM\FSD50K_DATA\FSD50K.dev_audio\FSD50K_cough_stage1_only\219768.wav,249794,7d4c9641eefcf146abc72232b0a7a1ae7bb53f82c916e491ab2749d6a8cbb701,44100,1,PCM_16,124858,2.8312471655328797,extracted_and_validated
260907,FSD50K.dev_audio\260907.wav,C:\Users\Usuario\Desktop\UNI MARINA\master\TFM\FSD50K_DATA\FSD50K.dev_audio\FSD50K_cough_stage1_only\260907.wav,792654,90f6924fb1b82f20d8e56a0175c8dfa803bb6cf7dcd2819d92a00f2d4d62878e,44100,1,PCM_16,396288,8.986122448979591,extracted_and_validated
262017,FSD50K.dev_audio\262017.wav,C:\Users\Usuario\Desktop\UNI MARINA\master\TFM\FSD50K_DATA\FSD50K.dev_audio\FSD50K_cough_stage1_only\262017.wav,180302,d301a271bb8148d09ac6bfd2d906f611412a59266d3f2538892afe358f6c123e,44100,1,PCM_16,90112,2.043356009070295,extracted_and_validated
263935,FSD50K.dev_audio\263935.wav,C:\Users\Usuario\Desktop\UNI MARINA\master\TFM\FSD50K_DATA\FSD50K.dev_audio\FSD50K_cough_stage1_only\263935.wav,1981872,907b5ddf462c1710b09b2344f295a38474dbcd2fdea48d6b61527d4db09eff50,44100,1,PCM_16,990897,22.469319727891158,extracted_and_validated
319363,FSD50K.dev_audio\319363.wav,C:\Users\Usuario\Desktop\UNI MARINA\master\TFM\FSD50K_DATA\FSD50K.dev_audio\FSD50K_cough_stage1_only\319363.wav,104508,a01ac087a2f2da80dec5cccc9e9f46f78e3712b24b30091d57e0bd68721ceb03,44100,1,PCM_16,52215,1.1840136054421768,extracted_and_validated
325569,FSD50K.dev_audio\325569.wav,C:\Users\Usuario\Desktop\UNI MARINA\master\TFM\FSD50K_DATA\FSD50K.dev_audio\FSD50K_cough_stage1_only\325569.wav,393294,8891507a01c6083a1b02b8fa448bf7738ebf0862864d9e73747a988b55539931,44100,1,PCM_16,196608,4.458231292517007,extracted_and_validated
326096,FSD50K.dev_audio\326096.wav,C:\Users\Usuario\Desktop\UNI MARINA\master\TFM\FSD50K_DATA\FSD50K.dev_audio\FSD50K_cough_stage1_only\326096.wav,93262,d7118c29c37089cecca93b0c3707440f7cea67f3d48716b99c24710fcb6a55dc,44100,1,PCM_16,46592,1.0565079365079366,extracted_and_validated
334154,FSD50K.dev_audio\334154.wav,C:\Users\Usuario\Desktop\UNI MARINA\master\TFM\FSD50K_DATA\FSD50K.dev_audio\FSD50K_cough_stage1_only\334154.wav,373838,2e2872297e5a23173b1fc730665db2c4f7dfec96a269867a0257534673534e8f,44100,1,PCM_16,186880,4.237641723356009,extracted_and_validated
336672,FSD50K.dev_audio\336672.wav,C:\Users\Usuario\Desktop\UNI MARINA\master\TFM\FSD50K_DATA\FSD50K.dev_audio\FSD50K_cough_stage1_only\336672.wav,621646,3c3a81ccc2c5eb192790a53285d9200eaba140c7586e149844a652b8c6ee5a3a,44100,1,PCM_16,310784,7.047256235827664,extracted_and_validated
337678,FSD50K.dev_audio\337678.wav,C:\Users\Usuario\Desktop\UNI MARINA\master\TFM\FSD50K_DATA\FSD50K.dev_audio\FSD50K_cough_stage1_only\337678.wav,101454,40cd769a2efb58d564003a7499645d6c5be11c21e7ccbce72e94231250e69f00,44100,1,PCM_16,50688,1.1493877551020408,extracted_and_validated
353669,FSD50K.dev_audio\353669.wav,C:\Users\Usuario\Desktop\UNI MARINA\master\TFM\FSD50K_DATA\FSD50K.dev_audio\FSD50K_cough_stage1_only\353669.wav,115278,4c207e421be8ad2a54ac449ab634287ac09705ab2b23f9e3e5eac1c19e5ff2b2,44100,1,PCM_16,57600,1.3061224489795917,extracted_and_validated
360890,FSD50K.dev_audio\360890.wav,C:\Users\Usuario\Desktop\UNI MARINA\master\TFM\FSD50K_DATA\FSD50K.dev_audio\FSD50K_cough_stage1_only\360890.wav,525262,1f02fb46e44d9cda4cfb0e8342ae2b29beecf548f020dcf3d64b6f1580216f94,44100,1,PCM_16,262592,5.954467120181406,extracted_and_validated
368380,FSD50K.dev_audio\368380.wav,C:\Users\Usuario\Desktop\UNI MARINA\master\TFM\FSD50K_DATA\FSD50K.dev_audio\FSD50K_cough_stage1_only\368380.wav,865358,28c6b8f55b49a21fa5a092d84ad5abf344b4183bcb8b593c7d32f8a5852059f9,44100,1,PCM_16,432640,9.810430839002267,extracted_and_validated
385829,FSD50K.dev_audio\385829.wav,C:\Users\Usuario\Desktop\UNI MARINA\master\TFM\FSD50K_DATA\FSD50K.dev_audio\FSD50K_cough_stage1_only\385829.wav,173710,8e77e27009c4afce0c9901f7f3c4c363ad82ddabd8c415580d0d137eea7b69da,44100,1,PCM_16,86816,1.9686167800453516,extracted_and_validated
391169,FSD50K.dev_audio\391169.wav,C:\Users\Usuario\Desktop\UNI MARINA\master\TFM\FSD50K_DATA\FSD50K.dev_audio\FSD50K_cough_stage1_only\391169.wav,135798,ea9fc456d901ca39569f1278c7770618681e552ae501877a9b9f22f4483bf1d0,44100,1,PCM_16,67860,1.5387755102040817,extracted_and_validated
407839,FSD50K.dev_audio\407839.wav,C:\Users\Usuario\Desktop\UNI MARINA\master\TFM\FSD50K_DATA\FSD50K.dev_audio\FSD50K_cough_stage1_only\407839.wav,2511432,d092d42a3ff944389bffd0df71e598e07fcd14472de075005ab4867ba4fbc7f4,44100,1,PCM_16,1255677,28.47340136054422,extracted_and_validated
422136,FSD50K.dev_audio\422136.wav,C:\Users\Usuario\Desktop\UNI MARINA\master\TFM\FSD50K_DATA\FSD50K.dev_audio\FSD50K_cough_stage1_only\422136.wav,190120,5022d0327779f6501cfbfbbee4acabf1aa52376fb3cb6a56968df2092aaa69e1,44100,1,PCM_16,95021,2.154671201814059,extracted_and_validated
432095,FSD50K.dev_audio\432095.wav,C:\Users\Usuario\Desktop\UNI MARINA\master\TFM\FSD50K_DATA\FSD50K.dev_audio\FSD50K_cough_stage1_only\432095.wav,44110,a7eed352406aa35fa7e8e95600f92bc113c60f559e091908a31cc3b40616f841,44100,1,PCM_16,22016,0.4992290249433107,extracted_and_validated
432377,FSD50K.dev_audio\432377.wav,C:\Users\Usuario\Desktop\UNI MARINA\master\TFM\FSD50K_DATA\FSD50K.dev_audio\FSD50K_cough_stage1_only\432377.wav,1593046,f4260e6af45ca6fba9bc58f2e3e0250347c54bee044adcc1b0ad0285d7d9164b,44100,1,PCM_16,796484,18.060861678004535,extracted_and_validated
55616,FSD50K.dev_audio\55616.wav,C:\Users\Usuario\Desktop\UNI MARINA\master\TFM\FSD50K_DATA\FSD50K.dev_audio\FSD50K_cough_stage1_only\55616.wav,142926,8a19c2ae5a4d3a532e320b2b00fd0e414372b73231953035e0ceb6c2e5ea5c09,44100,1,PCM_16,71424,1.619591836734694,extracted_and_validated
65184,FSD50K.dev_audio\65184.wav,C:\Users\Usuario\Desktop\UNI MARINA\master\TFM\FSD50K_DATA\FSD50K.dev_audio\FSD50K_cough_stage1_only\65184.wav,308238,7fe80ab536a6a99fbf882fd61a5a72860d36c96c4f498e9c4e2901b1305b1e55,44100,1,PCM_16,154080,3.4938775510204083,extracted_and_validated
69491,FSD50K.dev_audio\69491.wav,C:\Users\Usuario\Desktop\UNI MARINA\master\TFM\FSD50K_DATA\FSD50K.dev_audio\FSD50K_cough_stage1_only\69491.wav,1361666,3e6658ff28baf2ba47a67fbaa616058cc35ecdbb33ceb63a538d61aa024a2b40,44100,1,PCM_16,680794,15.437505668934241,extracted_and_validated
91974,FSD50K.dev_audio\91974.wav,C:\Users\Usuario\Desktop\UNI MARINA\master\TFM\FSD50K_DATA\FSD50K.dev_audio\FSD50K_cough_stage1_only\91974.wav,158996,a7d5968d04fd4ff58f7d4f2587fcde9036043d4cf2d002cfdeb8c5b63874e395,44100,1,PCM_16,79459,1.8017913832199546,extracted_and_validated
98676,FSD50K.dev_audio\98676.wav,C:\Users\Usuario\Desktop\UNI MARINA\master\TFM\FSD50K_DATA\FSD50K.dev_audio\FSD50K_cough_stage1_only\98676.wav,191310,657dbbf6452cc273155d4e182e13cab66f9a7959bb46340985475bcaefbcc171,44100,1,PCM_16,95616,2.1681632653061222,extracted_and_validated
