feature_index,mean_mi_score_folds,std_mi_score_folds,mean_mi_rank_folds,selected_fold_count,feature_name,scattering_order,mi_score_full_train,mi_rank_full_train,selected_final,selected_feature_count,selected_fraction
36,0.04589711448233271,0.013613246128107832,3.0,5,wst_order1_path0036_mean,1,0.04704878266190038,1,True,94,1.0
425,0.03512867824427492,0.00779138263777135,12.8,5,wst_order2_path0425_mean,2,0.03709975801588716,3,True,549,1.0
318,0.03365055690503893,0.010473506802351797,26.4,5,wst_order2_path0318_mean,2,0.039617352666201144,2,True,549,1.0
542,0.03322880628121801,0.011585506063724499,34.6,5,wst_order2_path0542_mean,2,0.03427055411915325,4,True,549,1.0
439,0.03143458431327693,0.007306491847959209,24.6,5,wst_order2_path0439_mean,2,0.03268729342584309,8,True,549,1.0
434,0.030714971956012825,0.009847082090149565,37.6,5,wst_order2_path0434_mean,2,0.02535318379796614,24,True,549,1.0
442,0.030602978200669862,0.0028765912659716193,18.8,5,wst_order2_path0442_mean,2,0.03152621476890283,13,True,549,1.0
428,0.029740933050477647,0.005432207098768554,22.0,5,wst_order2_path0428_mean,2,0.02953338681987283,14,True,549,1.0
38,0.02889928808937241,0.006355740558453527,32.6,5,wst_order1_path0038_mean,1,0.024085015980571445,33,True,94,1.0
525,0.02873524757566086,0.009262902659997513,43.6,5,wst_order2_path0525_mean,2,0.028201607732653455,16,True,549,1.0
540,0.028235643447917003,0.002679492659347086,27.2,5,wst_order2_path0540_mean,2,0.03381650341883047,5,True,549,1.0
423,0.027949290050831976,0.0047316181528656714,32.4,5,wst_order2_path0423_mean,2,0.03340194048333833,7,True,549,1.0
35,0.02747610898163595,0.010786576562255764,54.0,5,wst_order1_path0035_mean,1,0.029248399395185087,15,True,94,1.0
449,0.027278786422106193,0.00816159728011822,46.4,5,wst_order2_path0449_mean,2,0.03173888652389212,11,True,549,1.0
405,0.027026329223479896,0.010179725644926136,54.8,5,wst_order2_path0405_mean,2,0.027187291612601472,20,True,549,1.0
323,0.02697579064986986,0.011496132587745261,66.6,5,wst_order2_path0323_mean,2,0.021689511899258607,52,True,549,1.0
286,0.02671016164297262,0.007231517026432028,45.8,5,wst_order2_path0286_mean,2,0.03161642577316526,12,True,549,1.0
414,0.026482997309066336,0.005906728032950746,45.0,5,wst_order2_path0414_mean,2,0.03179639580710436,10,True,549,1.0
42,0.02594643670228449,0.005830621486472316,47.4,5,wst_order1_path0042_mean,1,0.03245658819041819,9,True,94,1.0
436,0.025800243983322924,0.0060063775995539345,50.0,5,wst_order2_path0436_mean,2,0.027289666923545175,18,True,549,1.0
421,0.025396343087153373,0.009225445009157444,64.6,5,wst_order2_path0421_mean,2,0.022014929613772605,47,True,549,1.0
528,0.025288602904068334,0.007249543822753546,55.0,5,wst_order2_path0528_mean,2,0.03353457773973845,6,True,549,1.0
249,0.024947255954819125,0.007866444294126385,63.4,5,wst_order2_path0249_mean,2,0.022825865004777457,38,True,549,1.0
526,0.024814608514989935,0.003870101285932511,47.6,5,wst_order2_path0526_mean,2,0.02507878888307591,25,True,549,1.0
359,0.0239763790891816,0.012442965149228206,88.8,5,wst_order2_path0359_mean,2,0.027263767100785152,19,True,549,1.0
23,0.02376748084496736,0.008531446735608314,75.0,5,wst_order1_path0023_mean,1,0.024032141982745614,34,True,94,1.0
416,0.02348673207209928,0.009181190330963672,80.4,5,wst_order2_path0416_mean,2,0.021911447984176213,49,True,549,1.0
480,0.023141506297976334,0.011070345748074067,89.4,5,wst_order2_path0480_mean,2,0.02127985942652888,59,True,549,1.0
120,0.02296164474534761,0.005942876701366698,74.6,5,wst_order2_path0120_mean,2,0.02470210976372722,27,True,549,1.0
435,0.022847946147994146,0.007789376687424912,77.8,5,wst_order2_path0435_mean,2,0.02223922935728706,45,True,549,1.0
10,0.02270622186365876,0.009524671884550629,89.0,5,wst_order1_path0010_mean,1,0.027903465767519453,17,True,94,1.0
304,0.02267612502501635,0.0061040535652136865,70.6,5,wst_order2_path0304_mean,2,0.021305156091543376,58,True,549,1.0
296,0.02248523782838876,0.00876383099839175,91.0,5,wst_order2_path0296_mean,2,0.024479385991909686,29,True,549,1.0
489,0.02229080740121132,0.005706438887941324,73.0,5,wst_order2_path0489_mean,2,0.027098930946266808,21,True,549,1.0
516,0.02224234407828183,0.005821890699863359,75.8,5,wst_order2_path0516_mean,2,0.02440018196692373,32,True,549,1.0
413,0.02213716253696858,0.0045302854498514315,72.6,5,wst_order2_path0413_mean,2,0.014886170083990624,141,True,549,1.0
432,0.021919063701713613,0.002819437919209203,69.0,5,wst_order2_path0432_mean,2,0.022434907202582233,42,True,549,1.0
446,0.021886741661087106,0.009059031194349462,100.0,5,wst_order2_path0446_mean,2,0.016322023911019556,117,True,549,1.0
429,0.02182362121683288,0.00796773996581711,94.6,5,wst_order2_path0429_mean,2,0.025454732399683433,23,True,549,1.0
77,0.02179025564107464,0.004343434027296863,76.6,5,wst_order1_path0077_mean,1,0.023515582634109577,35,True,94,1.0
418,0.021743692932460323,0.008368846020068769,88.4,5,wst_order2_path0418_mean,2,0.022700725291233903,39,True,549,1.0
365,0.021594395706028325,0.0034299777057045285,78.4,5,wst_order2_path0365_mean,2,0.018685715388584212,88,True,549,1.0
426,0.02157475901457624,0.0065595514340571264,88.6,5,wst_order2_path0426_mean,2,0.02441936335669115,31,True,549,1.0
239,0.021552100257344175,0.008611473774127179,98.6,5,wst_order2_path0239_mean,2,0.02134534666466359,57,True,549,1.0
515,0.02145750729605962,0.009775856635109109,97.8,5,wst_order2_path0515_mean,2,0.021660962976328246,54,True,549,1.0
236,0.021441479548986474,0.004797853288262608,82.6,5,wst_order2_path0236_mean,2,0.021718531869016955,51,True,549,1.0
532,0.021276447795466513,0.007749653032945656,91.4,5,wst_order2_path0532_mean,2,0.02110992769437714,63,True,549,1.0
456,0.02074439502564531,0.006712283088719833,94.8,5,wst_order2_path0456_mean,2,0.020051084738822,70,True,549,1.0
34,0.020520199947983243,0.007252375435893457,99.6,5,wst_order1_path0034_mean,1,0.018381213982778588,94,True,94,1.0
4,0.02041132707056752,0.00923522904653247,111.8,5,wst_order1_path0004_mean,1,0.02444887440290744,30,True,94,1.0
523,0.020268551293508085,0.008871760802919378,117.4,5,wst_order2_path0523_mean,2,0.020088107690646728,69,True,549,1.0
511,0.02015745722047777,0.004574028303827763,93.6,5,wst_order2_path0511_mean,2,0.021405375627789436,56,True,549,1.0
514,0.019916524565433046,0.008664576012347613,109.6,5,wst_order2_path0514_mean,2,0.016952987993919644,109,True,549,1.0
237,0.019807646253978815,0.0054175864953682346,96.2,5,wst_order2_path0237_mean,2,0.018658941396300754,89,True,549,1.0
100,0.01980693294687841,0.010508544670898984,126.0,5,wst_order2_path0100_mean,2,0.016900490459197615,112,True,549,1.0
505,0.019803123105176467,0.007439217714792491,109.0,5,wst_order2_path0505_mean,2,0.017285213409631073,106,True,549,1.0
612,0.019585897643758843,0.005622852484717788,102.2,5,wst_order2_path0612_mean,2,0.01970123912367372,74,True,549,1.0
545,0.019517365194661896,0.012092528917808001,168.6,5,wst_order2_path0545_mean,2,0.021200086327950896,60,True,549,1.0
310,0.019402880304317093,0.01148744839952304,152.0,5,wst_order2_path0310_mean,2,0.021533174563651336,55,True,549,1.0
21,0.019218988521684244,0.004768500401655457,104.0,5,wst_order1_path0021_mean,1,0.026420484406598055,22,True,94,1.0
560,0.019134793334767863,0.003460630656076277,105.8,5,wst_order2_path0560_mean,2,0.019159072014615086,80,True,549,1.0
427,0.0190850412546947,0.007942613061546068,120.8,5,wst_order2_path0427_mean,2,0.02115035700564638,62,True,549,1.0
27,0.018827801765716502,0.002425888786640014,107.6,5,wst_order1_path0027_mean,1,0.016536015357398126,116,True,94,1.0
303,0.018644056823477185,0.008172702680932682,124.4,5,wst_order2_path0303_mean,2,0.019881981400639237,72,True,549,1.0
397,0.018605039114228283,0.010580904733905524,137.2,5,wst_order2_path0397_mean,2,0.01805988246045609,96,True,549,1.0
243,0.018479676234995558,0.008873212199805507,126.2,5,wst_order2_path0243_mean,2,0.018841798327297044,84,True,549,1.0
220,0.018464132951290946,0.0038012730384826064,111.6,5,wst_order2_path0220_mean,2,0.017632409987577313,102,True,549,1.0
108,0.018415325683127027,0.00430363226973446,110.8,5,wst_order2_path0108_mean,2,0.01773239064666421,99,True,549,1.0
53,0.018384920025066753,0.007173301023363666,125.6,5,wst_order1_path0053_mean,1,0.01740163532695016,105,True,94,1.0
94,0.0183567526184774,0.007118589523735431,126.4,5,wst_order1_path0094_mean,1,0.0211595352563001,61,True,94,1.0
410,0.01832077364273412,0.004753475822617068,110.2,5,wst_order2_path0410_mean,2,0.024529690065716814,28,True,549,1.0
504,0.018194653096381287,0.014602440906197096,195.8,5,wst_order2_path0504_mean,2,0.02286308195278708,37,True,549,1.0
266,0.017996757308009804,0.01042554840048404,144.8,5,wst_order2_path0266_mean,2,0.0109556159472175,222,True,549,1.0
295,0.01794825894268448,0.006235759958739496,126.6,5,wst_order2_path0295_mean,2,0.018587590837159107,90,True,549,1.0
349,0.017934780588804468,0.008390722102630909,138.2,5,wst_order2_path0349_mean,2,0.013445916589265083,166,True,549,1.0
473,0.01777897254513099,0.011803926262074198,181.2,5,wst_order2_path0473_mean,2,0.015095186789949366,137,True,549,1.0
513,0.01776262626769789,0.006299488770605725,130.6,5,wst_order2_path0513_mean,2,0.019605693092229703,75,True,549,1.0
255,0.017626129761342035,0.00842470890232231,140.6,5,wst_order2_path0255_mean,2,0.014257324448492259,154,True,549,1.0
47,0.017578959275127072,0.006147560340286147,137.6,5,wst_order1_path0047_mean,1,0.015685241523845317,126,True,94,1.0
333,0.017564036744404366,0.006428253099861671,128.8,5,wst_order2_path0333_mean,2,0.02175427338954683,50,True,549,1.0
372,0.017388739011279818,0.005857161402585483,135.8,5,wst_order2_path0372_mean,2,0.0222872734257602,44,True,549,1.0
73,0.01720199518529566,0.009993688290579682,159.4,5,wst_order1_path0073_mean,1,0.015418602057431396,132,True,94,1.0
443,0.017192730184561755,0.00814872111286909,143.8,5,wst_order2_path0443_mean,2,0.015692602656199206,125,True,549,1.0
468,0.016988037425600223,0.012492615437403848,170.8,5,wst_order2_path0468_mean,2,0.023382416519952542,36,True,549,1.0
615,0.01693753112416472,0.00835367164650895,148.4,5,wst_order2_path0615_mean,2,0.016592085770265497,115,True,549,1.0
326,0.01688236711631843,0.002553605820897707,127.8,5,wst_order2_path0326_mean,2,0.018727552252427282,87,True,549,1.0
39,0.016850100105278765,0.0051364050315184815,139.4,5,wst_order1_path0039_mean,1,0.015103289630247652,136,True,94,1.0
458,0.01683092202916834,0.011776682315425883,175.4,5,wst_order2_path0458_mean,2,0.021072070035987878,64,True,549,1.0
487,0.016766459196032944,0.0058834430762277,143.8,5,wst_order2_path0487_mean,2,0.0135284707882668,163,True,549,1.0
258,0.016683314236532264,0.006274151041690166,146.6,5,wst_order2_path0258_mean,2,0.022690927478854483,40,True,549,1.0
575,0.016498406873593163,0.009836752882741428,168.4,5,wst_order2_path0575_mean,2,0.01805804879249817,97,True,549,1.0
50,0.016468645420319738,0.00930409055591243,155.8,5,wst_order1_path0050_mean,1,0.020991379658112708,65,True,94,1.0
406,0.01642116646832146,0.0065921461252631776,146.6,5,wst_order2_path0406_mean,2,0.015486522353616472,130,True,549,1.0
470,0.016292205536718108,0.012409861885800063,181.4,5,wst_order2_path0470_mean,2,0.01562758195354297,128,True,549,1.0
520,0.016236957529259,0.01429157377083529,217.6,5,wst_order2_path0520_mean,2,0.015169846018767696,135,True,549,1.0
252,0.016205285430430382,0.005951728045951063,146.6,5,wst_order2_path0252_mean,2,0.02056020797709257,68,True,549,1.0
390,0.01619609328447371,0.007318282274599771,156.8,5,wst_order2_path0390_mean,2,0.012854018146876589,178,True,549,1.0
501,0.016183425843319423,0.010314982948890054,173.6,5,wst_order2_path0501_mean,2,0.016908871420361793,111,True,549,1.0
306,0.0160193713652776,0.008808248216078072,165.4,5,wst_order2_path0306_mean,2,0.020686408454179572,67,True,549,1.0
169,0.015992446128472393,0.01107022652614009,181.4,5,wst_order2_path0169_mean,2,0.018026743988822425,98,True,549,1.0
154,0.01597988020840404,0.0092632154122217,166.2,5,wst_order2_path0154_mean,2,0.019409466335399195,77,True,549,1.0
547,0.015932804892771248,0.010087380661963482,201.4,5,wst_order2_path0547_mean,2,0.012603619732138638,181,True,549,1.0
230,0.015903358934490353,0.009562459936495502,168.8,5,wst_order2_path0230_mean,2,0.02209661563154519,46,True,549,1.0
544,0.015848725526657503,0.007993733288137003,165.0,5,wst_order2_path0544_mean,2,0.014658482067664513,145,True,549,1.0
201,0.015843324905446952,0.00931555518731608,179.4,5,wst_order2_path0201_mean,2,0.009397669798755892,258,True,549,1.0
71,0.015818343979329307,0.009736485095531032,172.0,5,wst_order1_path0071_mean,1,0.015924443343215966,121,True,94,1.0
422,0.015735301761928343,0.004929839180434326,150.4,5,wst_order2_path0422_mean,2,0.014729036065532775,144,True,549,1.0
400,0.015649961886538843,0.00604310626588467,147.0,5,wst_order2_path0400_mean,2,0.009230954515718759,266,True,549,1.0
519,0.015528259335975968,0.01311518219685934,199.6,5,wst_order2_path0519_mean,2,0.015480449347242686,131,True,549,1.0
163,0.015502062116146798,0.006660103931167981,158.6,5,wst_order2_path0163_mean,2,0.020935661116887383,66,True,549,1.0
574,0.015485261425474484,0.005874074649788212,157.6,5,wst_order2_path0574_mean,2,0.01934498870178225,78,True,549,1.0
244,0.015370816463743697,0.009787843617469268,177.4,5,wst_order2_path0244_mean,2,0.01906797114420833,82,True,549,1.0
354,0.015369669652442398,0.008136955977893644,169.8,5,wst_order2_path0354_mean,2,0.019976369988343956,71,True,549,1.0
373,0.015357988197609095,0.00937082575605533,199.6,5,wst_order2_path0373_mean,2,0.014018548770848183,158,True,549,1.0
374,0.015321163018111993,0.007415654062042935,166.8,5,wst_order2_path0374_mean,2,0.014939112514426478,138,True,549,1.0
331,0.015277901015759899,0.002965006993737038,152.8,5,wst_order2_path0331_mean,2,0.008504673298855625,280,True,549,1.0
40,0.015266253651640893,0.012087982653833304,194.8,5,wst_order1_path0040_mean,1,0.019838915047440064,73,True,94,1.0
538,0.01520663609642292,0.009490676336744823,205.6,5,wst_order2_path0538_mean,2,0.019277348093136526,79,True,549,1.0
172,0.015076575907407052,0.007034127298032861,172.0,5,wst_order2_path0172_mean,2,0.016822235428580523,113,True,549,1.0
103,0.014996284419111694,0.00654994983736363,171.8,5,wst_order2_path0103_mean,2,0.017731564308165693,100,True,549,1.0
153,0.014871508181871995,0.009633960347427157,186.0,5,wst_order2_path0153_mean,2,0.013752376486025453,160,True,549,1.0
107,0.014854403223973555,0.008035525793654115,179.8,5,wst_order2_path0107_mean,2,0.019121971396139026,81,True,549,1.0
332,0.014734018346500077,0.005423727539794723,163.0,5,wst_order2_path0332_mean,2,0.019582644017114514,76,True,549,1.0
363,0.014633828364690382,0.007526305893142561,181.0,5,wst_order2_path0363_mean,2,0.02261532318930226,41,True,549,1.0
517,0.014620893706867876,0.003388776938595006,160.0,5,wst_order2_path0517_mean,2,0.011169870305924201,216,True,549,1.0
620,0.014582185462027164,0.009270076069443078,217.8,5,wst_order2_path0620_mean,2,0.01303744100840154,173,True,549,1.0
441,0.014561475114825173,0.004368436132958285,166.8,5,wst_order2_path0441_mean,2,0.011605008204177425,202,True,549,1.0
337,0.014410692892868181,0.0038777971590154853,170.6,5,wst_order2_path0337_mean,2,0.018431534685418027,93,True,549,1.0
192,0.014393306891648505,0.009657195977958348,190.8,5,wst_order2_path0192_mean,2,0.01630990385354769,118,True,549,1.0
293,0.014304022511121816,0.008605962986062494,186.8,5,wst_order2_path0293_mean,2,0.01883785807636018,85,True,549,1.0
20,0.014272354240136042,0.006788099473857255,182.0,5,wst_order1_path0020_mean,1,0.016932148741207742,110,True,94,1.0
6,0.014201395046213072,0.004524822550638408,175.4,5,wst_order1_path0006_mean,1,0.01175343119545702,198,True,94,1.0
31,0.014120963354105908,0.00391924167818711,175.0,5,wst_order1_path0031_mean,1,0.00938871776805339,262,True,94,1.0
447,0.014010983387145437,0.010553618667511385,205.2,5,wst_order2_path0447_mean,2,0.016233363118340227,120,True,549,1.0
12,0.013983950093851094,0.004353061263110693,181.4,5,wst_order1_path0012_mean,1,0.017452673131389984,104,True,94,1.0
364,0.013908618595526123,0.0074416053438308045,185.8,5,wst_order2_path0364_mean,2,0.017082254315968992,107,True,549,1.0
5,0.013884083451017793,0.006118764129390886,185.0,5,wst_order1_path0005_mean,1,0.013275903520203247,167,True,94,1.0
44,0.013879787051370229,0.005482339745389247,175.2,5,wst_order1_path0044_mean,1,0.015673243504043644,127,True,94,1.0
132,0.013797902176611388,0.004005276815355297,184.4,5,wst_order2_path0132_mean,2,0.014408847655206447,150,True,549,1.0
58,0.013734799395966002,0.009770251454080654,198.4,5,wst_order1_path0058_mean,1,0.01319400730302589,168,True,94,1.0
389,0.013699775088207522,0.004337407157530117,179.8,5,wst_order2_path0389_mean,2,0.022310264814968228,43,True,549,1.0
424,0.013675241596360087,0.008536801541291269,218.0,5,wst_order2_path0424_mean,2,0.011856889699535467,195,True,549,1.0
497,0.013614845931193775,0.006489825932493952,192.6,5,wst_order2_path0497_mean,2,0.015919253651094367,122,True,549,1.0
599,0.013467953934279641,0.009826735606629325,244.6,5,wst_order2_path0599_mean,2,0.011636023761520509,201,True,549,1.0
19,0.013423124531996011,0.012785907051623331,228.8,5,wst_order1_path0019_mean,1,0.016687922372267128,114,True,94,1.0
603,0.013347627202262213,0.005687559960971218,187.8,5,wst_order2_path0603_mean,2,0.01432488351649197,152,True,549,1.0
533,0.013319883221219086,0.009007913409959907,200.0,5,wst_order2_path0533_mean,2,0.0077035935065936645,305,True,549,1.0
98,0.013314675185568392,0.002942434874541286,182.0,5,wst_order2_path0098_mean,2,0.016252051762471353,119,True,549,1.0
145,0.013309610224586566,0.012509471424251448,229.6,5,wst_order2_path0145_mean,2,0.009961887899845978,242,True,549,1.0
268,0.013282494070398521,0.010620305121311095,231.8,5,wst_order2_path0268_mean,2,0.010938130884811326,224,True,549,1.0
451,0.013270473347901879,0.0075552126869354586,204.6,5,wst_order2_path0451_mean,2,0.010940361071355209,223,True,549,1.0
585,0.013255077346287614,0.006317898066688601,199.4,5,wst_order2_path0585_mean,2,0.0,625,True,549,1.0
457,0.013218426487777667,0.006714377410024069,196.4,5,wst_order2_path0457_mean,2,0.011589915454822242,204,True,549,1.0
257,0.013216827094927285,0.007643384581244125,197.4,5,wst_order2_path0257_mean,2,0.010719164252444902,228,True,549,1.0
495,0.013197059692922685,0.011368035748175883,217.4,5,wst_order2_path0495_mean,2,0.012194732153298249,188,True,549,1.0
437,0.01315644912172087,0.007912780147495182,206.6,5,wst_order2_path0437_mean,2,0.014051453971537953,156,True,549,1.0
598,0.01312552877291786,0.009762553367782603,244.4,5,wst_order2_path0598_mean,2,0.02472560725910533,26,True,549,1.0
591,0.013065701583050825,0.005311409394569421,188.8,5,wst_order2_path0591_mean,2,0.013151905911345407,170,True,549,1.0
594,0.013018587457642995,0.009046833776645868,238.4,5,wst_order2_path0594_mean,2,0.006366023352878836,328,True,549,1.0
115,0.013017344609612059,0.00882921180135658,209.4,5,wst_order2_path0115_mean,2,0.017546988252694184,103,True,549,1.0
248,0.013012701579099107,0.013326887516543083,242.6,5,wst_order2_path0248_mean,2,0.009910146928212571,243,True,549,1.0
161,0.01295944474748092,0.005515791137813304,198.0,5,wst_order2_path0161_mean,2,0.012940172070245337,176,True,549,1.0
502,0.012886661623723894,0.011771408108593265,260.8,5,wst_order2_path0502_mean,2,0.009388913163162815,261,True,549,1.0
463,0.012879123458288566,0.007033564341081941,205.2,5,wst_order2_path0463_mean,2,0.01854696782001497,91,True,549,1.0
543,0.012843199363589885,0.01189992432280705,287.4,5,wst_order2_path0543_mean,2,0.017671136688175215,101,True,549,1.0
0,0.012828857384653869,0.007287716390089428,204.6,5,wst_order0_path0000_mean,0,0.012570552739767038,184,True,1,1.0
376,0.012826513551791586,0.003392621447449694,189.2,5,wst_order2_path0376_mean,2,0.009840992109518831,245,True,549,1.0
412,0.012694936970062454,0.007259767192253108,211.0,5,wst_order2_path0412_mean,2,0.01530090000052775,133,True,549,1.0
626,0.012680084370227362,0.009086321317669855,252.8,5,wst_order2_path0626_mean,2,0.014511263589158219,147,True,549,1.0
415,0.012663053410768477,0.011555776324668792,230.8,5,wst_order2_path0415_mean,2,0.008532783143088807,279,True,549,1.0
37,0.012655450852397632,0.007884075903758454,212.4,5,wst_order1_path0037_mean,1,0.011947215873138628,194,True,94,1.0
433,0.012636784815804126,0.009868871931651535,241.4,5,wst_order2_path0433_mean,2,0.012010194441432143,192,True,549,1.0
183,0.012633590947581963,0.008819299455281046,220.4,5,wst_order2_path0183_mean,2,0.00810586946094638,290,True,549,1.0
33,0.01262815003208848,0.008577290153708136,221.4,5,wst_order1_path0033_mean,1,0.009748921200535499,247,True,94,1.0
583,0.012560783421594123,0.013714022246064952,314.8,5,wst_order2_path0583_mean,2,0.012578229707199906,183,True,549,1.0
271,0.012526857587262663,0.004596699262282311,196.4,5,wst_order2_path0271_mean,2,0.011456917445056058,206,True,549,1.0
340,0.012520375589261556,0.011511885316625815,257.6,5,wst_order2_path0340_mean,2,0.008102644924977698,292,True,549,1.0
182,0.012507713599719982,0.010921333511277694,240.4,5,wst_order2_path0182_mean,2,0.013069723941357747,172,True,549,1.0
241,0.01247556038759381,0.00705750990203355,212.4,5,wst_order2_path0241_mean,2,0.011424137576063309,209,True,549,1.0
149,0.012475233065970093,0.00496143070455978,204.6,5,wst_order2_path0149_mean,2,0.018541768118929713,92,True,549,1.0
65,0.01239713641925797,0.004880790908800935,209.0,5,wst_order1_path0065_mean,1,0.01873051106939516,86,True,94,1.0
479,0.012282681763565683,0.005501017460662315,213.2,5,wst_order2_path0479_mean,2,0.007884030573702239,299,True,549,1.0
32,0.012271393712018863,0.006363366639546286,217.0,5,wst_order1_path0032_mean,1,0.007991856757236127,295,True,94,1.0
203,0.012268521258829202,0.005358779656118676,211.6,5,wst_order2_path0203_mean,2,0.01898945825830567,83,True,549,1.0
407,0.012229512320876611,0.009956255670246092,246.4,5,wst_order2_path0407_mean,2,0.014417955348811518,149,True,549,1.0
327,0.012203607163024887,0.005196027515158741,208.2,5,wst_order2_path0327_mean,2,0.010453824848670967,236,True,549,1.0
375,0.012178316770507226,0.005580216848180253,209.8,5,wst_order2_path0375_mean,2,0.015890368564471347,123,True,549,1.0
321,0.01212306574939519,0.007902949604035168,238.4,5,wst_order2_path0321_mean,2,0.007821228622440612,301,True,549,1.0
341,0.012040189536382594,0.003591153294791112,210.6,5,wst_order2_path0341_mean,2,0.012148164872001876,190,True,549,1.0
551,0.0118950584998057,0.00628783489385652,216.6,5,wst_order2_path0551_mean,2,0.014395108778237908,151,True,549,1.0
640,0.011847986104823117,0.008889521774338867,228.6,5,wst_order2_path0640_mean,2,0.015713168427225144,124,True,549,1.0
106,0.011798103560188889,0.006292726418658289,216.6,5,wst_order2_path0106_mean,2,0.010095571561093752,239,True,549,1.0
494,0.01174068737844749,0.009312631611989385,233.0,5,wst_order2_path0494_mean,2,0.015227471854383667,134,True,549,1.0
529,0.011714216199787408,0.00781254312028683,226.8,5,wst_order2_path0529_mean,2,0.011760781545763876,197,True,549,1.0
339,0.011700157791979037,0.0089866470465209,229.0,5,wst_order2_path0339_mean,2,0.008451845763191912,282,True,549,1.0
137,0.011669982843436122,0.008487829212649392,233.6,5,wst_order2_path0137_mean,2,0.011049878125356516,218,True,549,1.0
49,0.011600353306693423,0.007127500813551482,229.2,5,wst_order1_path0049_mean,1,0.012594701509228035,182,True,94,1.0
638,0.011595811225997333,0.008918289615298789,269.8,5,wst_order2_path0638_mean,2,0.01143319411639343,207,True,549,1.0
586,0.01159478784932615,0.012089357703125992,258.0,5,wst_order2_path0586_mean,2,0.0042318452898317815,370,True,549,1.0
307,0.011563996460489667,0.0061764757934061176,227.2,5,wst_order2_path0307_mean,2,0.02192432324878757,48,True,549,1.0
507,0.011530290959939427,0.006002653679676815,222.4,5,wst_order2_path0507_mean,2,0.010600869935642132,231,True,549,1.0
330,0.011485367162298577,0.007588499362478289,249.6,5,wst_order2_path0330_mean,2,0.009369887420575207,263,True,549,1.0
84,0.011483532612375802,0.009117621882969221,233.4,5,wst_order1_path0084_mean,1,0.014476753725118474,148,True,94,1.0
522,0.011438706402963872,0.005602779701468321,222.8,5,wst_order2_path0522_mean,2,0.01088348903457459,225,True,549,1.0
52,0.011416022666633463,0.008658496729110211,238.4,5,wst_order1_path0052_mean,1,0.012003637684045554,193,True,94,1.0
317,0.011391265031538955,0.009467504002368754,258.0,5,wst_order2_path0317_mean,2,0.021665363838403673,53,True,549,1.0
265,0.011375729331357354,0.012997686656752322,280.8,5,wst_order2_path0265_mean,2,0.011595880662780722,203,True,549,1.0
63,0.011324639695762783,0.010790882549616913,253.8,5,wst_order1_path0063_mean,1,0.010960318728604923,221,True,94,1.0
338,0.011300634129243693,0.008260124837969094,233.8,5,wst_order2_path0338_mean,2,0.014174883920639036,155,True,549,1.0
188,0.01126342232100055,0.007396983636524172,236.8,5,wst_order2_path0188_mean,2,0.014917506686421333,140,True,549,1.0
29,0.011224282396133312,0.007898251122061538,234.2,5,wst_order1_path0029_mean,1,0.013491259856604376,165,True,94,1.0
609,0.01120224177373994,0.008051009721759615,276.4,5,wst_order2_path0609_mean,2,0.007673196854155018,306,True,549,1.0
215,0.011174733352222655,0.005264091339608583,232.0,5,wst_order2_path0215_mean,2,0.007341636389843309,312,True,549,1.0
130,0.011137352639249355,0.007476540903785306,233.6,5,wst_order2_path0130_mean,2,0.014926753601873788,139,True,549,1.0
430,0.01103826454270589,0.00641155936837143,256.0,5,wst_order2_path0430_mean,2,0.018332754075199853,95,True,549,1.0
358,0.011018514914241263,0.007692467927914368,236.8,5,wst_order2_path0358_mean,2,0.011349999062019167,211,True,549,1.0
46,0.011004648721442578,0.0075831516559026965,243.2,5,wst_order1_path0046_mean,1,0.005061005029629584,352,True,94,1.0
536,0.010876575032508695,0.00760219240625858,244.6,5,wst_order2_path0536_mean,2,0.01311463042412453,171,True,549,1.0
22,0.01076667414148531,0.006022631551152822,235.0,5,wst_order1_path0022_mean,1,0.011743990612866684,199,True,94,1.0
171,0.01075364327463051,0.009675046494644743,258.0,5,wst_order2_path0171_mean,2,0.009447832635436582,255,True,549,1.0
362,0.010738824148218518,0.009797054802846155,277.2,5,wst_order2_path0362_mean,2,0.009098689078194555,271,True,549,1.0
394,0.010738428150005763,0.007869414261328499,247.6,5,wst_order2_path0394_mean,2,0.009420618343718434,257,True,549,1.0
170,0.010714047893911793,0.0043619837734034045,230.0,5,wst_order2_path0170_mean,2,0.01124771131868263,215,True,549,1.0
601,0.010578439698922448,0.0072912925927554,242.4,5,wst_order2_path0601_mean,2,0.010509079842564661,235,True,549,1.0
309,0.010576844889971815,0.005437466197542055,236.6,5,wst_order2_path0309_mean,2,0.00868917896410859,277,True,549,1.0
460,0.010495152239256723,0.006375073588121397,267.8,5,wst_order2_path0460_mean,2,0.009250034327628054,265,True,549,1.0
260,0.010458560932108351,0.0049439669273176395,241.2,5,wst_order2_path0260_mean,2,0.012178335855627997,189,True,549,1.0
224,0.010272575912581594,0.013252980454951475,310.6,5,wst_order2_path0224_mean,2,0.009212512196602907,267,True,549,1.0
371,0.010236834636053072,0.0077624116804534985,253.6,5,wst_order2_path0371_mean,2,0.013797051090787438,159,True,549,1.0
521,0.010228703385931626,0.006701031548353676,253.0,5,wst_order2_path0521_mean,2,0.012836521295406245,179,True,549,1.0
527,0.010184896345651052,0.007147370918545332,258.0,5,wst_order2_path0527_mean,2,0.00814809703229602,289,True,549,1.0
121,0.010127572563105147,0.005821082702238566,246.8,5,wst_order2_path0121_mean,2,0.008253607359818727,285,True,549,1.0
566,0.010036943719044756,0.0055588465277595246,248.4,5,wst_order2_path0566_mean,2,0.01365853267778605,161,True,549,1.0
510,0.009979467583868917,0.008451871356775317,292.6,5,wst_order2_path0510_mean,2,0.01053001798645492,233,True,549,1.0
404,0.009920205309064789,0.00922359895665578,316.4,5,wst_order2_path0404_mean,2,0.009784800174474695,246,True,549,1.0
127,0.009919993380732484,0.008337987437660932,256.8,5,wst_order2_path0127_mean,2,0.012994141898022837,175,True,549,1.0
292,0.009919517083538798,0.009331151022634909,296.6,5,wst_order2_path0292_mean,2,0.01059573609473552,232,True,549,1.0
556,0.009880982561537044,0.00624050269314012,257.2,5,wst_order2_path0556_mean,2,0.017077761728463647,108,True,549,1.0
151,0.009868413709180368,0.007655235339097924,270.0,5,wst_order2_path0151_mean,2,0.01431880926732143,153,True,549,1.0
420,0.009865969591987156,0.008720349089752907,287.2,5,wst_order2_path0420_mean,2,0.0064995029839005625,325,True,549,1.0
195,0.009853094217333335,0.00847892726098245,257.8,5,wst_order2_path0195_mean,2,0.01104690798810437,219,True,549,1.0
282,0.00984572092708329,0.004495027735135765,252.4,5,wst_order2_path0282_mean,2,0.009389448940200662,260,True,549,1.0
571,0.009831832025974086,0.006988262936974676,256.8,5,wst_order2_path0571_mean,2,0.011277932701220461,214,True,549,1.0
26,0.009798703631766515,0.0014845845655190918,243.4,5,wst_order1_path0026_mean,1,0.014749959560943271,142,True,94,1.0
377,0.009797054499803347,0.009236577953324075,285.0,5,wst_order2_path0377_mean,2,0.012405178676588191,186,True,549,1.0
617,0.009631636715307002,0.012495196495969427,334.8,5,wst_order2_path0617_mean,2,0.011812798673217273,196,True,549,1.0
129,0.009620743160005362,0.0059040215430240005,267.8,5,wst_order2_path0129_mean,2,0.011364950403855323,210,True,549,1.0
584,0.009594002458948347,0.006504919891525841,260.8,5,wst_order2_path0584_mean,2,0.01557284996677022,129,True,549,1.0
275,0.009571023210579944,0.004192517983848247,251.0,5,wst_order2_path0275_mean,2,0.011428229740551465,208,True,549,1.0
546,0.009570957447854989,0.009108778516418323,327.4,5,wst_order2_path0546_mean,2,0.007553129076091736,309,True,549,1.0
30,0.009481210267855778,0.0046281304415654485,259.4,5,wst_order1_path0030_mean,1,0.00598440096249897,334,True,94,1.0
589,0.009478889611437325,0.010002617424653694,314.8,5,wst_order2_path0589_mean,2,0.010818796425194899,226,True,549,1.0
194,0.009401781301630718,0.006169708303123776,266.8,5,wst_order2_path0194_mean,2,0.009197509250647995,268,True,549,1.0
14,0.009362197433637398,0.006035952698342132,266.6,5,wst_order1_path0014_mean,1,0.012386438456524429,187,True,94,1.0
17,0.009346383360121769,0.008842696299072042,268.0,5,wst_order1_path0017_mean,1,0.0013724276086684029,428,True,94,1.0
140,0.009333269834634228,0.006355725490290643,264.8,5,wst_order2_path0140_mean,2,0.014609955346982506,146,True,549,1.0
219,0.009308829257536955,0.008239782546496514,283.2,5,wst_order2_path0219_mean,2,0.013179228029672752,169,True,549,1.0
305,0.009244487527056044,0.007489612027218663,268.0,5,wst_order2_path0305_mean,2,0.007718793319344774,304,True,549,1.0
199,0.009235590636898517,0.008071524288913457,281.4,5,wst_order2_path0199_mean,2,0.005988821318235971,332,True,549,1.0
68,0.009229047201937046,0.006297824651125567,266.2,5,wst_order1_path0068_mean,1,0.010215081316663488,238,True,94,1.0
581,0.009208340804527237,0.004434933226692016,261.6,5,wst_order2_path0581_mean,2,0.009104165833008881,270,True,549,1.0
453,0.009204776789725377,0.0052237617374896175,264.8,5,wst_order2_path0453_mean,2,0.009854101726062936,244,True,549,1.0
250,0.009166737004100112,0.00586970674938875,275.0,5,wst_order2_path0250_mean,2,0.005644510576791939,341,True,549,1.0
398,0.009119823353211176,0.007259283152418795,298.8,5,wst_order2_path0398_mean,2,0.007824993025544513,300,True,549,1.0
444,0.008989201391649715,0.005916679312863806,289.4,5,wst_order2_path0444_mean,2,0.00390800052046214,376,True,549,1.0
235,0.008954057549590467,0.008749824270304223,295.2,5,wst_order2_path0235_mean,2,0.006503661382304848,324,True,549,1.0
51,0.008901400426130125,0.006118303991116113,270.8,5,wst_order1_path0051_mean,1,0.013031785939756402,174,True,94,1.0
56,0.008879301277693052,0.008272735922413378,281.2,5,wst_order1_path0056_mean,1,0.011734805826974837,200,True,94,1.0
411,0.008852354539437623,0.005772129500758566,279.8,5,wst_order2_path0411_mean,2,0.012907428097241436,177,True,549,1.0
300,0.008838144462912423,0.00659654617899308,278.2,5,wst_order2_path0300_mean,2,0.01404545788978706,157,True,549,1.0
464,0.008784227863444105,0.0040414956739237996,268.8,5,wst_order2_path0464_mean,2,0.002256272865203357,409,True,549,1.0
294,0.00869875395414268,0.007346736084727143,296.0,5,wst_order2_path0294_mean,2,0.009390196560710162,259,True,549,1.0
476,0.00869833705277947,0.009242550132620228,336.8,5,wst_order2_path0476_mean,2,0.0006795335372482558,442,True,549,1.0
334,0.008656297231253163,0.006848043133813586,295.2,5,wst_order2_path0334_mean,2,0.0036514416640867076,381,True,549,1.0
549,0.008626362357393492,0.00600648309939328,277.4,5,wst_order2_path0549_mean,2,0.009144038919760566,269,True,549,1.0
55,0.008610208037052258,0.008935494108347791,290.2,5,wst_order1_path0055_mean,1,0.0052931079341218545,348,True,94,1.0
9,0.008585425348087216,0.007512465767563974,285.2,5,wst_order1_path0009_mean,1,0.012527736306179316,185,True,94,1.0
54,0.00856627509064838,0.0037447997521506313,273.4,5,wst_order1_path0054_mean,1,0.007585606849807025,308,True,94,1.0
319,0.008543441251008855,0.009615210501058485,328.2,5,wst_order2_path0319_mean,2,0.009095540303176941,272,True,549,1.0
298,0.008517621606237081,0.010151126399602212,309.6,5,wst_order2_path0298_mean,2,0.007449786654074364,310,True,549,1.0
131,0.008505150410014827,0.005680226956098131,280.8,5,wst_order2_path0131_mean,2,0.004068932184463359,372,True,549,1.0
632,0.008496396586478739,0.011078526147717465,377.2,5,wst_order2_path0632_mean,2,0.00649059810958641,326,True,549,1.0
75,0.008478687201279155,0.007713062260499589,285.4,5,wst_order1_path0075_mean,1,0.005671108240977052,340,True,94,1.0
496,0.008478005301614022,0.008682930961555332,295.2,5,wst_order2_path0496_mean,2,0.0013697147770526108,429,True,549,1.0
181,0.008412674412007349,0.0036306113421677093,280.6,5,wst_order2_path0181_mean,2,0.013501197569314005,164,True,549,1.0
440,0.008338789582822548,0.008058679247978068,337.2,5,wst_order2_path0440_mean,2,0.002571298060560556,401,True,549,1.0
133,0.008311558067332614,0.0052074699799510415,287.2,5,wst_order2_path0133_mean,2,0.009318715910718423,264,True,549,1.0
62,0.008297072714193953,0.00520646568407411,285.2,5,wst_order1_path0062_mean,1,0.011281472678894566,212,True,94,1.0
557,0.00829253924572928,0.007980015427843903,315.0,5,wst_order2_path0557_mean,2,0.00335677009376556,387,True,549,1.0
450,0.008269413178044971,0.0073954968904803445,311.0,5,wst_order2_path0450_mean,2,0.005315462078343769,347,True,549,1.0
206,0.008266330573865676,0.007878630347864008,305.2,5,wst_order2_path0206_mean,2,0.004043856082693642,373,True,549,1.0
605,0.008238014154933814,0.0054048380975410095,287.4,5,wst_order2_path0605_mean,2,0.0025444285055691296,404,True,549,1.0
281,0.008148306148683383,0.008286394235099786,331.0,5,wst_order2_path0281_mean,2,0.008729241882662775,276,True,549,1.0
214,0.00812830433384688,0.007521343963024849,313.8,5,wst_order2_path0214_mean,2,0.00963805667289308,250,True,549,1.0
512,0.00812317340953581,0.005223372137811876,281.8,5,wst_order2_path0512_mean,2,0.0046577700903513986,365,True,549,1.0
143,0.008090176823892393,0.008300380216677556,297.2,5,wst_order2_path0143_mean,2,0.012088720863817404,191,True,549,1.0
87,0.008078932917284832,0.0062408558094830995,290.6,5,wst_order1_path0087_mean,1,0.010809515752255194,227,True,94,1.0
357,0.008075051711348369,0.0035172140130711087,284.8,5,wst_order2_path0357_mean,2,0.006947110334235118,319,True,549,1.0
431,0.008042830198448004,0.007868638466956165,330.2,5,wst_order2_path0431_mean,2,0.011161803737595788,217,True,549,1.0
15,0.008001999325835119,0.006473031543558464,291.2,5,wst_order1_path0015_mean,1,0.00479296184142175,362,True,94,1.0
417,0.007948361534121063,0.008330577655169029,317.4,5,wst_order2_path0417_mean,2,0.009013022262267523,273,True,549,1.0
158,0.007912583591794009,0.006295969402227222,297.2,5,wst_order2_path0158_mean,2,0.00707902985091291,315,True,549,1.0
568,0.00790908452091781,0.00786154805705257,352.4,5,wst_order2_path0568_mean,2,0.004806719387605796,361,True,549,1.0
561,0.00784549469897886,0.009964269417239359,372.8,5,wst_order2_path0561_mean,2,0.007725691096390763,303,True,549,1.0
347,0.007786967588171878,0.004751876928816739,295.4,5,wst_order2_path0347_mean,2,0.008219021893177691,287,True,549,1.0
613,0.00770272849304936,0.0049165787452843555,293.4,5,wst_order2_path0613_mean,2,0.00841641583561259,283,True,549,1.0
629,0.00763207372307626,0.007766565128344749,376.2,5,wst_order2_path0629_mean,2,0.010520606112500275,234,True,549,1.0
563,0.007610906242725956,0.0075136923971919145,366.0,5,wst_order2_path0563_mean,2,0.006039248443348244,331,True,549,1.0
361,0.0075852780189359145,0.009741942521023953,343.0,5,wst_order2_path0361_mean,2,0.004865976928201565,358,True,549,1.0
471,0.007550872149648047,0.0054797075277462385,296.4,5,wst_order2_path0471_mean,2,0.011025513124403918,220,True,549,1.0
70,0.007528808450128733,0.00831061647188362,315.2,5,wst_order1_path0070_mean,1,0.005271927444554958,349,True,94,1.0
119,0.007526878530769432,0.002771174129399126,293.2,5,wst_order2_path0119_mean,2,0.0,489,True,549,1.0
381,0.007523490823605617,0.004203271247057493,292.8,5,wst_order2_path0381_mean,2,0.009428347166140938,256,True,549,1.0
28,0.007507651232474766,0.007124787231852363,304.4,5,wst_order1_path0028_mean,1,0.008003256942745063,294,True,94,1.0
454,0.007495743611150863,0.006806759828799144,331.0,5,wst_order2_path0454_mean,2,0.004910298424168902,356,True,549,1.0
197,0.007459040196814826,0.004815138143937951,301.0,5,wst_order2_path0197_mean,2,0.011280282719048795,213,True,549,1.0
134,0.007451025106288522,0.00615050809867185,302.2,5,wst_order2_path0134_mean,2,0.012679890695993956,180,True,549,1.0
346,0.00741270838627992,0.0028342646012536206,299.0,5,wst_order2_path0346_mean,2,0.0,567,True,549,1.0
537,0.00723993094342199,0.002911419160198712,302.2,5,wst_order2_path0537_mean,2,0.009738576826504364,248,True,549,1.0
69,0.007201749696471982,0.007968562326942272,314.6,5,wst_order1_path0069_mean,1,0.011481454063011043,205,True,94,1.0
455,0.007166135114058702,0.004992627366242432,305.2,5,wst_order2_path0455_mean,2,0.0059882191912246086,333,True,549,1.0
43,0.007100081169754846,0.006925980804195609,318.2,5,wst_order1_path0043_mean,1,0.013657735371167323,162,True,94,1.0
41,0.007089934371160567,0.006153943575096847,310.8,5,wst_order1_path0041_mean,1,0.009709710537064709,249,True,94,1.0
118,0.006917926156006349,0.005591315464403263,315.4,5,wst_order2_path0118_mean,2,0.006714052841087392,321,True,549,1.0
385,0.006896232448786055,0.0068011143469070235,340.8,5,wst_order2_path0385_mean,2,0.00795766696830058,297,True,549,1.0
178,0.006887508969637057,0.004206873102259115,318.0,5,wst_order2_path0178_mean,2,0.005452179180551298,345,True,549,1.0
627,0.00686522790557662,0.006871775476834685,388.8,5,wst_order2_path0627_mean,2,0.002962275999946584,391,True,549,1.0
467,0.006779517308425164,0.0037228208354018414,310.2,5,wst_order2_path0467_mean,2,0.005062041990991917,351,True,549,1.0
156,0.006748705432418944,0.005194944983714735,315.4,5,wst_order2_path0156_mean,2,0.006664395306823501,322,True,549,1.0
124,0.006711194314923707,0.004884876067632221,321.2,5,wst_order2_path0124_mean,2,0.006354367205235967,329,True,549,1.0
81,0.006632322672271984,0.003960874249682148,315.6,5,wst_order1_path0081_mean,1,0.009572217894496138,252,True,94,1.0
274,0.00659726445930695,0.0037761366967841814,328.0,5,wst_order2_path0274_mean,2,0.010076193199855199,241,True,549,1.0
370,0.00658698940700293,0.00899629788742964,369.4,5,wst_order2_path0370_mean,2,0.003950372501956068,375,True,549,1.0
378,0.006572923508743456,0.006006742543848091,337.6,5,wst_order2_path0378_mean,2,0.0015442256767588258,427,True,549,1.0
109,0.006549894812859014,0.006548270403128157,327.0,5,wst_order2_path0109_mean,2,0.0018680586764345808,418,True,549,1.0
604,0.0065482267661839625,0.008580533082897008,399.4,5,wst_order2_path0604_mean,2,0.002643287619820134,398,True,549,1.0
190,0.006494882931977175,0.004799239342130143,331.8,5,wst_order2_path0190_mean,2,0.0033838843198774615,385,True,549,1.0
395,0.0064914861742747295,0.008552648702084822,384.2,5,wst_order2_path0395_mean,2,0.0,585,True,549,1.0
83,0.006475425917368982,0.006035978249682435,318.6,5,wst_order1_path0083_mean,1,0.002214629478026753,410,True,94,1.0
572,0.0064451236348165965,0.006796151799014769,391.0,5,wst_order2_path0572_mean,2,0.002561338467247376,403,True,549,1.0
277,0.006442034522786378,0.006276812880652505,336.8,5,wst_order2_path0277_mean,2,0.007783946590210311,302,True,549,1.0
1,0.006381392660065366,0.004690719637807387,321.0,5,wst_order1_path0001_mean,1,0.006535269982449021,323,True,94,1.0
569,0.0063578214270441965,0.006576148226250584,357.0,5,wst_order2_path0569_mean,2,0.004776574294113933,363,True,549,1.0
312,0.0062512569100487084,0.010427818111463143,395.4,5,wst_order2_path0312_mean,2,0.008771487231378883,275,True,549,1.0
64,0.006232488907540024,0.006236218720604415,330.2,5,wst_order1_path0064_mean,1,0.005489514133085738,343,True,94,1.0
600,0.006208756720823949,0.0064083220734718225,395.2,5,wst_order2_path0600_mean,2,0.00045283357199155105,449,True,549,1.0
553,0.006193817339061392,0.006999718546227563,366.2,5,wst_order2_path0553_mean,2,0.00963452631706363,251,True,549,1.0
147,0.006153950776836581,0.0070045602872194565,346.6,5,wst_order2_path0147_mean,2,0.008636580437226815,278,True,549,1.0
99,0.006153872117904547,0.007709456819097483,337.4,5,wst_order2_path0099_mean,2,0.003000627777137055,390,True,549,1.0
246,0.006142796802293571,0.00601537480237273,337.0,5,wst_order2_path0246_mean,2,0.0008872123017831246,435,True,549,1.0
72,0.006108093516408309,0.006511885702584116,332.4,5,wst_order1_path0072_mean,1,0.009473714885691153,254,True,94,1.0
221,0.006088793830078032,0.008594897246520598,356.4,5,wst_order2_path0221_mean,2,0.0036865854820822275,380,True,549,1.0
635,0.006072478053022756,0.007165672709874504,329.8,5,wst_order2_path0635_mean,2,0.010649912147030705,230,True,549,1.0
478,0.006039655702776115,0.0050538626450766354,360.2,5,wst_order2_path0478_mean,2,0.006748081266951589,320,True,549,1.0
636,0.006006269517024832,0.007468863899375216,375.0,5,wst_order2_path0636_mean,2,0.008914585774624229,274,True,549,1.0
242,0.005990251670259195,0.0035551016154288257,329.8,5,wst_order2_path0242_mean,2,0.00810463730677946,291,True,549,1.0
251,0.005966432360071394,0.00715115149520286,365.8,5,wst_order2_path0251_mean,2,0.005818792431115272,338,True,549,1.0
144,0.005939009196992551,0.003702241428157898,329.8,5,wst_order2_path0144_mean,2,0.008233435146349999,286,True,549,1.0
492,0.005885536132272362,0.008219997068545632,396.4,5,wst_order2_path0492_mean,2,0.008172682842394696,288,True,549,1.0
91,0.005881077701415239,0.009259294851630313,358.0,5,wst_order1_path0091_mean,1,0.006997519668767493,317,True,94,1.0
196,0.005874187333615799,0.005612271978824399,347.4,5,wst_order2_path0196_mean,2,0.007988181588547194,296,True,549,1.0
110,0.005871740699385786,0.004049739580206961,331.0,5,wst_order2_path0110_mean,2,0.008271337929381284,284,True,549,1.0
259,0.0058571577485013295,0.005357677936032816,364.0,5,wst_order2_path0259_mean,2,0.0,539,True,549,1.0
623,0.005825049633625667,0.00417367124409244,360.4,5,wst_order2_path0623_mean,2,0.007200346962346504,313,True,549,1.0
486,0.005822086924600667,0.005804462364887222,358.0,5,wst_order2_path0486_mean,2,0.0,603,True,549,1.0
343,0.005786268085629098,0.007925291785765273,398.8,5,wst_order2_path0343_mean,2,0.0017063257849037061,421,True,549,1.0
459,0.005763263568696342,0.004654846343267006,357.8,5,wst_order2_path0459_mean,2,0.007075510701163523,316,True,549,1.0
524,0.005743525710616826,0.006931012152521973,364.2,5,wst_order2_path0524_mean,2,0.0058722414753702434,337,True,549,1.0
3,0.005719643731756552,0.003798553315568489,335.6,5,wst_order1_path0003_mean,1,0.0,459,True,94,1.0
587,0.00570695083441235,0.005231885601353264,364.8,5,wst_order2_path0587_mean,2,0.0035356107248560864,383,True,549,1.0
491,0.005685686594318007,0.003996987297189375,360.8,5,wst_order2_path0491_mean,2,0.004893146177463725,357,True,549,1.0
419,0.005648556294076501,0.006646175470213907,366.6,5,wst_order2_path0419_mean,2,0.0049608285555271525,355,True,549,1.0
493,0.005608096320279499,0.007803120831153426,421.8,5,wst_order2_path0493_mean,2,0.00807573063183109,293,True,549,1.0
595,0.005543898990624019,0.005155150314259071,395.6,5,wst_order2_path0595_mean,2,0.010078484592767945,240,True,549,1.0
576,0.005531840750326067,0.00729528638597337,404.8,5,wst_order2_path0576_mean,2,0.0,620,True,549,1.0
485,0.005522641784634086,0.007375273649244942,370.0,5,wst_order2_path0485_mean,2,0.008481882452421097,281,True,549,1.0
562,0.005506241267785228,0.008519871309952864,438.4,5,wst_order2_path0562_mean,2,0.0006991547278287769,441,True,549,1.0
483,0.005446792467208894,0.0054367223923121695,364.8,5,wst_order2_path0483_mean,2,0.001044336839992388,432,True,549,1.0
602,0.005429484493705417,0.005450026577284654,417.2,5,wst_order2_path0602_mean,2,0.005384384490300764,346,True,549,1.0
261,0.00540268676857103,0.002274660593730318,343.4,5,wst_order2_path0261_mean,2,0.007892784587569146,298,True,549,1.0
86,0.0053476650770795334,0.003751678794088716,339.2,5,wst_order1_path0086_mean,1,0.0,475,True,94,1.0
518,0.00530174544717843,0.008863113460624522,441.0,5,wst_order2_path0518_mean,2,0.0,611,True,549,1.0
490,0.005301158324870414,0.0050305715315329645,365.2,5,wst_order2_path0490_mean,2,0.0038036665172695994,377,True,549,1.0
360,0.005280489260668597,0.003885141971964718,366.0,5,wst_order2_path0360_mean,2,0.0,573,True,549,1.0
314,0.005276061322231041,0.006382222731511503,381.0,5,wst_order2_path0314_mean,2,0.004130230301078841,371,True,549,1.0
139,0.005264776841044183,0.0048551007168803305,351.6,5,wst_order2_path0139_mean,2,0.0,496,True,549,1.0
256,0.005230984500241042,0.006193953301012513,363.0,5,wst_order2_path0256_mean,2,0.005905432160682178,336,True,549,1.0
264,0.005196232459839667,0.005305558279635374,381.8,5,wst_order2_path0264_mean,2,0.010703648744647465,229,True,549,1.0
97,0.005187961202200686,0.003160134882500571,349.0,5,wst_order2_path0097_mean,2,0.0009599399311739365,434,True,549,1.0
226,0.005173975395561037,0.003717245654029484,361.4,5,wst_order2_path0226_mean,2,0.00619641096132395,330,True,549,1.0
211,0.005145862362457576,0.004871012176473682,373.2,5,wst_order2_path0211_mean,2,0.0021069887819047395,411,True,549,1.0
391,0.005139027186650669,0.007318439981802606,424.8,5,wst_order2_path0391_mean,2,0.0,582,True,549,1.0
231,0.005077522470432338,0.003403384667439231,365.4,5,wst_order2_path0231_mean,2,0.002802649619721098,396,True,549,1.0
184,0.005069888434897285,0.006403750023640494,365.8,5,wst_order2_path0184_mean,2,0.0,513,True,549,1.0
48,0.005068107326017523,0.006109045798334819,350.2,5,wst_order1_path0048_mean,1,0.0,466,True,94,1.0
160,0.005041159548155871,0.005485228709823571,359.8,5,wst_order2_path0160_mean,2,0.0033332030830639514,388,True,549,1.0
383,0.005020982687199371,0.005400499128279298,402.0,5,wst_order2_path0383_mean,2,0.009542038753682425,253,True,549,1.0
89,0.004999519457430069,0.0052829038388594665,359.4,5,wst_order1_path0089_mean,1,0.0037062189974970128,379,True,94,1.0
396,0.004996379747953883,0.005552454672514059,347.6,5,wst_order2_path0396_mean,2,0.004710491317000631,364,True,549,1.0
401,0.004951872951983916,0.005479827468266161,395.2,5,wst_order2_path0401_mean,2,0.0026521478026557688,397,True,549,1.0
308,0.00493206603298475,0.006854077281098884,410.2,5,wst_order2_path0308_mean,2,0.0007319381665871205,440,True,549,1.0
76,0.004915173783257209,0.003703563076497217,354.2,5,wst_order1_path0076_mean,1,0.000461528535148803,448,True,94,1.0
548,0.004905081008024848,0.007774701117806977,444.6,5,wst_order2_path0548_mean,2,0.007625017307480109,307,True,549,1.0
96,0.004845498913047086,0.005711061183068638,354.4,5,wst_order2_path0096_mean,2,0.0028150798396000543,395,True,549,1.0
155,0.004841936226899213,0.007394148260359941,366.4,5,wst_order2_path0155_mean,2,0.0,501,True,549,1.0
550,0.004813195469863052,0.004522713095907834,414.0,5,wst_order2_path0550_mean,2,0.0016537082745209375,423,True,549,1.0
590,0.00472173986774167,0.005005204476964358,425.2,5,wst_order2_path0590_mean,2,0.005131361232170617,350,True,549,1.0
105,0.004690072132214951,0.0054619400769355606,362.4,5,wst_order2_path0105_mean,2,0.007433069745524712,311,True,549,1.0
356,0.004655501504035131,0.007236222929988705,430.6,5,wst_order2_path0356_mean,2,0.0,572,True,549,1.0
472,0.004624124304074195,0.0029570103353498273,386.4,5,wst_order2_path0472_mean,2,0.000312280329139103,455,True,549,1.0
122,0.00460649384512708,0.006175580166781687,375.2,5,wst_order2_path0122_mean,2,0.0,490,True,549,1.0
324,0.004565786942483418,0.002995797753272184,377.4,5,wst_order2_path0324_mean,2,0.002637522404991488,399,True,549,1.0
200,0.004556024335362796,0.006942871815639003,389.6,5,wst_order2_path0200_mean,2,0.0,521,True,549,1.0
238,0.0045358302007156405,0.0026045931764722774,371.8,5,wst_order2_path0238_mean,2,0.0,535,True,549,1.0
399,0.004482323013488498,0.005184644068132567,401.4,5,wst_order2_path0399_mean,2,0.0,586,True,549,1.0
393,0.004439422185166286,0.0055323488339196975,365.4,5,wst_order2_path0393_mean,2,0.0,584,True,549,1.0
316,0.004419191056856375,0.004003318377630761,381.8,5,wst_order2_path0316_mean,2,0.00463102252337011,366,True,549,1.0
573,0.004374293443520205,0.004067494763031751,395.0,5,wst_order2_path0573_mean,2,0.0,619,True,549,1.0
245,0.004361712196900003,0.006936322833684232,409.8,5,wst_order2_path0245_mean,2,0.0025941992999913843,400,True,549,1.0
57,0.0043044880786382135,0.008660047785760192,379.6,5,wst_order1_path0057_mean,1,0.0,467,True,94,1.0
289,0.004303586404184001,0.0046218650769264905,393.0,5,wst_order2_path0289_mean,2,0.00022153560238002967,456,True,549,1.0
554,0.004257280958723531,0.007171214241729393,456.8,5,wst_order2_path0554_mean,2,0.0006155942691106198,444,True,549,1.0
228,0.004243257099749487,0.006404656551569324,407.2,5,wst_order2_path0228_mean,2,0.0,530,True,549,1.0
7,0.004182421768145339,0.00617915358873087,369.6,5,wst_order1_path0007_mean,1,0.0028817737943820365,393,True,94,1.0
570,0.004125883841634837,0.003865079131464881,396.2,5,wst_order2_path0570_mean,2,0.0018918689555693646,417,True,549,1.0
45,0.004049623472166974,0.0053394326876641755,374.8,5,wst_order1_path0045_mean,1,0.0016674981483832951,422,True,94,1.0
16,0.004027591550761311,0.004273924297878587,366.8,5,wst_order1_path0016_mean,1,0.005738642080512113,339,True,94,1.0
234,0.0039689908596153515,0.00887493336417525,439.2,5,wst_order2_path0234_mean,2,0.0,534,True,549,1.0
558,0.0039247685819383095,0.005383240942064821,466.0,5,wst_order2_path0558_mean,2,0.0,615,True,549,1.0
222,0.00392085083532967,0.004130124597158112,395.0,5,wst_order2_path0222_mean,2,0.00547685418073196,344,True,549,1.0
112,0.003917394652292394,0.00583471310305018,379.2,5,wst_order2_path0112_mean,2,0.0,484,True,549,1.0
610,0.003892905863252505,0.006657530199679226,481.2,5,wst_order2_path0610_mean,2,0.001828870869594823,420,True,549,1.0
539,0.0038823066833002075,0.0046042938603851665,432.6,5,wst_order2_path0539_mean,2,0.0010314497413781432,433,True,549,1.0
227,0.0038676172279504596,0.006129178257472735,399.2,5,wst_order2_path0227_mean,2,0.0,529,True,549,1.0
315,0.0038443408671977597,0.005009818479805588,397.6,5,wst_order2_path0315_mean,2,0.0005947096825165143,446,True,549,1.0
113,0.003825098355877232,0.00569881328288286,390.8,5,wst_order2_path0113_mean,2,0.0,485,True,549,1.0
633,0.0037613150984320055,0.0033198770263188357,407.4,5,wst_order2_path0633_mean,2,0.005017873815112983,353,True,549,1.0
208,0.0037015798979960655,0.006396144455829237,411.2,5,wst_order2_path0208_mean,2,0.004312777269261048,369,True,549,1.0
78,0.003690590512536307,0.006690850615607344,388.8,5,wst_order1_path0078_mean,1,0.0,472,True,94,1.0
283,0.0036782412503565177,0.004776653587554165,412.8,5,wst_order2_path0283_mean,2,0.0033621449467717834,386,True,549,1.0
126,0.003646883794303202,0.005267372730342029,392.6,5,wst_order2_path0126_mean,2,0.0,493,True,549,1.0
213,0.00363288845962475,0.004870998339520928,397.4,5,wst_order2_path0213_mean,2,0.004978942656639562,354,True,549,1.0
187,0.0036286199433111397,0.0052875202323543315,408.8,5,wst_order2_path0187_mean,2,0.0,516,True,549,1.0
125,0.0036204674337984243,0.004009832562481516,379.2,5,wst_order2_path0125_mean,2,0.0,492,True,549,1.0
11,0.003529697560871181,0.00599583619459797,378.6,5,wst_order1_path0011_mean,1,0.0,461,True,94,1.0
403,0.003524858058858582,0.0034200726236211973,404.2,5,wst_order2_path0403_mean,2,0.003098671331070113,389,True,549,1.0
104,0.0035162799086549067,0.004764450740917527,385.8,5,wst_order2_path0104_mean,2,0.0,482,True,549,1.0
384,0.003515907997983492,0.0074082016066449674,453.0,5,wst_order2_path0384_mean,2,0.0,578,True,549,1.0
276,0.0034885021774360148,0.0032666110251737203,397.4,5,wst_order2_path0276_mean,2,0.0,546,True,549,1.0
232,0.0034630736895902457,0.007565104478641931,427.6,5,wst_order2_path0232_mean,2,0.0,532,True,549,1.0
93,0.0034540719387714525,0.0032851027606442566,385.4,5,wst_order1_path0093_mean,1,0.0,478,True,94,1.0
541,0.003446973407928722,0.0048553747762831445,379.6,5,wst_order2_path0541_mean,2,0.014738987260315195,143,True,549,1.0
624,0.0034407793163359736,0.004381566430862864,446.6,5,wst_order2_path0624_mean,2,0.002493241875148211,405,True,549,1.0
350,0.00343931577404426,0.00484395994517309,449.0,5,wst_order2_path0350_mean,2,0.003976580249108963,374,True,549,1.0
499,0.003411178099904921,0.004215389170727834,436.2,5,wst_order2_path0499_mean,2,0.0037241574588051662,378,True,549,1.0
588,0.003372169873176922,0.0025427052033409688,415.8,5,wst_order2_path0588_mean,2,0.004521277747267183,367,True,549,1.0
509,0.0033527666034891103,0.0052576679651516285,439.6,5,wst_order2_path0509_mean,2,0.0,610,True,549,1.0
85,0.0033252191587375356,0.0038137048155029584,385.6,5,wst_order1_path0085_mean,1,0.003442399442879829,384,True,94,1.0
291,0.003270587412649473,0.003845370079818914,425.0,5,wst_order2_path0291_mean,2,0.002257870536009232,408,True,549,1.0
577,0.003266762604295037,0.004944050639897467,480.4,5,wst_order2_path0577_mean,2,0.0011512539645104347,431,True,549,1.0
593,0.0032423625275686875,0.004949124768582716,495.8,5,wst_order2_path0593_mean,2,0.0035681727378398254,382,True,549,1.0
269,0.0032378619634221284,0.0045573099700154775,436.2,5,wst_order2_path0269_mean,2,0.0,542,True,549,1.0
302,0.0032269623100332546,0.002993388977533958,422.0,5,wst_order2_path0302_mean,2,0.00034536142221286426,452,True,549,1.0
92,0.0031751010012519123,0.003870269019886786,399.2,5,wst_order1_path0092_mean,1,0.0,477,True,94,1.0
2,0.003157981345672889,0.0036683186780819355,388.4,5,wst_order1_path0002_mean,1,0.0,458,True,94,1.0
639,0.003153952957061712,0.003954180127516195,460.4,5,wst_order2_path0639_mean,2,0.002959281798319724,392,True,549,1.0
448,0.0031204902493041863,0.004755445378812187,445.6,5,wst_order2_path0448_mean,2,0.0,592,True,549,1.0
366,0.003095193327121093,0.006030481870361917,461.8,5,wst_order2_path0366_mean,2,0.004818340289269196,360,True,549,1.0
278,0.00303566063278633,0.004499560042581409,419.6,5,wst_order2_path0278_mean,2,0.0003443266960094782,453,True,549,1.0
474,0.0030260198953177666,0.003666182550491241,447.0,5,wst_order2_path0474_mean,2,0.0,599,True,549,1.0
280,0.0030141076848655855,0.0053654664680210075,442.0,5,wst_order2_path0280_mean,2,0.0,548,True,549,1.0
379,0.0029480374806772234,0.0031592250198742198,446.4,5,wst_order2_path0379_mean,2,0.0018445927426389286,419,True,549,1.0
66,0.0029290200364467276,0.0033485201378479464,397.0,5,wst_order1_path0066_mean,1,0.0015558409684026664,426,True,94,1.0
592,0.0029165543135364126,0.006214472449535765,492.6,5,wst_order2_path0592_mean,2,0.0,626,True,549,1.0
136,0.0028922132744221953,0.006286726781454222,413.8,5,wst_order2_path0136_mean,2,0.0,495,True,549,1.0
611,0.002886815931154496,0.002960336028166631,462.2,5,wst_order2_path0611_mean,2,0.0,632,True,549,1.0
607,0.002882464262162321,0.004295521004887007,502.8,5,wst_order2_path0607_mean,2,0.0,630,True,549,1.0
484,0.002862551311381001,0.0029994942300481716,422.4,5,wst_order2_path0484_mean,2,0.0,602,True,549,1.0
117,0.002862427996410588,0.0037350363654982616,411.2,5,wst_order2_path0117_mean,2,0.0,488,True,549,1.0
267,0.0028499654228860915,0.004057123445735723,427.8,5,wst_order2_path0267_mean,2,0.0006523404098137675,443,True,549,1.0
619,0.0027528712400432644,0.004019071930932824,500.0,5,wst_order2_path0619_mean,2,0.0,636,True,549,1.0
481,0.002750287122016681,0.0022855403481907843,419.6,5,wst_order2_path0481_mean,2,0.002451749918685353,406,True,549,1.0
285,0.002744815032583059,0.0029483933757340508,430.4,5,wst_order2_path0285_mean,2,0.0,550,True,549,1.0
288,0.0027234526672879067,0.0037507900804606502,446.0,5,wst_order2_path0288_mean,2,0.002058859134192792,413,True,549,1.0
559,0.0027172783653025335,0.003994322110915932,459.0,5,wst_order2_path0559_mean,2,0.0008624876797393988,437,True,549,1.0
202,0.002705405761238344,0.0026252572378749027,413.6,5,wst_order2_path0202_mean,2,0.0044468017292500495,368,True,549,1.0
207,0.002696206876486862,0.00498531176656496,429.0,5,wst_order2_path0207_mean,2,0.007146072358988453,314,True,549,1.0
111,0.002694106471381197,0.004383480316336677,408.8,5,wst_order2_path0111_mean,2,0.0,483,True,549,1.0
209,0.002657599716179071,0.003227273801886593,419.6,5,wst_order2_path0209_mean,2,0.0016471038936163307,424,True,549,1.0
166,0.0026567898233607946,0.003727536358990602,424.8,5,wst_order2_path0166_mean,2,0.0006084207328347357,445,True,549,1.0
150,0.002627166915552914,0.0036953890377193336,414.2,5,wst_order2_path0150_mean,2,0.0,500,True,549,1.0
79,0.002621994447561571,0.0025708963193190777,404.8,5,wst_order1_path0079_mean,1,0.002031746758328401,415,True,94,1.0
152,0.0026200638049390878,0.0031715310798492743,410.2,5,wst_order2_path0152_mean,2,0.006463366353830047,327,True,549,1.0
392,0.002612047532307882,0.0058042449277397766,472.6,5,wst_order2_path0392_mean,2,0.0,583,True,549,1.0
500,0.002611857799254924,0.004332899835268156,490.8,5,wst_order2_path0500_mean,2,0.0,606,True,549,1.0
205,0.002598084831998371,0.0046953720804130145,431.0,5,wst_order2_path0205_mean,2,0.004859663136286274,359,True,549,1.0
13,0.002541247696062143,0.004570870166140059,404.0,5,wst_order1_path0013_mean,1,0.0,462,True,94,1.0
179,0.0025210328087596156,0.004192576555398705,421.2,5,wst_order2_path0179_mean,2,0.0,512,True,549,1.0
535,0.0025157709577544817,0.0054664806920041165,490.0,5,wst_order2_path0535_mean,2,0.00596013644645943,335,True,549,1.0
567,0.002509401147996959,0.003463554571527905,506.0,5,wst_order2_path0567_mean,2,0.0,618,True,549,1.0
328,0.002453423851649461,0.004501319292681312,466.8,5,wst_order2_path0328_mean,2,0.001569357418762518,425,True,549,1.0
146,0.0024236255707720477,0.004014146588469197,413.8,5,wst_order2_path0146_mean,2,0.0022657452234018383,407,True,549,1.0
204,0.0024215613741342514,0.003374200713188451,435.8,5,wst_order2_path0204_mean,2,0.0,522,True,549,1.0
643,0.002399386026003558,0.004067119084216226,518.4,5,wst_order2_path0643_mean,2,0.0,644,True,549,1.0
273,0.0023891027236329966,0.003282936314738005,454.2,5,wst_order2_path0273_mean,2,0.0,545,True,549,1.0
320,0.002388555065532305,0.002673946037841522,422.6,5,wst_order2_path0320_mean,2,0.0,558,True,549,1.0
368,0.0023708270491278327,0.004249242104006067,476.4,5,wst_order2_path0368_mean,2,0.0,575,True,549,1.0
534,0.0023665533248611315,0.0023461320218898874,462.2,5,wst_order2_path0534_mean,2,0.00042212990828538466,450,True,549,1.0
469,0.002344701437194985,0.004944831217363569,479.0,5,wst_order2_path0469_mean,2,0.0,598,True,549,1.0
167,0.002273796394819794,0.001952637718642787,413.8,5,wst_order2_path0167_mean,2,0.0020973733446236764,412,True,549,1.0
299,0.002267373152028318,0.004085559963598617,464.2,5,wst_order2_path0299_mean,2,0.0,554,True,549,1.0
608,0.0022512137277170387,0.003090668625822002,511.6,5,wst_order2_path0608_mean,2,0.0,631,True,549,1.0
272,0.00219278940362031,0.004234749171084113,456.8,5,wst_order2_path0272_mean,2,0.0,544,True,549,1.0
174,0.002190851672207694,0.004898893267675491,441.8,5,wst_order2_path0174_mean,2,0.0,509,True,549,1.0
157,0.0021900517700124576,0.003749444818014668,425.6,5,wst_order2_path0157_mean,2,0.0,502,True,549,1.0
353,0.0021735242870555282,0.000992097677366025,407.4,5,wst_order2_path0353_mean,2,0.0069709573586616,318,True,549,1.0
614,0.002150301292903034,0.00480821986303687,548.8,5,wst_order2_path0614_mean,2,0.0,633,True,549,1.0
506,0.0021392566981473403,0.0029342396037330444,498.6,5,wst_order2_path0506_mean,2,0.0,608,True,549,1.0
498,0.0021284439093816943,0.0029660330572208685,495.0,5,wst_order2_path0498_mean,2,0.0,605,True,549,1.0
60,0.0021143248432920815,0.003298523220362483,414.6,5,wst_order1_path0060_mean,1,0.0,469,True,94,1.0
582,0.0021061460722492154,0.0036277226252075675,513.4,5,wst_order2_path0582_mean,2,0.0,624,True,549,1.0
301,0.00205685941789846,0.00254225012674122,444.0,5,wst_order2_path0301_mean,2,0.0,555,True,549,1.0
191,0.002055508828524788,0.0045962574689323845,455.4,5,wst_order2_path0191_mean,2,0.0,518,True,549,1.0
173,0.002021312067894421,0.002898320846517444,436.0,5,wst_order2_path0173_mean,2,0.0,508,True,549,1.0
297,0.0020063219918205364,0.0027468052168421256,453.8,5,wst_order2_path0297_mean,2,0.0,553,True,549,1.0
352,0.001982419412308767,0.0023378028442316533,455.8,5,wst_order2_path0352_mean,2,0.0,570,True,549,1.0
148,0.001971348506745052,0.0032499657359058493,432.6,5,wst_order2_path0148_mean,2,0.0,499,True,549,1.0
218,0.0019394173198774567,0.004336668963986447,464.0,5,wst_order2_path0218_mean,2,0.0,527,True,549,1.0
180,0.0019370702685542085,0.0026809924330219908,429.4,5,wst_order2_path0180_mean,2,0.0019300585634252077,416,True,549,1.0
580,0.0018449341348071968,0.004125398139438652,548.6,5,wst_order2_path0580_mean,2,0.0,623,True,549,1.0
74,0.0018405067581870771,0.004115498224354072,423.8,5,wst_order1_path0074_mean,1,0.0,471,True,94,1.0
555,0.001818028603129651,0.0026036267746707086,506.2,5,wst_order2_path0555_mean,2,0.01039342229334217,237,True,549,1.0
564,0.00181206394704283,0.002510193018098523,513.2,5,wst_order2_path0564_mean,2,0.0,616,True,549,1.0
217,0.001808276445171897,0.0027715945392099697,453.0,5,wst_order2_path0217_mean,2,0.0,526,True,549,1.0
8,0.0017970431765264028,0.004018310701215191,410.2,5,wst_order1_path0008_mean,1,0.0,460,True,94,1.0
18,0.0017823611943164953,0.003985480790949395,414.6,5,wst_order1_path0018_mean,1,0.0,463,True,94,1.0
189,0.0017348760375907268,0.003136025954499309,446.8,5,wst_order2_path0189_mean,2,0.0,517,True,549,1.0
240,0.0017151599494078518,0.0017862280798147945,435.0,5,wst_order2_path0240_mean,2,0.0005224110408612592,447,True,549,1.0
622,0.0017107822492274049,0.0035755022397998873,527.2,5,wst_order2_path0622_mean,2,0.0007749166002026797,439,True,549,1.0
634,0.0016618734488372145,0.00254240878916499,527.6,5,wst_order2_path0634_mean,2,0.0,642,True,549,1.0
369,0.001643761238019925,0.002337979696197683,491.0,5,wst_order2_path0369_mean,2,0.0,576,True,549,1.0
382,0.001625810223850399,0.001845063511571826,468.4,5,wst_order2_path0382_mean,2,0.0011966349348921934,430,True,549,1.0
59,0.0015868023472088045,0.0033912477396868725,423.4,5,wst_order1_path0059_mean,1,0.0,468,True,94,1.0
579,0.0015247055477578986,0.003196162115263813,517.8,5,wst_order2_path0579_mean,2,0.0,622,True,549,1.0
355,0.001511197303499845,0.003379139898040034,508.8,5,wst_order2_path0355_mean,2,0.0,571,True,549,1.0
461,0.001491720323326895,0.0033355880463769023,530.0,5,wst_order2_path0461_mean,2,0.0,594,True,549,1.0
142,0.0014472929527986178,0.0022721642297104895,445.0,5,wst_order2_path0142_mean,2,0.0,498,True,549,1.0
262,0.001396040269998755,0.0024096645182179683,474.8,5,wst_order2_path0262_mean,2,0.0,540,True,549,1.0
322,0.0013873896268289609,0.0031022975168676224,504.8,5,wst_order2_path0322_mean,2,0.0,559,True,549,1.0
247,0.0013519618380045007,0.0030230785727636223,485.8,5,wst_order2_path0247_mean,2,0.0,536,True,549,1.0
168,0.0013338505429478786,0.0018285156635143426,452.6,5,wst_order2_path0168_mean,2,0.0,507,True,549,1.0
642,0.001296292770874885,0.002197783373522433,542.4,5,wst_order2_path0642_mean,2,0.00036612271168645627,451,True,549,1.0
123,0.0012861868467024529,0.0025833051048429127,435.6,5,wst_order2_path0123_mean,2,0.0,491,True,549,1.0
279,0.0012548741476072322,0.002805983897256876,492.8,5,wst_order2_path0279_mean,2,0.0,547,True,549,1.0
80,0.0012312981559805091,0.001829692253440611,432.4,5,wst_order1_path0080_mean,1,0.0,473,True,94,1.0
165,0.001200830749023707,0.0026851391842889977,460.2,5,wst_order2_path0165_mean,2,0.0,506,True,549,1.0
348,0.001146524063812704,0.0025637057445245127,515.8,5,wst_order2_path0348_mean,2,0.0,568,True,549,1.0
164,0.0011173042877742124,0.0024983683390151262,462.0,5,wst_order2_path0164_mean,2,0.0,505,True,549,1.0
116,0.0011015452851687257,0.0024631301379316613,448.2,5,wst_order2_path0116_mean,2,0.0,487,True,549,1.0
488,0.0010802060840157334,0.0014851790492317535,513.6,5,wst_order2_path0488_mean,2,0.0,604,True,549,1.0
637,0.0010660584928304574,0.0015202086800482817,541.0,5,wst_order2_path0637_mean,2,0.0008338457403598287,438,True,549,1.0
552,0.0010364993197640616,0.0017323026036800764,526.2,5,wst_order2_path0552_mean,2,0.0,614,True,549,1.0
409,0.0010162721824538146,0.0016843268531818317,506.8,5,wst_order2_path0409_mean,2,0.0,589,True,549,1.0
597,0.0010056511730038853,0.0021879023277805347,534.6,5,wst_order2_path0597_mean,2,0.0,628,True,549,1.0
135,0.0009926390576322941,0.002219608409987141,458.4,5,wst_order2_path0135_mean,2,0.00012858565496109975,457,True,549,1.0
138,0.0009514754612636623,0.0016538953159831945,453.4,5,wst_order2_path0138_mean,2,0.0028322022999851537,394,True,549,1.0
90,0.0009180362869507964,0.0013441170556084214,447.0,5,wst_order1_path0090_mean,1,0.0020587342231588313,414,True,94,1.0
67,0.0009131372897191792,0.00160383554519071,433.6,5,wst_order1_path0067_mean,1,0.00034297443302500064,454,True,94,1.0
466,0.0008736703273063195,0.001953586241781421,545.4,5,wst_order2_path0466_mean,2,0.0,597,True,549,1.0
229,0.0008466231812033431,0.0018931069844977974,490.6,5,wst_order2_path0229_mean,2,0.0,531,True,549,1.0
216,0.0008383222812779145,0.0018745456079901162,488.2,5,wst_order2_path0216_mean,2,0.0,525,True,549,1.0
596,0.0008291553540589636,0.0018540477355837488,573.8,5,wst_order2_path0596_mean,2,0.0,627,True,549,1.0
253,0.0008174810241355246,0.0018279431402831792,496.0,5,wst_order2_path0253_mean,2,0.0,537,True,549,1.0
482,0.0006938394644371737,0.0015514722079535683,547.2,5,wst_order2_path0482_mean,2,0.005619638558417517,342,True,549,1.0
351,0.0006721561556162659,0.0015029868554528975,526.6,5,wst_order2_path0351_mean,2,0.0,569,True,549,1.0
270,0.0006627506594995225,0.001481955526773749,504.0,5,wst_order2_path0270_mean,2,0.0,543,True,549,1.0
344,0.0006579561547604307,0.001471234688258695,520.2,5,wst_order2_path0344_mean,2,0.0,565,True,549,1.0
88,0.0006463345485717475,0.0011875882461456282,450.6,5,wst_order1_path0088_mean,1,0.0,476,True,94,1.0
254,0.0005940584429739104,0.001328355061097346,499.0,5,wst_order2_path0254_mean,2,0.0,538,True,549,1.0
329,0.0005662419447324929,0.0012661554801335331,522.8,5,wst_order2_path0329_mean,2,0.0,561,True,549,1.0
465,0.0005487257415569769,0.0012269880591253815,545.8,5,wst_order2_path0465_mean,2,0.0,596,True,549,1.0
24,0.0005305563976762961,0.0011863601711016097,445.0,5,wst_order1_path0024_mean,1,0.0,464,True,94,1.0
342,0.0005142674159725136,0.0011499369007277015,528.4,5,wst_order2_path0342_mean,2,0.0,564,True,549,1.0
402,0.0005053344504180934,0.000713629766393927,516.6,5,wst_order2_path0402_mean,2,0.0,587,True,549,1.0
225,0.0004940860198916041,0.0011048099272099403,496.0,5,wst_order2_path0225_mean,2,0.002570320027464268,402,True,549,1.0
367,0.0004900663706202569,0.0006888736912071409,511.4,5,wst_order2_path0367_mean,2,0.0,574,True,549,1.0
313,0.0004818761996515875,0.0009486661110717553,498.8,5,wst_order2_path0313_mean,2,0.0,557,True,549,1.0
311,0.0004568671161435667,0.0010215859283813067,515.8,5,wst_order2_path0311_mean,2,0.0,556,True,549,1.0
284,0.00039138113623380375,0.0008751548257298913,516.8,5,wst_order2_path0284_mean,2,0.0,549,True,549,1.0
185,0.00036783185294253506,0.0008224970274692145,485.8,5,wst_order2_path0185_mean,2,0.0,514,True,549,1.0
198,0.0003543778304486267,0.0007924129186020241,487.6,5,wst_order2_path0198_mean,2,0.0,520,True,549,1.0
618,0.00034576736450886436,0.0007731593314427689,587.0,5,wst_order2_path0618_mean,2,0.0,635,True,549,1.0
388,0.00034209346229445713,0.0007649442363486673,543.2,5,wst_order2_path0388_mean,2,0.0,581,True,549,1.0
162,0.00033562014304910903,0.0007504694544760113,477.6,5,wst_order2_path0162_mean,2,0.0,504,True,549,1.0
606,0.0003243524081747662,0.0007252740333445357,585.8,5,wst_order2_path0606_mean,2,0.0,629,True,549,1.0
186,0.0002815565270461118,0.000629579533983864,488.6,5,wst_order2_path0186_mean,2,0.0,515,True,549,1.0
25,0.00027741567491692545,0.0006203203071382286,450.4,5,wst_order1_path0025_mean,1,0.0,465,True,94,1.0
625,0.00025354983739553914,0.0005669546721004438,590.2,5,wst_order2_path0625_mean,2,0.0,638,True,549,1.0
101,0.00025056118974879914,0.0005602718528015384,462.2,5,wst_order2_path0101_mean,2,0.0,480,True,549,1.0
290,0.00017363855317680254,0.0003882676084180426,521.2,5,wst_order2_path0290_mean,2,0.0,552,True,549,1.0
565,0.00015629663849971997,0.0003494899083400846,579.2,5,wst_order2_path0565_mean,2,0.0,617,True,549,1.0
445,0.00010662521055451179,0.00023842121891511642,556.6,5,wst_order2_path0445_mean,2,0.0,591,True,549,1.0
212,7.184493356460209e-05,0.00016065015528940655,499.6,5,wst_order2_path0212_mean,2,0.0,524,True,549,1.0
233,7.060310945163905e-05,0.00014299983167734116,495.8,5,wst_order2_path0233_mean,2,0.0,533,True,549,1.0
335,3.929171771712703e-05,8.785895176822888e-05,531.8,5,wst_order2_path0335_mean,2,0.0,562,True,549,1.0
336,1.3719104725673504e-05,3.0676850757044554e-05,533.0,5,wst_order2_path0336_mean,2,0.0,563,True,549,1.0
531,1.3882914919438605e-06,3.1043141485710736e-06,573.8,5,wst_order2_path0531_mean,2,0.0,613,True,549,1.0
61,0.0,0.0,461.6,5,wst_order1_path0061_mean,1,0.0,470,True,94,1.0
82,0.0,0.0,467.4,5,wst_order1_path0082_mean,1,0.0,474,True,94,1.0
95,0.0,0.0,472.0,5,wst_order2_path0095_mean,2,0.0,479,True,549,1.0
102,0.0,0.0,474.6,5,wst_order2_path0102_mean,2,0.0,481,True,549,1.0
114,0.0,0.0,478.2,5,wst_order2_path0114_mean,2,0.0,486,True,549,1.0
128,0.0,0.0,482.4,5,wst_order2_path0128_mean,2,0.0,494,True,549,1.0
141,0.0,0.0,486.0,5,wst_order2_path0141_mean,2,0.0,497,True,549,1.0
159,0.0,0.0,491.2,5,wst_order2_path0159_mean,2,0.0,503,True,549,1.0
175,0.0,0.0,497.8,5,wst_order2_path0175_mean,2,0.0,510,True,549,1.0
176,0.0,0.0,498.8,5,wst_order2_path0176_mean,2,0.0008755907860686918,436,True,549,1.0
177,0.0,0.0,499.8,5,wst_order2_path0177_mean,2,0.0,511,True,549,1.0
193,0.0,0.0,506.4,5,wst_order2_path0193_mean,2,0.0,519,True,549,1.0
210,0.0,0.0,513.2,5,wst_order2_path0210_mean,2,0.0,523,True,549,1.0
223,0.0,0.0,519.4,5,wst_order2_path0223_mean,2,0.0,528,True,549,1.0
263,0.0,0.0,531.4,5,wst_order2_path0263_mean,2,0.0,541,True,549,1.0
287,0.0,0.0,540.6,5,wst_order2_path0287_mean,2,0.0,551,True,549,1.0
325,0.0,0.0,552.0,5,wst_order2_path0325_mean,2,0.0,560,True,549,1.0
345,0.0,0.0,558.8,5,wst_order2_path0345_mean,2,0.0,566,True,549,1.0
380,0.0,0.0,568.2,5,wst_order2_path0380_mean,2,0.0,577,True,549,1.0
386,0.0,0.0,570.8,5,wst_order2_path0386_mean,2,0.0,579,True,549,1.0
387,0.0,0.0,571.8,5,wst_order2_path0387_mean,2,0.0,580,True,549,1.0
408,0.0,0.0,577.6,5,wst_order2_path0408_mean,2,0.0,588,True,549,1.0
438,0.0,0.0,580.6,5,wst_order2_path0438_mean,2,0.0,590,True,549,1.0
452,0.0,0.0,583.6,5,wst_order2_path0452_mean,2,0.0,593,True,549,1.0
462,0.0,0.0,586.0,5,wst_order2_path0462_mean,2,0.0,595,True,549,1.0
475,0.0,0.0,590.0,5,wst_order2_path0475_mean,2,0.0,600,True,549,1.0
477,0.0,0.0,591.4,5,wst_order2_path0477_mean,2,0.0,601,True,549,1.0
503,0.0,0.0,598.2,5,wst_order2_path0503_mean,2,0.0,607,True,549,1.0
508,0.0,0.0,600.0,5,wst_order2_path0508_mean,2,0.0,609,True,549,1.0
530,0.0,0.0,602.6,5,wst_order2_path0530_mean,2,0.0,612,True,549,1.0
578,0.0,0.0,617.2,5,wst_order2_path0578_mean,2,0.0,621,True,549,1.0
616,0.0,0.0,630.4,5,wst_order2_path0616_mean,2,0.0,634,True,549,1.0
621,0.0,0.0,633.2,5,wst_order2_path0621_mean,2,0.0,637,True,549,1.0
628,0.0,0.0,636.8,5,wst_order2_path0628_mean,2,0.0,639,True,549,1.0
630,0.0,0.0,638.2,5,wst_order2_path0630_mean,2,0.0,640,True,549,1.0
631,0.0,0.0,639.2,5,wst_order2_path0631_mean,2,0.0,641,True,549,1.0
641,0.0,0.0,642.8,5,wst_order2_path0641_mean,2,0.0,643,True,549,1.0
