feature_index,feature_name
0,event_mean__wst_order0_path0000_mean
1,event_mean__wst_order1_path0001_mean
2,event_mean__wst_order1_path0002_mean
3,event_mean__wst_order1_path0003_mean
4,event_mean__wst_order1_path0004_mean
5,event_mean__wst_order1_path0005_mean
6,event_mean__wst_order1_path0006_mean
7,event_mean__wst_order1_path0007_mean
8,event_mean__wst_order1_path0008_mean
9,event_mean__wst_order1_path0009_mean
10,event_mean__wst_order1_path0010_mean
11,event_mean__wst_order1_path0011_mean
12,event_mean__wst_order1_path0012_mean
13,event_mean__wst_order1_path0013_mean
14,event_mean__wst_order1_path0014_mean
15,event_mean__wst_order1_path0015_mean
16,event_mean__wst_order1_path0016_mean
17,event_mean__wst_order1_path0017_mean
18,event_mean__wst_order1_path0018_mean
19,event_mean__wst_order1_path0019_mean
20,event_mean__wst_order1_path0020_mean
21,event_mean__wst_order1_path0021_mean
22,event_mean__wst_order1_path0022_mean
23,event_mean__wst_order1_path0023_mean
24,event_mean__wst_order1_path0024_mean
25,event_mean__wst_order1_path0025_mean
26,event_mean__wst_order1_path0026_mean
27,event_mean__wst_order1_path0027_mean
28,event_mean__wst_order1_path0028_mean
29,event_mean__wst_order1_path0029_mean
30,event_mean__wst_order1_path0030_mean
31,event_mean__wst_order1_path0031_mean
32,event_mean__wst_order1_path0032_mean
33,event_mean__wst_order1_path0033_mean
34,event_mean__wst_order1_path0034_mean
35,event_mean__wst_order1_path0035_mean
36,event_mean__wst_order1_path0036_mean
37,event_mean__wst_order1_path0037_mean
38,event_mean__wst_order1_path0038_mean
39,event_mean__wst_order1_path0039_mean
40,event_mean__wst_order1_path0040_mean
41,event_mean__wst_order1_path0041_mean
42,event_mean__wst_order1_path0042_mean
43,event_mean__wst_order1_path0043_mean
44,event_mean__wst_order1_path0044_mean
45,event_mean__wst_order1_path0045_mean
46,event_mean__wst_order1_path0046_mean
47,event_mean__wst_order1_path0047_mean
48,event_mean__wst_order1_path0048_mean
49,event_mean__wst_order1_path0049_mean
50,event_mean__wst_order1_path0050_mean
51,event_mean__wst_order1_path0051_mean
52,event_mean__wst_order1_path0052_mean
53,event_mean__wst_order1_path0053_mean
54,event_mean__wst_order1_path0054_mean
55,event_mean__wst_order1_path0055_mean
56,event_mean__wst_order1_path0056_mean
57,event_mean__wst_order1_path0057_mean
58,event_mean__wst_order1_path0058_mean
59,event_mean__wst_order1_path0059_mean
60,event_mean__wst_order1_path0060_mean
61,event_mean__wst_order1_path0061_mean
62,event_mean__wst_order1_path0062_mean
63,event_mean__wst_order1_path0063_mean
64,event_mean__wst_order1_path0064_mean
65,event_mean__wst_order1_path0065_mean
66,event_mean__wst_order1_path0066_mean
67,event_mean__wst_order1_path0067_mean
68,event_mean__wst_order1_path0068_mean
69,event_mean__wst_order1_path0069_mean
70,event_mean__wst_order1_path0070_mean
71,event_mean__wst_order1_path0071_mean
72,event_mean__wst_order1_path0072_mean
73,event_mean__wst_order1_path0073_mean
74,event_mean__wst_order1_path0074_mean
75,event_mean__wst_order1_path0075_mean
76,event_mean__wst_order1_path0076_mean
77,event_mean__wst_order1_path0077_mean
78,event_mean__wst_order1_path0078_mean
79,event_mean__wst_order1_path0079_mean
80,event_mean__wst_order1_path0080_mean
81,event_mean__wst_order1_path0081_mean
82,event_mean__wst_order1_path0082_mean
83,event_mean__wst_order1_path0083_mean
84,event_mean__wst_order1_path0084_mean
85,event_mean__wst_order1_path0085_mean
86,event_mean__wst_order1_path0086_mean
87,event_mean__wst_order1_path0087_mean
88,event_mean__wst_order1_path0088_mean
89,event_mean__wst_order1_path0089_mean
90,event_mean__wst_order1_path0090_mean
91,event_mean__wst_order1_path0091_mean
92,event_mean__wst_order1_path0092_mean
93,event_mean__wst_order1_path0093_mean
94,event_mean__wst_order1_path0094_mean
95,event_mean__wst_order2_path0095_mean
96,event_mean__wst_order2_path0096_mean
97,event_mean__wst_order2_path0097_mean
98,event_mean__wst_order2_path0098_mean
99,event_mean__wst_order2_path0099_mean
100,event_mean__wst_order2_path0100_mean
101,event_mean__wst_order2_path0101_mean
102,event_mean__wst_order2_path0102_mean
103,event_mean__wst_order2_path0103_mean
104,event_mean__wst_order2_path0104_mean
105,event_mean__wst_order2_path0105_mean
106,event_mean__wst_order2_path0106_mean
107,event_mean__wst_order2_path0107_mean
108,event_mean__wst_order2_path0108_mean
109,event_mean__wst_order2_path0109_mean
110,event_mean__wst_order2_path0110_mean
111,event_mean__wst_order2_path0111_mean
112,event_mean__wst_order2_path0112_mean
113,event_mean__wst_order2_path0113_mean
114,event_mean__wst_order2_path0114_mean
115,event_mean__wst_order2_path0115_mean
116,event_mean__wst_order2_path0116_mean
117,event_mean__wst_order2_path0117_mean
118,event_mean__wst_order2_path0118_mean
119,event_mean__wst_order2_path0119_mean
120,event_mean__wst_order2_path0120_mean
121,event_mean__wst_order2_path0121_mean
122,event_mean__wst_order2_path0122_mean
123,event_mean__wst_order2_path0123_mean
124,event_mean__wst_order2_path0124_mean
125,event_mean__wst_order2_path0125_mean
126,event_mean__wst_order2_path0126_mean
127,event_mean__wst_order2_path0127_mean
128,event_mean__wst_order2_path0128_mean
129,event_mean__wst_order2_path0129_mean
130,event_mean__wst_order2_path0130_mean
131,event_mean__wst_order2_path0131_mean
132,event_mean__wst_order2_path0132_mean
133,event_mean__wst_order2_path0133_mean
134,event_mean__wst_order2_path0134_mean
135,event_mean__wst_order2_path0135_mean
136,event_mean__wst_order2_path0136_mean
137,event_mean__wst_order2_path0137_mean
138,event_mean__wst_order2_path0138_mean
139,event_mean__wst_order2_path0139_mean
140,event_mean__wst_order2_path0140_mean
141,event_mean__wst_order2_path0141_mean
142,event_mean__wst_order2_path0142_mean
143,event_mean__wst_order2_path0143_mean
144,event_mean__wst_order2_path0144_mean
145,event_mean__wst_order2_path0145_mean
146,event_mean__wst_order2_path0146_mean
147,event_mean__wst_order2_path0147_mean
148,event_mean__wst_order2_path0148_mean
149,event_mean__wst_order2_path0149_mean
150,event_mean__wst_order2_path0150_mean
151,event_mean__wst_order2_path0151_mean
152,event_mean__wst_order2_path0152_mean
153,event_mean__wst_order2_path0153_mean
154,event_mean__wst_order2_path0154_mean
155,event_mean__wst_order2_path0155_mean
156,event_mean__wst_order2_path0156_mean
157,event_mean__wst_order2_path0157_mean
158,event_mean__wst_order2_path0158_mean
159,event_mean__wst_order2_path0159_mean
160,event_mean__wst_order2_path0160_mean
161,event_mean__wst_order2_path0161_mean
162,event_mean__wst_order2_path0162_mean
163,event_mean__wst_order2_path0163_mean
164,event_mean__wst_order2_path0164_mean
165,event_mean__wst_order2_path0165_mean
166,event_mean__wst_order2_path0166_mean
167,event_mean__wst_order2_path0167_mean
168,event_mean__wst_order2_path0168_mean
169,event_mean__wst_order2_path0169_mean
170,event_mean__wst_order2_path0170_mean
171,event_mean__wst_order2_path0171_mean
172,event_mean__wst_order2_path0172_mean
173,event_mean__wst_order2_path0173_mean
174,event_mean__wst_order2_path0174_mean
175,event_mean__wst_order2_path0175_mean
176,event_mean__wst_order2_path0176_mean
177,event_mean__wst_order2_path0177_mean
178,event_mean__wst_order2_path0178_mean
179,event_mean__wst_order2_path0179_mean
180,event_mean__wst_order2_path0180_mean
181,event_mean__wst_order2_path0181_mean
182,event_mean__wst_order2_path0182_mean
183,event_mean__wst_order2_path0183_mean
184,event_mean__wst_order2_path0184_mean
185,event_mean__wst_order2_path0185_mean
186,event_mean__wst_order2_path0186_mean
187,event_mean__wst_order2_path0187_mean
188,event_mean__wst_order2_path0188_mean
189,event_mean__wst_order2_path0189_mean
190,event_mean__wst_order2_path0190_mean
191,event_mean__wst_order2_path0191_mean
192,event_mean__wst_order2_path0192_mean
193,event_mean__wst_order2_path0193_mean
194,event_mean__wst_order2_path0194_mean
195,event_mean__wst_order2_path0195_mean
196,event_mean__wst_order2_path0196_mean
197,event_mean__wst_order2_path0197_mean
198,event_mean__wst_order2_path0198_mean
199,event_mean__wst_order2_path0199_mean
200,event_mean__wst_order2_path0200_mean
201,event_mean__wst_order2_path0201_mean
202,event_mean__wst_order2_path0202_mean
203,event_mean__wst_order2_path0203_mean
204,event_mean__wst_order2_path0204_mean
205,event_mean__wst_order2_path0205_mean
206,event_mean__wst_order2_path0206_mean
207,event_mean__wst_order2_path0207_mean
208,event_mean__wst_order2_path0208_mean
209,event_mean__wst_order2_path0209_mean
210,event_mean__wst_order2_path0210_mean
211,event_mean__wst_order2_path0211_mean
212,event_mean__wst_order2_path0212_mean
213,event_mean__wst_order2_path0213_mean
214,event_mean__wst_order2_path0214_mean
215,event_mean__wst_order2_path0215_mean
216,event_mean__wst_order2_path0216_mean
217,event_mean__wst_order2_path0217_mean
218,event_mean__wst_order2_path0218_mean
219,event_mean__wst_order2_path0219_mean
220,event_mean__wst_order2_path0220_mean
221,event_mean__wst_order2_path0221_mean
222,event_mean__wst_order2_path0222_mean
223,event_mean__wst_order2_path0223_mean
224,event_mean__wst_order2_path0224_mean
225,event_mean__wst_order2_path0225_mean
226,event_mean__wst_order2_path0226_mean
227,event_mean__wst_order2_path0227_mean
228,event_mean__wst_order2_path0228_mean
229,event_mean__wst_order2_path0229_mean
230,event_mean__wst_order2_path0230_mean
231,event_mean__wst_order2_path0231_mean
232,event_mean__wst_order2_path0232_mean
233,event_mean__wst_order2_path0233_mean
234,event_mean__wst_order2_path0234_mean
235,event_mean__wst_order2_path0235_mean
236,event_mean__wst_order2_path0236_mean
237,event_mean__wst_order2_path0237_mean
238,event_mean__wst_order2_path0238_mean
239,event_mean__wst_order2_path0239_mean
240,event_mean__wst_order2_path0240_mean
241,event_mean__wst_order2_path0241_mean
242,event_mean__wst_order2_path0242_mean
243,event_mean__wst_order2_path0243_mean
244,event_mean__wst_order2_path0244_mean
245,event_mean__wst_order2_path0245_mean
246,event_mean__wst_order2_path0246_mean
247,event_mean__wst_order2_path0247_mean
248,event_mean__wst_order2_path0248_mean
249,event_mean__wst_order2_path0249_mean
250,event_mean__wst_order2_path0250_mean
251,event_mean__wst_order2_path0251_mean
252,event_mean__wst_order2_path0252_mean
253,event_mean__wst_order2_path0253_mean
254,event_mean__wst_order2_path0254_mean
255,event_mean__wst_order2_path0255_mean
256,event_mean__wst_order2_path0256_mean
257,event_mean__wst_order2_path0257_mean
258,event_mean__wst_order2_path0258_mean
259,event_mean__wst_order2_path0259_mean
260,event_mean__wst_order2_path0260_mean
261,event_mean__wst_order2_path0261_mean
262,event_mean__wst_order2_path0262_mean
263,event_mean__wst_order2_path0263_mean
264,event_mean__wst_order2_path0264_mean
265,event_mean__wst_order2_path0265_mean
266,event_mean__wst_order2_path0266_mean
267,event_mean__wst_order2_path0267_mean
268,event_mean__wst_order2_path0268_mean
269,event_mean__wst_order2_path0269_mean
270,event_mean__wst_order2_path0270_mean
271,event_mean__wst_order2_path0271_mean
272,event_mean__wst_order2_path0272_mean
273,event_mean__wst_order2_path0273_mean
274,event_mean__wst_order2_path0274_mean
275,event_mean__wst_order2_path0275_mean
276,event_mean__wst_order2_path0276_mean
277,event_mean__wst_order2_path0277_mean
278,event_mean__wst_order2_path0278_mean
279,event_mean__wst_order2_path0279_mean
280,event_mean__wst_order2_path0280_mean
281,event_mean__wst_order2_path0281_mean
282,event_mean__wst_order2_path0282_mean
283,event_mean__wst_order2_path0283_mean
284,event_mean__wst_order2_path0284_mean
285,event_mean__wst_order2_path0285_mean
286,event_mean__wst_order2_path0286_mean
287,event_mean__wst_order2_path0287_mean
288,event_mean__wst_order2_path0288_mean
289,event_mean__wst_order2_path0289_mean
290,event_mean__wst_order2_path0290_mean
291,event_mean__wst_order2_path0291_mean
292,event_mean__wst_order2_path0292_mean
293,event_mean__wst_order2_path0293_mean
294,event_mean__wst_order2_path0294_mean
295,event_mean__wst_order2_path0295_mean
296,event_mean__wst_order2_path0296_mean
297,event_mean__wst_order2_path0297_mean
298,event_mean__wst_order2_path0298_mean
299,event_mean__wst_order2_path0299_mean
300,event_mean__wst_order2_path0300_mean
301,event_mean__wst_order2_path0301_mean
302,event_mean__wst_order2_path0302_mean
303,event_mean__wst_order2_path0303_mean
304,event_mean__wst_order2_path0304_mean
305,event_mean__wst_order2_path0305_mean
306,event_mean__wst_order2_path0306_mean
307,event_mean__wst_order2_path0307_mean
308,event_mean__wst_order2_path0308_mean
309,event_mean__wst_order2_path0309_mean
310,event_mean__wst_order2_path0310_mean
311,event_mean__wst_order2_path0311_mean
312,event_mean__wst_order2_path0312_mean
313,event_mean__wst_order2_path0313_mean
314,event_mean__wst_order2_path0314_mean
315,event_mean__wst_order2_path0315_mean
316,event_mean__wst_order2_path0316_mean
317,event_mean__wst_order2_path0317_mean
318,event_mean__wst_order2_path0318_mean
319,event_mean__wst_order2_path0319_mean
320,event_mean__wst_order2_path0320_mean
321,event_mean__wst_order2_path0321_mean
322,event_mean__wst_order2_path0322_mean
323,event_mean__wst_order2_path0323_mean
324,event_mean__wst_order2_path0324_mean
325,event_mean__wst_order2_path0325_mean
326,event_mean__wst_order2_path0326_mean
327,event_mean__wst_order2_path0327_mean
328,event_mean__wst_order2_path0328_mean
329,event_mean__wst_order2_path0329_mean
330,event_mean__wst_order2_path0330_mean
331,event_mean__wst_order2_path0331_mean
332,event_mean__wst_order2_path0332_mean
333,event_mean__wst_order2_path0333_mean
334,event_mean__wst_order2_path0334_mean
335,event_mean__wst_order2_path0335_mean
336,event_mean__wst_order2_path0336_mean
337,event_mean__wst_order2_path0337_mean
338,event_mean__wst_order2_path0338_mean
339,event_mean__wst_order2_path0339_mean
340,event_mean__wst_order2_path0340_mean
341,event_mean__wst_order2_path0341_mean
342,event_mean__wst_order2_path0342_mean
343,event_mean__wst_order2_path0343_mean
344,event_mean__wst_order2_path0344_mean
345,event_mean__wst_order2_path0345_mean
346,event_mean__wst_order2_path0346_mean
347,event_mean__wst_order2_path0347_mean
348,event_mean__wst_order2_path0348_mean
349,event_mean__wst_order2_path0349_mean
350,event_mean__wst_order2_path0350_mean
351,event_mean__wst_order2_path0351_mean
352,event_mean__wst_order2_path0352_mean
353,event_mean__wst_order2_path0353_mean
354,event_mean__wst_order2_path0354_mean
355,event_mean__wst_order2_path0355_mean
356,event_mean__wst_order2_path0356_mean
357,event_mean__wst_order2_path0357_mean
358,event_mean__wst_order2_path0358_mean
359,event_mean__wst_order2_path0359_mean
360,event_mean__wst_order2_path0360_mean
361,event_mean__wst_order2_path0361_mean
362,event_mean__wst_order2_path0362_mean
363,event_mean__wst_order2_path0363_mean
364,event_mean__wst_order2_path0364_mean
365,event_mean__wst_order2_path0365_mean
366,event_mean__wst_order2_path0366_mean
367,event_mean__wst_order2_path0367_mean
368,event_mean__wst_order2_path0368_mean
369,event_mean__wst_order2_path0369_mean
370,event_mean__wst_order2_path0370_mean
371,event_mean__wst_order2_path0371_mean
372,event_mean__wst_order2_path0372_mean
373,event_mean__wst_order2_path0373_mean
374,event_mean__wst_order2_path0374_mean
375,event_mean__wst_order2_path0375_mean
376,event_mean__wst_order2_path0376_mean
377,event_mean__wst_order2_path0377_mean
378,event_mean__wst_order2_path0378_mean
379,event_mean__wst_order2_path0379_mean
380,event_mean__wst_order2_path0380_mean
381,event_mean__wst_order2_path0381_mean
382,event_mean__wst_order2_path0382_mean
383,event_mean__wst_order2_path0383_mean
384,event_mean__wst_order2_path0384_mean
385,event_mean__wst_order2_path0385_mean
386,event_mean__wst_order2_path0386_mean
387,event_mean__wst_order2_path0387_mean
388,event_mean__wst_order2_path0388_mean
389,event_mean__wst_order2_path0389_mean
390,event_mean__wst_order2_path0390_mean
391,event_mean__wst_order2_path0391_mean
392,event_mean__wst_order2_path0392_mean
393,event_mean__wst_order2_path0393_mean
394,event_mean__wst_order2_path0394_mean
395,event_mean__wst_order2_path0395_mean
396,event_mean__wst_order2_path0396_mean
397,event_mean__wst_order2_path0397_mean
398,event_mean__wst_order2_path0398_mean
399,event_mean__wst_order2_path0399_mean
400,event_mean__wst_order2_path0400_mean
401,event_mean__wst_order2_path0401_mean
402,event_mean__wst_order2_path0402_mean
403,event_mean__wst_order2_path0403_mean
404,event_mean__wst_order2_path0404_mean
405,event_mean__wst_order2_path0405_mean
406,event_mean__wst_order2_path0406_mean
407,event_mean__wst_order2_path0407_mean
408,event_mean__wst_order2_path0408_mean
409,event_mean__wst_order2_path0409_mean
410,event_mean__wst_order2_path0410_mean
411,event_mean__wst_order2_path0411_mean
412,event_mean__wst_order2_path0412_mean
413,event_mean__wst_order2_path0413_mean
414,event_mean__wst_order2_path0414_mean
415,event_mean__wst_order2_path0415_mean
416,event_mean__wst_order2_path0416_mean
417,event_mean__wst_order2_path0417_mean
418,event_mean__wst_order2_path0418_mean
419,event_mean__wst_order2_path0419_mean
420,event_mean__wst_order2_path0420_mean
421,event_mean__wst_order2_path0421_mean
422,event_mean__wst_order2_path0422_mean
423,event_mean__wst_order2_path0423_mean
424,event_mean__wst_order2_path0424_mean
425,event_mean__wst_order2_path0425_mean
426,event_mean__wst_order2_path0426_mean
427,event_mean__wst_order2_path0427_mean
428,event_mean__wst_order2_path0428_mean
429,event_mean__wst_order2_path0429_mean
430,event_mean__wst_order2_path0430_mean
431,event_mean__wst_order2_path0431_mean
432,event_mean__wst_order2_path0432_mean
433,event_mean__wst_order2_path0433_mean
434,event_mean__wst_order2_path0434_mean
435,event_mean__wst_order2_path0435_mean
436,event_mean__wst_order2_path0436_mean
437,event_mean__wst_order2_path0437_mean
438,event_mean__wst_order2_path0438_mean
439,event_mean__wst_order2_path0439_mean
440,event_mean__wst_order2_path0440_mean
441,event_mean__wst_order2_path0441_mean
442,event_mean__wst_order2_path0442_mean
443,event_mean__wst_order2_path0443_mean
444,event_mean__wst_order2_path0444_mean
445,event_mean__wst_order2_path0445_mean
446,event_mean__wst_order2_path0446_mean
447,event_mean__wst_order2_path0447_mean
448,event_mean__wst_order2_path0448_mean
449,event_mean__wst_order2_path0449_mean
450,event_mean__wst_order2_path0450_mean
451,event_mean__wst_order2_path0451_mean
452,event_mean__wst_order2_path0452_mean
453,event_mean__wst_order2_path0453_mean
454,event_mean__wst_order2_path0454_mean
455,event_mean__wst_order2_path0455_mean
456,event_mean__wst_order2_path0456_mean
457,event_mean__wst_order2_path0457_mean
458,event_mean__wst_order2_path0458_mean
459,event_mean__wst_order2_path0459_mean
460,event_mean__wst_order2_path0460_mean
461,event_mean__wst_order2_path0461_mean
462,event_mean__wst_order2_path0462_mean
463,event_mean__wst_order2_path0463_mean
464,event_mean__wst_order2_path0464_mean
465,event_mean__wst_order2_path0465_mean
466,event_mean__wst_order2_path0466_mean
467,event_mean__wst_order2_path0467_mean
468,event_mean__wst_order2_path0468_mean
469,event_mean__wst_order2_path0469_mean
470,event_mean__wst_order2_path0470_mean
471,event_mean__wst_order2_path0471_mean
472,event_mean__wst_order2_path0472_mean
473,event_mean__wst_order2_path0473_mean
474,event_mean__wst_order2_path0474_mean
475,event_mean__wst_order2_path0475_mean
476,event_mean__wst_order2_path0476_mean
477,event_mean__wst_order2_path0477_mean
478,event_mean__wst_order2_path0478_mean
479,event_mean__wst_order2_path0479_mean
480,event_mean__wst_order2_path0480_mean
481,event_mean__wst_order2_path0481_mean
482,event_mean__wst_order2_path0482_mean
483,event_mean__wst_order2_path0483_mean
484,event_mean__wst_order2_path0484_mean
485,event_mean__wst_order2_path0485_mean
486,event_mean__wst_order2_path0486_mean
487,event_mean__wst_order2_path0487_mean
488,event_mean__wst_order2_path0488_mean
489,event_mean__wst_order2_path0489_mean
490,event_mean__wst_order2_path0490_mean
491,event_mean__wst_order2_path0491_mean
492,event_mean__wst_order2_path0492_mean
493,event_mean__wst_order2_path0493_mean
494,event_mean__wst_order2_path0494_mean
495,event_mean__wst_order2_path0495_mean
496,event_mean__wst_order2_path0496_mean
497,event_mean__wst_order2_path0497_mean
498,event_mean__wst_order2_path0498_mean
499,event_mean__wst_order2_path0499_mean
500,event_mean__wst_order2_path0500_mean
501,event_mean__wst_order2_path0501_mean
502,event_mean__wst_order2_path0502_mean
503,event_mean__wst_order2_path0503_mean
504,event_mean__wst_order2_path0504_mean
505,event_mean__wst_order2_path0505_mean
506,event_mean__wst_order2_path0506_mean
507,event_mean__wst_order2_path0507_mean
508,event_mean__wst_order2_path0508_mean
509,event_mean__wst_order2_path0509_mean
510,event_mean__wst_order2_path0510_mean
511,event_mean__wst_order2_path0511_mean
512,event_mean__wst_order2_path0512_mean
513,event_mean__wst_order2_path0513_mean
514,event_mean__wst_order2_path0514_mean
515,event_mean__wst_order2_path0515_mean
516,event_mean__wst_order2_path0516_mean
517,event_mean__wst_order2_path0517_mean
518,event_mean__wst_order2_path0518_mean
519,event_mean__wst_order2_path0519_mean
520,event_mean__wst_order2_path0520_mean
521,event_mean__wst_order2_path0521_mean
522,event_mean__wst_order2_path0522_mean
523,event_mean__wst_order2_path0523_mean
524,event_mean__wst_order2_path0524_mean
525,event_mean__wst_order2_path0525_mean
526,event_mean__wst_order2_path0526_mean
527,event_mean__wst_order2_path0527_mean
528,event_mean__wst_order2_path0528_mean
529,event_mean__wst_order2_path0529_mean
530,event_mean__wst_order2_path0530_mean
531,event_mean__wst_order2_path0531_mean
532,event_mean__wst_order2_path0532_mean
533,event_mean__wst_order2_path0533_mean
534,event_mean__wst_order2_path0534_mean
535,event_mean__wst_order2_path0535_mean
536,event_mean__wst_order2_path0536_mean
537,event_mean__wst_order2_path0537_mean
538,event_mean__wst_order2_path0538_mean
539,event_mean__wst_order2_path0539_mean
540,event_mean__wst_order2_path0540_mean
541,event_mean__wst_order2_path0541_mean
542,event_mean__wst_order2_path0542_mean
543,event_mean__wst_order2_path0543_mean
544,event_mean__wst_order2_path0544_mean
545,event_mean__wst_order2_path0545_mean
546,event_mean__wst_order2_path0546_mean
547,event_mean__wst_order2_path0547_mean
548,event_mean__wst_order2_path0548_mean
549,event_mean__wst_order2_path0549_mean
550,event_mean__wst_order2_path0550_mean
551,event_mean__wst_order2_path0551_mean
552,event_mean__wst_order2_path0552_mean
553,event_mean__wst_order2_path0553_mean
554,event_mean__wst_order2_path0554_mean
555,event_mean__wst_order2_path0555_mean
556,event_mean__wst_order2_path0556_mean
557,event_mean__wst_order2_path0557_mean
558,event_mean__wst_order2_path0558_mean
559,event_mean__wst_order2_path0559_mean
560,event_mean__wst_order2_path0560_mean
561,event_mean__wst_order2_path0561_mean
562,event_mean__wst_order2_path0562_mean
563,event_mean__wst_order2_path0563_mean
564,event_mean__wst_order2_path0564_mean
565,event_mean__wst_order2_path0565_mean
566,event_mean__wst_order2_path0566_mean
567,event_mean__wst_order2_path0567_mean
568,event_mean__wst_order2_path0568_mean
569,event_mean__wst_order2_path0569_mean
570,event_mean__wst_order2_path0570_mean
571,event_mean__wst_order2_path0571_mean
572,event_mean__wst_order2_path0572_mean
573,event_mean__wst_order2_path0573_mean
574,event_mean__wst_order2_path0574_mean
575,event_mean__wst_order2_path0575_mean
576,event_mean__wst_order2_path0576_mean
577,event_mean__wst_order2_path0577_mean
578,event_mean__wst_order2_path0578_mean
579,event_mean__wst_order2_path0579_mean
580,event_mean__wst_order2_path0580_mean
581,event_mean__wst_order2_path0581_mean
582,event_mean__wst_order2_path0582_mean
583,event_mean__wst_order2_path0583_mean
584,event_mean__wst_order2_path0584_mean
585,event_mean__wst_order2_path0585_mean
586,event_mean__wst_order2_path0586_mean
587,event_mean__wst_order2_path0587_mean
588,event_mean__wst_order2_path0588_mean
589,event_mean__wst_order2_path0589_mean
590,event_mean__wst_order2_path0590_mean
591,event_mean__wst_order2_path0591_mean
592,event_mean__wst_order2_path0592_mean
593,event_mean__wst_order2_path0593_mean
594,event_mean__wst_order2_path0594_mean
595,event_mean__wst_order2_path0595_mean
596,event_mean__wst_order2_path0596_mean
597,event_mean__wst_order2_path0597_mean
598,event_mean__wst_order2_path0598_mean
599,event_mean__wst_order2_path0599_mean
600,event_mean__wst_order2_path0600_mean
601,event_mean__wst_order2_path0601_mean
602,event_mean__wst_order2_path0602_mean
603,event_mean__wst_order2_path0603_mean
604,event_mean__wst_order2_path0604_mean
605,event_mean__wst_order2_path0605_mean
606,event_mean__wst_order2_path0606_mean
607,event_mean__wst_order2_path0607_mean
608,event_mean__wst_order2_path0608_mean
609,event_mean__wst_order2_path0609_mean
610,event_mean__wst_order2_path0610_mean
611,event_mean__wst_order2_path0611_mean
612,event_mean__wst_order2_path0612_mean
613,event_mean__wst_order2_path0613_mean
614,event_mean__wst_order2_path0614_mean
615,event_mean__wst_order2_path0615_mean
616,event_mean__wst_order2_path0616_mean
617,event_mean__wst_order2_path0617_mean
618,event_mean__wst_order2_path0618_mean
619,event_mean__wst_order2_path0619_mean
620,event_mean__wst_order2_path0620_mean
621,event_mean__wst_order2_path0621_mean
622,event_mean__wst_order2_path0622_mean
623,event_mean__wst_order2_path0623_mean
624,event_mean__wst_order2_path0624_mean
625,event_mean__wst_order2_path0625_mean
626,event_mean__wst_order2_path0626_mean
627,event_mean__wst_order2_path0627_mean
628,event_mean__wst_order2_path0628_mean
629,event_mean__wst_order2_path0629_mean
630,event_mean__wst_order2_path0630_mean
631,event_mean__wst_order2_path0631_mean
632,event_mean__wst_order2_path0632_mean
633,event_mean__wst_order2_path0633_mean
634,event_mean__wst_order2_path0634_mean
635,event_mean__wst_order2_path0635_mean
636,event_mean__wst_order2_path0636_mean
637,event_mean__wst_order2_path0637_mean
638,event_mean__wst_order2_path0638_mean
639,event_mean__wst_order2_path0639_mean
640,event_mean__wst_order2_path0640_mean
641,event_mean__wst_order2_path0641_mean
642,event_mean__wst_order2_path0642_mean
643,event_mean__wst_order2_path0643_mean
644,event_std__wst_order0_path0000_mean
645,event_std__wst_order1_path0001_mean
646,event_std__wst_order1_path0002_mean
647,event_std__wst_order1_path0003_mean
648,event_std__wst_order1_path0004_mean
649,event_std__wst_order1_path0005_mean
650,event_std__wst_order1_path0006_mean
651,event_std__wst_order1_path0007_mean
652,event_std__wst_order1_path0008_mean
653,event_std__wst_order1_path0009_mean
654,event_std__wst_order1_path0010_mean
655,event_std__wst_order1_path0011_mean
656,event_std__wst_order1_path0012_mean
657,event_std__wst_order1_path0013_mean
658,event_std__wst_order1_path0014_mean
659,event_std__wst_order1_path0015_mean
660,event_std__wst_order1_path0016_mean
661,event_std__wst_order1_path0017_mean
662,event_std__wst_order1_path0018_mean
663,event_std__wst_order1_path0019_mean
664,event_std__wst_order1_path0020_mean
665,event_std__wst_order1_path0021_mean
666,event_std__wst_order1_path0022_mean
667,event_std__wst_order1_path0023_mean
668,event_std__wst_order1_path0024_mean
669,event_std__wst_order1_path0025_mean
670,event_std__wst_order1_path0026_mean
671,event_std__wst_order1_path0027_mean
672,event_std__wst_order1_path0028_mean
673,event_std__wst_order1_path0029_mean
674,event_std__wst_order1_path0030_mean
675,event_std__wst_order1_path0031_mean
676,event_std__wst_order1_path0032_mean
677,event_std__wst_order1_path0033_mean
678,event_std__wst_order1_path0034_mean
679,event_std__wst_order1_path0035_mean
680,event_std__wst_order1_path0036_mean
681,event_std__wst_order1_path0037_mean
682,event_std__wst_order1_path0038_mean
683,event_std__wst_order1_path0039_mean
684,event_std__wst_order1_path0040_mean
685,event_std__wst_order1_path0041_mean
686,event_std__wst_order1_path0042_mean
687,event_std__wst_order1_path0043_mean
688,event_std__wst_order1_path0044_mean
689,event_std__wst_order1_path0045_mean
690,event_std__wst_order1_path0046_mean
691,event_std__wst_order1_path0047_mean
692,event_std__wst_order1_path0048_mean
693,event_std__wst_order1_path0049_mean
694,event_std__wst_order1_path0050_mean
695,event_std__wst_order1_path0051_mean
696,event_std__wst_order1_path0052_mean
697,event_std__wst_order1_path0053_mean
698,event_std__wst_order1_path0054_mean
699,event_std__wst_order1_path0055_mean
700,event_std__wst_order1_path0056_mean
701,event_std__wst_order1_path0057_mean
702,event_std__wst_order1_path0058_mean
703,event_std__wst_order1_path0059_mean
704,event_std__wst_order1_path0060_mean
705,event_std__wst_order1_path0061_mean
706,event_std__wst_order1_path0062_mean
707,event_std__wst_order1_path0063_mean
708,event_std__wst_order1_path0064_mean
709,event_std__wst_order1_path0065_mean
710,event_std__wst_order1_path0066_mean
711,event_std__wst_order1_path0067_mean
712,event_std__wst_order1_path0068_mean
713,event_std__wst_order1_path0069_mean
714,event_std__wst_order1_path0070_mean
715,event_std__wst_order1_path0071_mean
716,event_std__wst_order1_path0072_mean
717,event_std__wst_order1_path0073_mean
718,event_std__wst_order1_path0074_mean
719,event_std__wst_order1_path0075_mean
720,event_std__wst_order1_path0076_mean
721,event_std__wst_order1_path0077_mean
722,event_std__wst_order1_path0078_mean
723,event_std__wst_order1_path0079_mean
724,event_std__wst_order1_path0080_mean
725,event_std__wst_order1_path0081_mean
726,event_std__wst_order1_path0082_mean
727,event_std__wst_order1_path0083_mean
728,event_std__wst_order1_path0084_mean
729,event_std__wst_order1_path0085_mean
730,event_std__wst_order1_path0086_mean
731,event_std__wst_order1_path0087_mean
732,event_std__wst_order1_path0088_mean
733,event_std__wst_order1_path0089_mean
734,event_std__wst_order1_path0090_mean
735,event_std__wst_order1_path0091_mean
736,event_std__wst_order1_path0092_mean
737,event_std__wst_order1_path0093_mean
738,event_std__wst_order1_path0094_mean
739,event_std__wst_order2_path0095_mean
740,event_std__wst_order2_path0096_mean
741,event_std__wst_order2_path0097_mean
742,event_std__wst_order2_path0098_mean
743,event_std__wst_order2_path0099_mean
744,event_std__wst_order2_path0100_mean
745,event_std__wst_order2_path0101_mean
746,event_std__wst_order2_path0102_mean
747,event_std__wst_order2_path0103_mean
748,event_std__wst_order2_path0104_mean
749,event_std__wst_order2_path0105_mean
750,event_std__wst_order2_path0106_mean
751,event_std__wst_order2_path0107_mean
752,event_std__wst_order2_path0108_mean
753,event_std__wst_order2_path0109_mean
754,event_std__wst_order2_path0110_mean
755,event_std__wst_order2_path0111_mean
756,event_std__wst_order2_path0112_mean
757,event_std__wst_order2_path0113_mean
758,event_std__wst_order2_path0114_mean
759,event_std__wst_order2_path0115_mean
760,event_std__wst_order2_path0116_mean
761,event_std__wst_order2_path0117_mean
762,event_std__wst_order2_path0118_mean
763,event_std__wst_order2_path0119_mean
764,event_std__wst_order2_path0120_mean
765,event_std__wst_order2_path0121_mean
766,event_std__wst_order2_path0122_mean
767,event_std__wst_order2_path0123_mean
768,event_std__wst_order2_path0124_mean
769,event_std__wst_order2_path0125_mean
770,event_std__wst_order2_path0126_mean
771,event_std__wst_order2_path0127_mean
772,event_std__wst_order2_path0128_mean
773,event_std__wst_order2_path0129_mean
774,event_std__wst_order2_path0130_mean
775,event_std__wst_order2_path0131_mean
776,event_std__wst_order2_path0132_mean
777,event_std__wst_order2_path0133_mean
778,event_std__wst_order2_path0134_mean
779,event_std__wst_order2_path0135_mean
780,event_std__wst_order2_path0136_mean
781,event_std__wst_order2_path0137_mean
782,event_std__wst_order2_path0138_mean
783,event_std__wst_order2_path0139_mean
784,event_std__wst_order2_path0140_mean
785,event_std__wst_order2_path0141_mean
786,event_std__wst_order2_path0142_mean
787,event_std__wst_order2_path0143_mean
788,event_std__wst_order2_path0144_mean
789,event_std__wst_order2_path0145_mean
790,event_std__wst_order2_path0146_mean
791,event_std__wst_order2_path0147_mean
792,event_std__wst_order2_path0148_mean
793,event_std__wst_order2_path0149_mean
794,event_std__wst_order2_path0150_mean
795,event_std__wst_order2_path0151_mean
796,event_std__wst_order2_path0152_mean
797,event_std__wst_order2_path0153_mean
798,event_std__wst_order2_path0154_mean
799,event_std__wst_order2_path0155_mean
800,event_std__wst_order2_path0156_mean
801,event_std__wst_order2_path0157_mean
802,event_std__wst_order2_path0158_mean
803,event_std__wst_order2_path0159_mean
804,event_std__wst_order2_path0160_mean
805,event_std__wst_order2_path0161_mean
806,event_std__wst_order2_path0162_mean
807,event_std__wst_order2_path0163_mean
808,event_std__wst_order2_path0164_mean
809,event_std__wst_order2_path0165_mean
810,event_std__wst_order2_path0166_mean
811,event_std__wst_order2_path0167_mean
812,event_std__wst_order2_path0168_mean
813,event_std__wst_order2_path0169_mean
814,event_std__wst_order2_path0170_mean
815,event_std__wst_order2_path0171_mean
816,event_std__wst_order2_path0172_mean
817,event_std__wst_order2_path0173_mean
818,event_std__wst_order2_path0174_mean
819,event_std__wst_order2_path0175_mean
820,event_std__wst_order2_path0176_mean
821,event_std__wst_order2_path0177_mean
822,event_std__wst_order2_path0178_mean
823,event_std__wst_order2_path0179_mean
824,event_std__wst_order2_path0180_mean
825,event_std__wst_order2_path0181_mean
826,event_std__wst_order2_path0182_mean
827,event_std__wst_order2_path0183_mean
828,event_std__wst_order2_path0184_mean
829,event_std__wst_order2_path0185_mean
830,event_std__wst_order2_path0186_mean
831,event_std__wst_order2_path0187_mean
832,event_std__wst_order2_path0188_mean
833,event_std__wst_order2_path0189_mean
834,event_std__wst_order2_path0190_mean
835,event_std__wst_order2_path0191_mean
836,event_std__wst_order2_path0192_mean
837,event_std__wst_order2_path0193_mean
838,event_std__wst_order2_path0194_mean
839,event_std__wst_order2_path0195_mean
840,event_std__wst_order2_path0196_mean
841,event_std__wst_order2_path0197_mean
842,event_std__wst_order2_path0198_mean
843,event_std__wst_order2_path0199_mean
844,event_std__wst_order2_path0200_mean
845,event_std__wst_order2_path0201_mean
846,event_std__wst_order2_path0202_mean
847,event_std__wst_order2_path0203_mean
848,event_std__wst_order2_path0204_mean
849,event_std__wst_order2_path0205_mean
850,event_std__wst_order2_path0206_mean
851,event_std__wst_order2_path0207_mean
852,event_std__wst_order2_path0208_mean
853,event_std__wst_order2_path0209_mean
854,event_std__wst_order2_path0210_mean
855,event_std__wst_order2_path0211_mean
856,event_std__wst_order2_path0212_mean
857,event_std__wst_order2_path0213_mean
858,event_std__wst_order2_path0214_mean
859,event_std__wst_order2_path0215_mean
860,event_std__wst_order2_path0216_mean
861,event_std__wst_order2_path0217_mean
862,event_std__wst_order2_path0218_mean
863,event_std__wst_order2_path0219_mean
864,event_std__wst_order2_path0220_mean
865,event_std__wst_order2_path0221_mean
866,event_std__wst_order2_path0222_mean
867,event_std__wst_order2_path0223_mean
868,event_std__wst_order2_path0224_mean
869,event_std__wst_order2_path0225_mean
870,event_std__wst_order2_path0226_mean
871,event_std__wst_order2_path0227_mean
872,event_std__wst_order2_path0228_mean
873,event_std__wst_order2_path0229_mean
874,event_std__wst_order2_path0230_mean
875,event_std__wst_order2_path0231_mean
876,event_std__wst_order2_path0232_mean
877,event_std__wst_order2_path0233_mean
878,event_std__wst_order2_path0234_mean
879,event_std__wst_order2_path0235_mean
880,event_std__wst_order2_path0236_mean
881,event_std__wst_order2_path0237_mean
882,event_std__wst_order2_path0238_mean
883,event_std__wst_order2_path0239_mean
884,event_std__wst_order2_path0240_mean
885,event_std__wst_order2_path0241_mean
886,event_std__wst_order2_path0242_mean
887,event_std__wst_order2_path0243_mean
888,event_std__wst_order2_path0244_mean
889,event_std__wst_order2_path0245_mean
890,event_std__wst_order2_path0246_mean
891,event_std__wst_order2_path0247_mean
892,event_std__wst_order2_path0248_mean
893,event_std__wst_order2_path0249_mean
894,event_std__wst_order2_path0250_mean
895,event_std__wst_order2_path0251_mean
896,event_std__wst_order2_path0252_mean
897,event_std__wst_order2_path0253_mean
898,event_std__wst_order2_path0254_mean
899,event_std__wst_order2_path0255_mean
900,event_std__wst_order2_path0256_mean
901,event_std__wst_order2_path0257_mean
902,event_std__wst_order2_path0258_mean
903,event_std__wst_order2_path0259_mean
904,event_std__wst_order2_path0260_mean
905,event_std__wst_order2_path0261_mean
906,event_std__wst_order2_path0262_mean
907,event_std__wst_order2_path0263_mean
908,event_std__wst_order2_path0264_mean
909,event_std__wst_order2_path0265_mean
910,event_std__wst_order2_path0266_mean
911,event_std__wst_order2_path0267_mean
912,event_std__wst_order2_path0268_mean
913,event_std__wst_order2_path0269_mean
914,event_std__wst_order2_path0270_mean
915,event_std__wst_order2_path0271_mean
916,event_std__wst_order2_path0272_mean
917,event_std__wst_order2_path0273_mean
918,event_std__wst_order2_path0274_mean
919,event_std__wst_order2_path0275_mean
920,event_std__wst_order2_path0276_mean
921,event_std__wst_order2_path0277_mean
922,event_std__wst_order2_path0278_mean
923,event_std__wst_order2_path0279_mean
924,event_std__wst_order2_path0280_mean
925,event_std__wst_order2_path0281_mean
926,event_std__wst_order2_path0282_mean
927,event_std__wst_order2_path0283_mean
928,event_std__wst_order2_path0284_mean
929,event_std__wst_order2_path0285_mean
930,event_std__wst_order2_path0286_mean
931,event_std__wst_order2_path0287_mean
932,event_std__wst_order2_path0288_mean
933,event_std__wst_order2_path0289_mean
934,event_std__wst_order2_path0290_mean
935,event_std__wst_order2_path0291_mean
936,event_std__wst_order2_path0292_mean
937,event_std__wst_order2_path0293_mean
938,event_std__wst_order2_path0294_mean
939,event_std__wst_order2_path0295_mean
940,event_std__wst_order2_path0296_mean
941,event_std__wst_order2_path0297_mean
942,event_std__wst_order2_path0298_mean
943,event_std__wst_order2_path0299_mean
944,event_std__wst_order2_path0300_mean
945,event_std__wst_order2_path0301_mean
946,event_std__wst_order2_path0302_mean
947,event_std__wst_order2_path0303_mean
948,event_std__wst_order2_path0304_mean
949,event_std__wst_order2_path0305_mean
950,event_std__wst_order2_path0306_mean
951,event_std__wst_order2_path0307_mean
952,event_std__wst_order2_path0308_mean
953,event_std__wst_order2_path0309_mean
954,event_std__wst_order2_path0310_mean
955,event_std__wst_order2_path0311_mean
956,event_std__wst_order2_path0312_mean
957,event_std__wst_order2_path0313_mean
958,event_std__wst_order2_path0314_mean
959,event_std__wst_order2_path0315_mean
960,event_std__wst_order2_path0316_mean
961,event_std__wst_order2_path0317_mean
962,event_std__wst_order2_path0318_mean
963,event_std__wst_order2_path0319_mean
964,event_std__wst_order2_path0320_mean
965,event_std__wst_order2_path0321_mean
966,event_std__wst_order2_path0322_mean
967,event_std__wst_order2_path0323_mean
968,event_std__wst_order2_path0324_mean
969,event_std__wst_order2_path0325_mean
970,event_std__wst_order2_path0326_mean
971,event_std__wst_order2_path0327_mean
972,event_std__wst_order2_path0328_mean
973,event_std__wst_order2_path0329_mean
974,event_std__wst_order2_path0330_mean
975,event_std__wst_order2_path0331_mean
976,event_std__wst_order2_path0332_mean
977,event_std__wst_order2_path0333_mean
978,event_std__wst_order2_path0334_mean
979,event_std__wst_order2_path0335_mean
980,event_std__wst_order2_path0336_mean
981,event_std__wst_order2_path0337_mean
982,event_std__wst_order2_path0338_mean
983,event_std__wst_order2_path0339_mean
984,event_std__wst_order2_path0340_mean
985,event_std__wst_order2_path0341_mean
986,event_std__wst_order2_path0342_mean
987,event_std__wst_order2_path0343_mean
988,event_std__wst_order2_path0344_mean
989,event_std__wst_order2_path0345_mean
990,event_std__wst_order2_path0346_mean
991,event_std__wst_order2_path0347_mean
992,event_std__wst_order2_path0348_mean
993,event_std__wst_order2_path0349_mean
994,event_std__wst_order2_path0350_mean
995,event_std__wst_order2_path0351_mean
996,event_std__wst_order2_path0352_mean
997,event_std__wst_order2_path0353_mean
998,event_std__wst_order2_path0354_mean
999,event_std__wst_order2_path0355_mean
1000,event_std__wst_order2_path0356_mean
1001,event_std__wst_order2_path0357_mean
1002,event_std__wst_order2_path0358_mean
1003,event_std__wst_order2_path0359_mean
1004,event_std__wst_order2_path0360_mean
1005,event_std__wst_order2_path0361_mean
1006,event_std__wst_order2_path0362_mean
1007,event_std__wst_order2_path0363_mean
1008,event_std__wst_order2_path0364_mean
1009,event_std__wst_order2_path0365_mean
1010,event_std__wst_order2_path0366_mean
1011,event_std__wst_order2_path0367_mean
1012,event_std__wst_order2_path0368_mean
1013,event_std__wst_order2_path0369_mean
1014,event_std__wst_order2_path0370_mean
1015,event_std__wst_order2_path0371_mean
1016,event_std__wst_order2_path0372_mean
1017,event_std__wst_order2_path0373_mean
1018,event_std__wst_order2_path0374_mean
1019,event_std__wst_order2_path0375_mean
1020,event_std__wst_order2_path0376_mean
1021,event_std__wst_order2_path0377_mean
1022,event_std__wst_order2_path0378_mean
1023,event_std__wst_order2_path0379_mean
1024,event_std__wst_order2_path0380_mean
1025,event_std__wst_order2_path0381_mean
1026,event_std__wst_order2_path0382_mean
1027,event_std__wst_order2_path0383_mean
1028,event_std__wst_order2_path0384_mean
1029,event_std__wst_order2_path0385_mean
1030,event_std__wst_order2_path0386_mean
1031,event_std__wst_order2_path0387_mean
1032,event_std__wst_order2_path0388_mean
1033,event_std__wst_order2_path0389_mean
1034,event_std__wst_order2_path0390_mean
1035,event_std__wst_order2_path0391_mean
1036,event_std__wst_order2_path0392_mean
1037,event_std__wst_order2_path0393_mean
1038,event_std__wst_order2_path0394_mean
1039,event_std__wst_order2_path0395_mean
1040,event_std__wst_order2_path0396_mean
1041,event_std__wst_order2_path0397_mean
1042,event_std__wst_order2_path0398_mean
1043,event_std__wst_order2_path0399_mean
1044,event_std__wst_order2_path0400_mean
1045,event_std__wst_order2_path0401_mean
1046,event_std__wst_order2_path0402_mean
1047,event_std__wst_order2_path0403_mean
1048,event_std__wst_order2_path0404_mean
1049,event_std__wst_order2_path0405_mean
1050,event_std__wst_order2_path0406_mean
1051,event_std__wst_order2_path0407_mean
1052,event_std__wst_order2_path0408_mean
1053,event_std__wst_order2_path0409_mean
1054,event_std__wst_order2_path0410_mean
1055,event_std__wst_order2_path0411_mean
1056,event_std__wst_order2_path0412_mean
1057,event_std__wst_order2_path0413_mean
1058,event_std__wst_order2_path0414_mean
1059,event_std__wst_order2_path0415_mean
1060,event_std__wst_order2_path0416_mean
1061,event_std__wst_order2_path0417_mean
1062,event_std__wst_order2_path0418_mean
1063,event_std__wst_order2_path0419_mean
1064,event_std__wst_order2_path0420_mean
1065,event_std__wst_order2_path0421_mean
1066,event_std__wst_order2_path0422_mean
1067,event_std__wst_order2_path0423_mean
1068,event_std__wst_order2_path0424_mean
1069,event_std__wst_order2_path0425_mean
1070,event_std__wst_order2_path0426_mean
1071,event_std__wst_order2_path0427_mean
1072,event_std__wst_order2_path0428_mean
1073,event_std__wst_order2_path0429_mean
1074,event_std__wst_order2_path0430_mean
1075,event_std__wst_order2_path0431_mean
1076,event_std__wst_order2_path0432_mean
1077,event_std__wst_order2_path0433_mean
1078,event_std__wst_order2_path0434_mean
1079,event_std__wst_order2_path0435_mean
1080,event_std__wst_order2_path0436_mean
1081,event_std__wst_order2_path0437_mean
1082,event_std__wst_order2_path0438_mean
1083,event_std__wst_order2_path0439_mean
1084,event_std__wst_order2_path0440_mean
1085,event_std__wst_order2_path0441_mean
1086,event_std__wst_order2_path0442_mean
1087,event_std__wst_order2_path0443_mean
1088,event_std__wst_order2_path0444_mean
1089,event_std__wst_order2_path0445_mean
1090,event_std__wst_order2_path0446_mean
1091,event_std__wst_order2_path0447_mean
1092,event_std__wst_order2_path0448_mean
1093,event_std__wst_order2_path0449_mean
1094,event_std__wst_order2_path0450_mean
1095,event_std__wst_order2_path0451_mean
1096,event_std__wst_order2_path0452_mean
1097,event_std__wst_order2_path0453_mean
1098,event_std__wst_order2_path0454_mean
1099,event_std__wst_order2_path0455_mean
1100,event_std__wst_order2_path0456_mean
1101,event_std__wst_order2_path0457_mean
1102,event_std__wst_order2_path0458_mean
1103,event_std__wst_order2_path0459_mean
1104,event_std__wst_order2_path0460_mean
1105,event_std__wst_order2_path0461_mean
1106,event_std__wst_order2_path0462_mean
1107,event_std__wst_order2_path0463_mean
1108,event_std__wst_order2_path0464_mean
1109,event_std__wst_order2_path0465_mean
1110,event_std__wst_order2_path0466_mean
1111,event_std__wst_order2_path0467_mean
1112,event_std__wst_order2_path0468_mean
1113,event_std__wst_order2_path0469_mean
1114,event_std__wst_order2_path0470_mean
1115,event_std__wst_order2_path0471_mean
1116,event_std__wst_order2_path0472_mean
1117,event_std__wst_order2_path0473_mean
1118,event_std__wst_order2_path0474_mean
1119,event_std__wst_order2_path0475_mean
1120,event_std__wst_order2_path0476_mean
1121,event_std__wst_order2_path0477_mean
1122,event_std__wst_order2_path0478_mean
1123,event_std__wst_order2_path0479_mean
1124,event_std__wst_order2_path0480_mean
1125,event_std__wst_order2_path0481_mean
1126,event_std__wst_order2_path0482_mean
1127,event_std__wst_order2_path0483_mean
1128,event_std__wst_order2_path0484_mean
1129,event_std__wst_order2_path0485_mean
1130,event_std__wst_order2_path0486_mean
1131,event_std__wst_order2_path0487_mean
1132,event_std__wst_order2_path0488_mean
1133,event_std__wst_order2_path0489_mean
1134,event_std__wst_order2_path0490_mean
1135,event_std__wst_order2_path0491_mean
1136,event_std__wst_order2_path0492_mean
1137,event_std__wst_order2_path0493_mean
1138,event_std__wst_order2_path0494_mean
1139,event_std__wst_order2_path0495_mean
1140,event_std__wst_order2_path0496_mean
1141,event_std__wst_order2_path0497_mean
1142,event_std__wst_order2_path0498_mean
1143,event_std__wst_order2_path0499_mean
1144,event_std__wst_order2_path0500_mean
1145,event_std__wst_order2_path0501_mean
1146,event_std__wst_order2_path0502_mean
1147,event_std__wst_order2_path0503_mean
1148,event_std__wst_order2_path0504_mean
1149,event_std__wst_order2_path0505_mean
1150,event_std__wst_order2_path0506_mean
1151,event_std__wst_order2_path0507_mean
1152,event_std__wst_order2_path0508_mean
1153,event_std__wst_order2_path0509_mean
1154,event_std__wst_order2_path0510_mean
1155,event_std__wst_order2_path0511_mean
1156,event_std__wst_order2_path0512_mean
1157,event_std__wst_order2_path0513_mean
1158,event_std__wst_order2_path0514_mean
1159,event_std__wst_order2_path0515_mean
1160,event_std__wst_order2_path0516_mean
1161,event_std__wst_order2_path0517_mean
1162,event_std__wst_order2_path0518_mean
1163,event_std__wst_order2_path0519_mean
1164,event_std__wst_order2_path0520_mean
1165,event_std__wst_order2_path0521_mean
1166,event_std__wst_order2_path0522_mean
1167,event_std__wst_order2_path0523_mean
1168,event_std__wst_order2_path0524_mean
1169,event_std__wst_order2_path0525_mean
1170,event_std__wst_order2_path0526_mean
1171,event_std__wst_order2_path0527_mean
1172,event_std__wst_order2_path0528_mean
1173,event_std__wst_order2_path0529_mean
1174,event_std__wst_order2_path0530_mean
1175,event_std__wst_order2_path0531_mean
1176,event_std__wst_order2_path0532_mean
1177,event_std__wst_order2_path0533_mean
1178,event_std__wst_order2_path0534_mean
1179,event_std__wst_order2_path0535_mean
1180,event_std__wst_order2_path0536_mean
1181,event_std__wst_order2_path0537_mean
1182,event_std__wst_order2_path0538_mean
1183,event_std__wst_order2_path0539_mean
1184,event_std__wst_order2_path0540_mean
1185,event_std__wst_order2_path0541_mean
1186,event_std__wst_order2_path0542_mean
1187,event_std__wst_order2_path0543_mean
1188,event_std__wst_order2_path0544_mean
1189,event_std__wst_order2_path0545_mean
1190,event_std__wst_order2_path0546_mean
1191,event_std__wst_order2_path0547_mean
1192,event_std__wst_order2_path0548_mean
1193,event_std__wst_order2_path0549_mean
1194,event_std__wst_order2_path0550_mean
1195,event_std__wst_order2_path0551_mean
1196,event_std__wst_order2_path0552_mean
1197,event_std__wst_order2_path0553_mean
1198,event_std__wst_order2_path0554_mean
1199,event_std__wst_order2_path0555_mean
1200,event_std__wst_order2_path0556_mean
1201,event_std__wst_order2_path0557_mean
1202,event_std__wst_order2_path0558_mean
1203,event_std__wst_order2_path0559_mean
1204,event_std__wst_order2_path0560_mean
1205,event_std__wst_order2_path0561_mean
1206,event_std__wst_order2_path0562_mean
1207,event_std__wst_order2_path0563_mean
1208,event_std__wst_order2_path0564_mean
1209,event_std__wst_order2_path0565_mean
1210,event_std__wst_order2_path0566_mean
1211,event_std__wst_order2_path0567_mean
1212,event_std__wst_order2_path0568_mean
1213,event_std__wst_order2_path0569_mean
1214,event_std__wst_order2_path0570_mean
1215,event_std__wst_order2_path0571_mean
1216,event_std__wst_order2_path0572_mean
1217,event_std__wst_order2_path0573_mean
1218,event_std__wst_order2_path0574_mean
1219,event_std__wst_order2_path0575_mean
1220,event_std__wst_order2_path0576_mean
1221,event_std__wst_order2_path0577_mean
1222,event_std__wst_order2_path0578_mean
1223,event_std__wst_order2_path0579_mean
1224,event_std__wst_order2_path0580_mean
1225,event_std__wst_order2_path0581_mean
1226,event_std__wst_order2_path0582_mean
1227,event_std__wst_order2_path0583_mean
1228,event_std__wst_order2_path0584_mean
1229,event_std__wst_order2_path0585_mean
1230,event_std__wst_order2_path0586_mean
1231,event_std__wst_order2_path0587_mean
1232,event_std__wst_order2_path0588_mean
1233,event_std__wst_order2_path0589_mean
1234,event_std__wst_order2_path0590_mean
1235,event_std__wst_order2_path0591_mean
1236,event_std__wst_order2_path0592_mean
1237,event_std__wst_order2_path0593_mean
1238,event_std__wst_order2_path0594_mean
1239,event_std__wst_order2_path0595_mean
1240,event_std__wst_order2_path0596_mean
1241,event_std__wst_order2_path0597_mean
1242,event_std__wst_order2_path0598_mean
1243,event_std__wst_order2_path0599_mean
1244,event_std__wst_order2_path0600_mean
1245,event_std__wst_order2_path0601_mean
1246,event_std__wst_order2_path0602_mean
1247,event_std__wst_order2_path0603_mean
1248,event_std__wst_order2_path0604_mean
1249,event_std__wst_order2_path0605_mean
1250,event_std__wst_order2_path0606_mean
1251,event_std__wst_order2_path0607_mean
1252,event_std__wst_order2_path0608_mean
1253,event_std__wst_order2_path0609_mean
1254,event_std__wst_order2_path0610_mean
1255,event_std__wst_order2_path0611_mean
1256,event_std__wst_order2_path0612_mean
1257,event_std__wst_order2_path0613_mean
1258,event_std__wst_order2_path0614_mean
1259,event_std__wst_order2_path0615_mean
1260,event_std__wst_order2_path0616_mean
1261,event_std__wst_order2_path0617_mean
1262,event_std__wst_order2_path0618_mean
1263,event_std__wst_order2_path0619_mean
1264,event_std__wst_order2_path0620_mean
1265,event_std__wst_order2_path0621_mean
1266,event_std__wst_order2_path0622_mean
1267,event_std__wst_order2_path0623_mean
1268,event_std__wst_order2_path0624_mean
1269,event_std__wst_order2_path0625_mean
1270,event_std__wst_order2_path0626_mean
1271,event_std__wst_order2_path0627_mean
1272,event_std__wst_order2_path0628_mean
1273,event_std__wst_order2_path0629_mean
1274,event_std__wst_order2_path0630_mean
1275,event_std__wst_order2_path0631_mean
1276,event_std__wst_order2_path0632_mean
1277,event_std__wst_order2_path0633_mean
1278,event_std__wst_order2_path0634_mean
1279,event_std__wst_order2_path0635_mean
1280,event_std__wst_order2_path0636_mean
1281,event_std__wst_order2_path0637_mean
1282,event_std__wst_order2_path0638_mean
1283,event_std__wst_order2_path0639_mean
1284,event_std__wst_order2_path0640_mean
1285,event_std__wst_order2_path0641_mean
1286,event_std__wst_order2_path0642_mean
1287,event_std__wst_order2_path0643_mean
1288,event_max__wst_order0_path0000_mean
1289,event_max__wst_order1_path0001_mean
1290,event_max__wst_order1_path0002_mean
1291,event_max__wst_order1_path0003_mean
1292,event_max__wst_order1_path0004_mean
1293,event_max__wst_order1_path0005_mean
1294,event_max__wst_order1_path0006_mean
1295,event_max__wst_order1_path0007_mean
1296,event_max__wst_order1_path0008_mean
1297,event_max__wst_order1_path0009_mean
1298,event_max__wst_order1_path0010_mean
1299,event_max__wst_order1_path0011_mean
1300,event_max__wst_order1_path0012_mean
1301,event_max__wst_order1_path0013_mean
1302,event_max__wst_order1_path0014_mean
1303,event_max__wst_order1_path0015_mean
1304,event_max__wst_order1_path0016_mean
1305,event_max__wst_order1_path0017_mean
1306,event_max__wst_order1_path0018_mean
1307,event_max__wst_order1_path0019_mean
1308,event_max__wst_order1_path0020_mean
1309,event_max__wst_order1_path0021_mean
1310,event_max__wst_order1_path0022_mean
1311,event_max__wst_order1_path0023_mean
1312,event_max__wst_order1_path0024_mean
1313,event_max__wst_order1_path0025_mean
1314,event_max__wst_order1_path0026_mean
1315,event_max__wst_order1_path0027_mean
1316,event_max__wst_order1_path0028_mean
1317,event_max__wst_order1_path0029_mean
1318,event_max__wst_order1_path0030_mean
1319,event_max__wst_order1_path0031_mean
1320,event_max__wst_order1_path0032_mean
1321,event_max__wst_order1_path0033_mean
1322,event_max__wst_order1_path0034_mean
1323,event_max__wst_order1_path0035_mean
1324,event_max__wst_order1_path0036_mean
1325,event_max__wst_order1_path0037_mean
1326,event_max__wst_order1_path0038_mean
1327,event_max__wst_order1_path0039_mean
1328,event_max__wst_order1_path0040_mean
1329,event_max__wst_order1_path0041_mean
1330,event_max__wst_order1_path0042_mean
1331,event_max__wst_order1_path0043_mean
1332,event_max__wst_order1_path0044_mean
1333,event_max__wst_order1_path0045_mean
1334,event_max__wst_order1_path0046_mean
1335,event_max__wst_order1_path0047_mean
1336,event_max__wst_order1_path0048_mean
1337,event_max__wst_order1_path0049_mean
1338,event_max__wst_order1_path0050_mean
1339,event_max__wst_order1_path0051_mean
1340,event_max__wst_order1_path0052_mean
1341,event_max__wst_order1_path0053_mean
1342,event_max__wst_order1_path0054_mean
1343,event_max__wst_order1_path0055_mean
1344,event_max__wst_order1_path0056_mean
1345,event_max__wst_order1_path0057_mean
1346,event_max__wst_order1_path0058_mean
1347,event_max__wst_order1_path0059_mean
1348,event_max__wst_order1_path0060_mean
1349,event_max__wst_order1_path0061_mean
1350,event_max__wst_order1_path0062_mean
1351,event_max__wst_order1_path0063_mean
1352,event_max__wst_order1_path0064_mean
1353,event_max__wst_order1_path0065_mean
1354,event_max__wst_order1_path0066_mean
1355,event_max__wst_order1_path0067_mean
1356,event_max__wst_order1_path0068_mean
1357,event_max__wst_order1_path0069_mean
1358,event_max__wst_order1_path0070_mean
1359,event_max__wst_order1_path0071_mean
1360,event_max__wst_order1_path0072_mean
1361,event_max__wst_order1_path0073_mean
1362,event_max__wst_order1_path0074_mean
1363,event_max__wst_order1_path0075_mean
1364,event_max__wst_order1_path0076_mean
1365,event_max__wst_order1_path0077_mean
1366,event_max__wst_order1_path0078_mean
1367,event_max__wst_order1_path0079_mean
1368,event_max__wst_order1_path0080_mean
1369,event_max__wst_order1_path0081_mean
1370,event_max__wst_order1_path0082_mean
1371,event_max__wst_order1_path0083_mean
1372,event_max__wst_order1_path0084_mean
1373,event_max__wst_order1_path0085_mean
1374,event_max__wst_order1_path0086_mean
1375,event_max__wst_order1_path0087_mean
1376,event_max__wst_order1_path0088_mean
1377,event_max__wst_order1_path0089_mean
1378,event_max__wst_order1_path0090_mean
1379,event_max__wst_order1_path0091_mean
1380,event_max__wst_order1_path0092_mean
1381,event_max__wst_order1_path0093_mean
1382,event_max__wst_order1_path0094_mean
1383,event_max__wst_order2_path0095_mean
1384,event_max__wst_order2_path0096_mean
1385,event_max__wst_order2_path0097_mean
1386,event_max__wst_order2_path0098_mean
1387,event_max__wst_order2_path0099_mean
1388,event_max__wst_order2_path0100_mean
1389,event_max__wst_order2_path0101_mean
1390,event_max__wst_order2_path0102_mean
1391,event_max__wst_order2_path0103_mean
1392,event_max__wst_order2_path0104_mean
1393,event_max__wst_order2_path0105_mean
1394,event_max__wst_order2_path0106_mean
1395,event_max__wst_order2_path0107_mean
1396,event_max__wst_order2_path0108_mean
1397,event_max__wst_order2_path0109_mean
1398,event_max__wst_order2_path0110_mean
1399,event_max__wst_order2_path0111_mean
1400,event_max__wst_order2_path0112_mean
1401,event_max__wst_order2_path0113_mean
1402,event_max__wst_order2_path0114_mean
1403,event_max__wst_order2_path0115_mean
1404,event_max__wst_order2_path0116_mean
1405,event_max__wst_order2_path0117_mean
1406,event_max__wst_order2_path0118_mean
1407,event_max__wst_order2_path0119_mean
1408,event_max__wst_order2_path0120_mean
1409,event_max__wst_order2_path0121_mean
1410,event_max__wst_order2_path0122_mean
1411,event_max__wst_order2_path0123_mean
1412,event_max__wst_order2_path0124_mean
1413,event_max__wst_order2_path0125_mean
1414,event_max__wst_order2_path0126_mean
1415,event_max__wst_order2_path0127_mean
1416,event_max__wst_order2_path0128_mean
1417,event_max__wst_order2_path0129_mean
1418,event_max__wst_order2_path0130_mean
1419,event_max__wst_order2_path0131_mean
1420,event_max__wst_order2_path0132_mean
1421,event_max__wst_order2_path0133_mean
1422,event_max__wst_order2_path0134_mean
1423,event_max__wst_order2_path0135_mean
1424,event_max__wst_order2_path0136_mean
1425,event_max__wst_order2_path0137_mean
1426,event_max__wst_order2_path0138_mean
1427,event_max__wst_order2_path0139_mean
1428,event_max__wst_order2_path0140_mean
1429,event_max__wst_order2_path0141_mean
1430,event_max__wst_order2_path0142_mean
1431,event_max__wst_order2_path0143_mean
1432,event_max__wst_order2_path0144_mean
1433,event_max__wst_order2_path0145_mean
1434,event_max__wst_order2_path0146_mean
1435,event_max__wst_order2_path0147_mean
1436,event_max__wst_order2_path0148_mean
1437,event_max__wst_order2_path0149_mean
1438,event_max__wst_order2_path0150_mean
1439,event_max__wst_order2_path0151_mean
1440,event_max__wst_order2_path0152_mean
1441,event_max__wst_order2_path0153_mean
1442,event_max__wst_order2_path0154_mean
1443,event_max__wst_order2_path0155_mean
1444,event_max__wst_order2_path0156_mean
1445,event_max__wst_order2_path0157_mean
1446,event_max__wst_order2_path0158_mean
1447,event_max__wst_order2_path0159_mean
1448,event_max__wst_order2_path0160_mean
1449,event_max__wst_order2_path0161_mean
1450,event_max__wst_order2_path0162_mean
1451,event_max__wst_order2_path0163_mean
1452,event_max__wst_order2_path0164_mean
1453,event_max__wst_order2_path0165_mean
1454,event_max__wst_order2_path0166_mean
1455,event_max__wst_order2_path0167_mean
1456,event_max__wst_order2_path0168_mean
1457,event_max__wst_order2_path0169_mean
1458,event_max__wst_order2_path0170_mean
1459,event_max__wst_order2_path0171_mean
1460,event_max__wst_order2_path0172_mean
1461,event_max__wst_order2_path0173_mean
1462,event_max__wst_order2_path0174_mean
1463,event_max__wst_order2_path0175_mean
1464,event_max__wst_order2_path0176_mean
1465,event_max__wst_order2_path0177_mean
1466,event_max__wst_order2_path0178_mean
1467,event_max__wst_order2_path0179_mean
1468,event_max__wst_order2_path0180_mean
1469,event_max__wst_order2_path0181_mean
1470,event_max__wst_order2_path0182_mean
1471,event_max__wst_order2_path0183_mean
1472,event_max__wst_order2_path0184_mean
1473,event_max__wst_order2_path0185_mean
1474,event_max__wst_order2_path0186_mean
1475,event_max__wst_order2_path0187_mean
1476,event_max__wst_order2_path0188_mean
1477,event_max__wst_order2_path0189_mean
1478,event_max__wst_order2_path0190_mean
1479,event_max__wst_order2_path0191_mean
1480,event_max__wst_order2_path0192_mean
1481,event_max__wst_order2_path0193_mean
1482,event_max__wst_order2_path0194_mean
1483,event_max__wst_order2_path0195_mean
1484,event_max__wst_order2_path0196_mean
1485,event_max__wst_order2_path0197_mean
1486,event_max__wst_order2_path0198_mean
1487,event_max__wst_order2_path0199_mean
1488,event_max__wst_order2_path0200_mean
1489,event_max__wst_order2_path0201_mean
1490,event_max__wst_order2_path0202_mean
1491,event_max__wst_order2_path0203_mean
1492,event_max__wst_order2_path0204_mean
1493,event_max__wst_order2_path0205_mean
1494,event_max__wst_order2_path0206_mean
1495,event_max__wst_order2_path0207_mean
1496,event_max__wst_order2_path0208_mean
1497,event_max__wst_order2_path0209_mean
1498,event_max__wst_order2_path0210_mean
1499,event_max__wst_order2_path0211_mean
1500,event_max__wst_order2_path0212_mean
1501,event_max__wst_order2_path0213_mean
1502,event_max__wst_order2_path0214_mean
1503,event_max__wst_order2_path0215_mean
1504,event_max__wst_order2_path0216_mean
1505,event_max__wst_order2_path0217_mean
1506,event_max__wst_order2_path0218_mean
1507,event_max__wst_order2_path0219_mean
1508,event_max__wst_order2_path0220_mean
1509,event_max__wst_order2_path0221_mean
1510,event_max__wst_order2_path0222_mean
1511,event_max__wst_order2_path0223_mean
1512,event_max__wst_order2_path0224_mean
1513,event_max__wst_order2_path0225_mean
1514,event_max__wst_order2_path0226_mean
1515,event_max__wst_order2_path0227_mean
1516,event_max__wst_order2_path0228_mean
1517,event_max__wst_order2_path0229_mean
1518,event_max__wst_order2_path0230_mean
1519,event_max__wst_order2_path0231_mean
1520,event_max__wst_order2_path0232_mean
1521,event_max__wst_order2_path0233_mean
1522,event_max__wst_order2_path0234_mean
1523,event_max__wst_order2_path0235_mean
1524,event_max__wst_order2_path0236_mean
1525,event_max__wst_order2_path0237_mean
1526,event_max__wst_order2_path0238_mean
1527,event_max__wst_order2_path0239_mean
1528,event_max__wst_order2_path0240_mean
1529,event_max__wst_order2_path0241_mean
1530,event_max__wst_order2_path0242_mean
1531,event_max__wst_order2_path0243_mean
1532,event_max__wst_order2_path0244_mean
1533,event_max__wst_order2_path0245_mean
1534,event_max__wst_order2_path0246_mean
1535,event_max__wst_order2_path0247_mean
1536,event_max__wst_order2_path0248_mean
1537,event_max__wst_order2_path0249_mean
1538,event_max__wst_order2_path0250_mean
1539,event_max__wst_order2_path0251_mean
1540,event_max__wst_order2_path0252_mean
1541,event_max__wst_order2_path0253_mean
1542,event_max__wst_order2_path0254_mean
1543,event_max__wst_order2_path0255_mean
1544,event_max__wst_order2_path0256_mean
1545,event_max__wst_order2_path0257_mean
1546,event_max__wst_order2_path0258_mean
1547,event_max__wst_order2_path0259_mean
1548,event_max__wst_order2_path0260_mean
1549,event_max__wst_order2_path0261_mean
1550,event_max__wst_order2_path0262_mean
1551,event_max__wst_order2_path0263_mean
1552,event_max__wst_order2_path0264_mean
1553,event_max__wst_order2_path0265_mean
1554,event_max__wst_order2_path0266_mean
1555,event_max__wst_order2_path0267_mean
1556,event_max__wst_order2_path0268_mean
1557,event_max__wst_order2_path0269_mean
1558,event_max__wst_order2_path0270_mean
1559,event_max__wst_order2_path0271_mean
1560,event_max__wst_order2_path0272_mean
1561,event_max__wst_order2_path0273_mean
1562,event_max__wst_order2_path0274_mean
1563,event_max__wst_order2_path0275_mean
1564,event_max__wst_order2_path0276_mean
1565,event_max__wst_order2_path0277_mean
1566,event_max__wst_order2_path0278_mean
1567,event_max__wst_order2_path0279_mean
1568,event_max__wst_order2_path0280_mean
1569,event_max__wst_order2_path0281_mean
1570,event_max__wst_order2_path0282_mean
1571,event_max__wst_order2_path0283_mean
1572,event_max__wst_order2_path0284_mean
1573,event_max__wst_order2_path0285_mean
1574,event_max__wst_order2_path0286_mean
1575,event_max__wst_order2_path0287_mean
1576,event_max__wst_order2_path0288_mean
1577,event_max__wst_order2_path0289_mean
1578,event_max__wst_order2_path0290_mean
1579,event_max__wst_order2_path0291_mean
1580,event_max__wst_order2_path0292_mean
1581,event_max__wst_order2_path0293_mean
1582,event_max__wst_order2_path0294_mean
1583,event_max__wst_order2_path0295_mean
1584,event_max__wst_order2_path0296_mean
1585,event_max__wst_order2_path0297_mean
1586,event_max__wst_order2_path0298_mean
1587,event_max__wst_order2_path0299_mean
1588,event_max__wst_order2_path0300_mean
1589,event_max__wst_order2_path0301_mean
1590,event_max__wst_order2_path0302_mean
1591,event_max__wst_order2_path0303_mean
1592,event_max__wst_order2_path0304_mean
1593,event_max__wst_order2_path0305_mean
1594,event_max__wst_order2_path0306_mean
1595,event_max__wst_order2_path0307_mean
1596,event_max__wst_order2_path0308_mean
1597,event_max__wst_order2_path0309_mean
1598,event_max__wst_order2_path0310_mean
1599,event_max__wst_order2_path0311_mean
1600,event_max__wst_order2_path0312_mean
1601,event_max__wst_order2_path0313_mean
1602,event_max__wst_order2_path0314_mean
1603,event_max__wst_order2_path0315_mean
1604,event_max__wst_order2_path0316_mean
1605,event_max__wst_order2_path0317_mean
1606,event_max__wst_order2_path0318_mean
1607,event_max__wst_order2_path0319_mean
1608,event_max__wst_order2_path0320_mean
1609,event_max__wst_order2_path0321_mean
1610,event_max__wst_order2_path0322_mean
1611,event_max__wst_order2_path0323_mean
1612,event_max__wst_order2_path0324_mean
1613,event_max__wst_order2_path0325_mean
1614,event_max__wst_order2_path0326_mean
1615,event_max__wst_order2_path0327_mean
1616,event_max__wst_order2_path0328_mean
1617,event_max__wst_order2_path0329_mean
1618,event_max__wst_order2_path0330_mean
1619,event_max__wst_order2_path0331_mean
1620,event_max__wst_order2_path0332_mean
1621,event_max__wst_order2_path0333_mean
1622,event_max__wst_order2_path0334_mean
1623,event_max__wst_order2_path0335_mean
1624,event_max__wst_order2_path0336_mean
1625,event_max__wst_order2_path0337_mean
1626,event_max__wst_order2_path0338_mean
1627,event_max__wst_order2_path0339_mean
1628,event_max__wst_order2_path0340_mean
1629,event_max__wst_order2_path0341_mean
1630,event_max__wst_order2_path0342_mean
1631,event_max__wst_order2_path0343_mean
1632,event_max__wst_order2_path0344_mean
1633,event_max__wst_order2_path0345_mean
1634,event_max__wst_order2_path0346_mean
1635,event_max__wst_order2_path0347_mean
1636,event_max__wst_order2_path0348_mean
1637,event_max__wst_order2_path0349_mean
1638,event_max__wst_order2_path0350_mean
1639,event_max__wst_order2_path0351_mean
1640,event_max__wst_order2_path0352_mean
1641,event_max__wst_order2_path0353_mean
1642,event_max__wst_order2_path0354_mean
1643,event_max__wst_order2_path0355_mean
1644,event_max__wst_order2_path0356_mean
1645,event_max__wst_order2_path0357_mean
1646,event_max__wst_order2_path0358_mean
1647,event_max__wst_order2_path0359_mean
1648,event_max__wst_order2_path0360_mean
1649,event_max__wst_order2_path0361_mean
1650,event_max__wst_order2_path0362_mean
1651,event_max__wst_order2_path0363_mean
1652,event_max__wst_order2_path0364_mean
1653,event_max__wst_order2_path0365_mean
1654,event_max__wst_order2_path0366_mean
1655,event_max__wst_order2_path0367_mean
1656,event_max__wst_order2_path0368_mean
1657,event_max__wst_order2_path0369_mean
1658,event_max__wst_order2_path0370_mean
1659,event_max__wst_order2_path0371_mean
1660,event_max__wst_order2_path0372_mean
1661,event_max__wst_order2_path0373_mean
1662,event_max__wst_order2_path0374_mean
1663,event_max__wst_order2_path0375_mean
1664,event_max__wst_order2_path0376_mean
1665,event_max__wst_order2_path0377_mean
1666,event_max__wst_order2_path0378_mean
1667,event_max__wst_order2_path0379_mean
1668,event_max__wst_order2_path0380_mean
1669,event_max__wst_order2_path0381_mean
1670,event_max__wst_order2_path0382_mean
1671,event_max__wst_order2_path0383_mean
1672,event_max__wst_order2_path0384_mean
1673,event_max__wst_order2_path0385_mean
1674,event_max__wst_order2_path0386_mean
1675,event_max__wst_order2_path0387_mean
1676,event_max__wst_order2_path0388_mean
1677,event_max__wst_order2_path0389_mean
1678,event_max__wst_order2_path0390_mean
1679,event_max__wst_order2_path0391_mean
1680,event_max__wst_order2_path0392_mean
1681,event_max__wst_order2_path0393_mean
1682,event_max__wst_order2_path0394_mean
1683,event_max__wst_order2_path0395_mean
1684,event_max__wst_order2_path0396_mean
1685,event_max__wst_order2_path0397_mean
1686,event_max__wst_order2_path0398_mean
1687,event_max__wst_order2_path0399_mean
1688,event_max__wst_order2_path0400_mean
1689,event_max__wst_order2_path0401_mean
1690,event_max__wst_order2_path0402_mean
1691,event_max__wst_order2_path0403_mean
1692,event_max__wst_order2_path0404_mean
1693,event_max__wst_order2_path0405_mean
1694,event_max__wst_order2_path0406_mean
1695,event_max__wst_order2_path0407_mean
1696,event_max__wst_order2_path0408_mean
1697,event_max__wst_order2_path0409_mean
1698,event_max__wst_order2_path0410_mean
1699,event_max__wst_order2_path0411_mean
1700,event_max__wst_order2_path0412_mean
1701,event_max__wst_order2_path0413_mean
1702,event_max__wst_order2_path0414_mean
1703,event_max__wst_order2_path0415_mean
1704,event_max__wst_order2_path0416_mean
1705,event_max__wst_order2_path0417_mean
1706,event_max__wst_order2_path0418_mean
1707,event_max__wst_order2_path0419_mean
1708,event_max__wst_order2_path0420_mean
1709,event_max__wst_order2_path0421_mean
1710,event_max__wst_order2_path0422_mean
1711,event_max__wst_order2_path0423_mean
1712,event_max__wst_order2_path0424_mean
1713,event_max__wst_order2_path0425_mean
1714,event_max__wst_order2_path0426_mean
1715,event_max__wst_order2_path0427_mean
1716,event_max__wst_order2_path0428_mean
1717,event_max__wst_order2_path0429_mean
1718,event_max__wst_order2_path0430_mean
1719,event_max__wst_order2_path0431_mean
1720,event_max__wst_order2_path0432_mean
1721,event_max__wst_order2_path0433_mean
1722,event_max__wst_order2_path0434_mean
1723,event_max__wst_order2_path0435_mean
1724,event_max__wst_order2_path0436_mean
1725,event_max__wst_order2_path0437_mean
1726,event_max__wst_order2_path0438_mean
1727,event_max__wst_order2_path0439_mean
1728,event_max__wst_order2_path0440_mean
1729,event_max__wst_order2_path0441_mean
1730,event_max__wst_order2_path0442_mean
1731,event_max__wst_order2_path0443_mean
1732,event_max__wst_order2_path0444_mean
1733,event_max__wst_order2_path0445_mean
1734,event_max__wst_order2_path0446_mean
1735,event_max__wst_order2_path0447_mean
1736,event_max__wst_order2_path0448_mean
1737,event_max__wst_order2_path0449_mean
1738,event_max__wst_order2_path0450_mean
1739,event_max__wst_order2_path0451_mean
1740,event_max__wst_order2_path0452_mean
1741,event_max__wst_order2_path0453_mean
1742,event_max__wst_order2_path0454_mean
1743,event_max__wst_order2_path0455_mean
1744,event_max__wst_order2_path0456_mean
1745,event_max__wst_order2_path0457_mean
1746,event_max__wst_order2_path0458_mean
1747,event_max__wst_order2_path0459_mean
1748,event_max__wst_order2_path0460_mean
1749,event_max__wst_order2_path0461_mean
1750,event_max__wst_order2_path0462_mean
1751,event_max__wst_order2_path0463_mean
1752,event_max__wst_order2_path0464_mean
1753,event_max__wst_order2_path0465_mean
1754,event_max__wst_order2_path0466_mean
1755,event_max__wst_order2_path0467_mean
1756,event_max__wst_order2_path0468_mean
1757,event_max__wst_order2_path0469_mean
1758,event_max__wst_order2_path0470_mean
1759,event_max__wst_order2_path0471_mean
1760,event_max__wst_order2_path0472_mean
1761,event_max__wst_order2_path0473_mean
1762,event_max__wst_order2_path0474_mean
1763,event_max__wst_order2_path0475_mean
1764,event_max__wst_order2_path0476_mean
1765,event_max__wst_order2_path0477_mean
1766,event_max__wst_order2_path0478_mean
1767,event_max__wst_order2_path0479_mean
1768,event_max__wst_order2_path0480_mean
1769,event_max__wst_order2_path0481_mean
1770,event_max__wst_order2_path0482_mean
1771,event_max__wst_order2_path0483_mean
1772,event_max__wst_order2_path0484_mean
1773,event_max__wst_order2_path0485_mean
1774,event_max__wst_order2_path0486_mean
1775,event_max__wst_order2_path0487_mean
1776,event_max__wst_order2_path0488_mean
1777,event_max__wst_order2_path0489_mean
1778,event_max__wst_order2_path0490_mean
1779,event_max__wst_order2_path0491_mean
1780,event_max__wst_order2_path0492_mean
1781,event_max__wst_order2_path0493_mean
1782,event_max__wst_order2_path0494_mean
1783,event_max__wst_order2_path0495_mean
1784,event_max__wst_order2_path0496_mean
1785,event_max__wst_order2_path0497_mean
1786,event_max__wst_order2_path0498_mean
1787,event_max__wst_order2_path0499_mean
1788,event_max__wst_order2_path0500_mean
1789,event_max__wst_order2_path0501_mean
1790,event_max__wst_order2_path0502_mean
1791,event_max__wst_order2_path0503_mean
1792,event_max__wst_order2_path0504_mean
1793,event_max__wst_order2_path0505_mean
1794,event_max__wst_order2_path0506_mean
1795,event_max__wst_order2_path0507_mean
1796,event_max__wst_order2_path0508_mean
1797,event_max__wst_order2_path0509_mean
1798,event_max__wst_order2_path0510_mean
1799,event_max__wst_order2_path0511_mean
1800,event_max__wst_order2_path0512_mean
1801,event_max__wst_order2_path0513_mean
1802,event_max__wst_order2_path0514_mean
1803,event_max__wst_order2_path0515_mean
1804,event_max__wst_order2_path0516_mean
1805,event_max__wst_order2_path0517_mean
1806,event_max__wst_order2_path0518_mean
1807,event_max__wst_order2_path0519_mean
1808,event_max__wst_order2_path0520_mean
1809,event_max__wst_order2_path0521_mean
1810,event_max__wst_order2_path0522_mean
1811,event_max__wst_order2_path0523_mean
1812,event_max__wst_order2_path0524_mean
1813,event_max__wst_order2_path0525_mean
1814,event_max__wst_order2_path0526_mean
1815,event_max__wst_order2_path0527_mean
1816,event_max__wst_order2_path0528_mean
1817,event_max__wst_order2_path0529_mean
1818,event_max__wst_order2_path0530_mean
1819,event_max__wst_order2_path0531_mean
1820,event_max__wst_order2_path0532_mean
1821,event_max__wst_order2_path0533_mean
1822,event_max__wst_order2_path0534_mean
1823,event_max__wst_order2_path0535_mean
1824,event_max__wst_order2_path0536_mean
1825,event_max__wst_order2_path0537_mean
1826,event_max__wst_order2_path0538_mean
1827,event_max__wst_order2_path0539_mean
1828,event_max__wst_order2_path0540_mean
1829,event_max__wst_order2_path0541_mean
1830,event_max__wst_order2_path0542_mean
1831,event_max__wst_order2_path0543_mean
1832,event_max__wst_order2_path0544_mean
1833,event_max__wst_order2_path0545_mean
1834,event_max__wst_order2_path0546_mean
1835,event_max__wst_order2_path0547_mean
1836,event_max__wst_order2_path0548_mean
1837,event_max__wst_order2_path0549_mean
1838,event_max__wst_order2_path0550_mean
1839,event_max__wst_order2_path0551_mean
1840,event_max__wst_order2_path0552_mean
1841,event_max__wst_order2_path0553_mean
1842,event_max__wst_order2_path0554_mean
1843,event_max__wst_order2_path0555_mean
1844,event_max__wst_order2_path0556_mean
1845,event_max__wst_order2_path0557_mean
1846,event_max__wst_order2_path0558_mean
1847,event_max__wst_order2_path0559_mean
1848,event_max__wst_order2_path0560_mean
1849,event_max__wst_order2_path0561_mean
1850,event_max__wst_order2_path0562_mean
1851,event_max__wst_order2_path0563_mean
1852,event_max__wst_order2_path0564_mean
1853,event_max__wst_order2_path0565_mean
1854,event_max__wst_order2_path0566_mean
1855,event_max__wst_order2_path0567_mean
1856,event_max__wst_order2_path0568_mean
1857,event_max__wst_order2_path0569_mean
1858,event_max__wst_order2_path0570_mean
1859,event_max__wst_order2_path0571_mean
1860,event_max__wst_order2_path0572_mean
1861,event_max__wst_order2_path0573_mean
1862,event_max__wst_order2_path0574_mean
1863,event_max__wst_order2_path0575_mean
1864,event_max__wst_order2_path0576_mean
1865,event_max__wst_order2_path0577_mean
1866,event_max__wst_order2_path0578_mean
1867,event_max__wst_order2_path0579_mean
1868,event_max__wst_order2_path0580_mean
1869,event_max__wst_order2_path0581_mean
1870,event_max__wst_order2_path0582_mean
1871,event_max__wst_order2_path0583_mean
1872,event_max__wst_order2_path0584_mean
1873,event_max__wst_order2_path0585_mean
1874,event_max__wst_order2_path0586_mean
1875,event_max__wst_order2_path0587_mean
1876,event_max__wst_order2_path0588_mean
1877,event_max__wst_order2_path0589_mean
1878,event_max__wst_order2_path0590_mean
1879,event_max__wst_order2_path0591_mean
1880,event_max__wst_order2_path0592_mean
1881,event_max__wst_order2_path0593_mean
1882,event_max__wst_order2_path0594_mean
1883,event_max__wst_order2_path0595_mean
1884,event_max__wst_order2_path0596_mean
1885,event_max__wst_order2_path0597_mean
1886,event_max__wst_order2_path0598_mean
1887,event_max__wst_order2_path0599_mean
1888,event_max__wst_order2_path0600_mean
1889,event_max__wst_order2_path0601_mean
1890,event_max__wst_order2_path0602_mean
1891,event_max__wst_order2_path0603_mean
1892,event_max__wst_order2_path0604_mean
1893,event_max__wst_order2_path0605_mean
1894,event_max__wst_order2_path0606_mean
1895,event_max__wst_order2_path0607_mean
1896,event_max__wst_order2_path0608_mean
1897,event_max__wst_order2_path0609_mean
1898,event_max__wst_order2_path0610_mean
1899,event_max__wst_order2_path0611_mean
1900,event_max__wst_order2_path0612_mean
1901,event_max__wst_order2_path0613_mean
1902,event_max__wst_order2_path0614_mean
1903,event_max__wst_order2_path0615_mean
1904,event_max__wst_order2_path0616_mean
1905,event_max__wst_order2_path0617_mean
1906,event_max__wst_order2_path0618_mean
1907,event_max__wst_order2_path0619_mean
1908,event_max__wst_order2_path0620_mean
1909,event_max__wst_order2_path0621_mean
1910,event_max__wst_order2_path0622_mean
1911,event_max__wst_order2_path0623_mean
1912,event_max__wst_order2_path0624_mean
1913,event_max__wst_order2_path0625_mean
1914,event_max__wst_order2_path0626_mean
1915,event_max__wst_order2_path0627_mean
1916,event_max__wst_order2_path0628_mean
1917,event_max__wst_order2_path0629_mean
1918,event_max__wst_order2_path0630_mean
1919,event_max__wst_order2_path0631_mean
1920,event_max__wst_order2_path0632_mean
1921,event_max__wst_order2_path0633_mean
1922,event_max__wst_order2_path0634_mean
1923,event_max__wst_order2_path0635_mean
1924,event_max__wst_order2_path0636_mean
1925,event_max__wst_order2_path0637_mean
1926,event_max__wst_order2_path0638_mean
1927,event_max__wst_order2_path0639_mean
1928,event_max__wst_order2_path0640_mean
1929,event_max__wst_order2_path0641_mean
1930,event_max__wst_order2_path0642_mean
1931,event_max__wst_order2_path0643_mean
