candidate_key,n_estimators,max_depth,min_samples_leaf,max_features,max_samples,threshold_oof,selected_rf,elapsed_seconds_total_search,oof_tuned__accuracy,oof_tuned__balanced_accuracy,oof_tuned__macro_f1,oof_tuned__dry_precision,oof_tuned__wet_precision,oof_tuned__dry_recall,oof_tuned__wet_recall,oof_tuned__roc_auc,oof_tuned__average_precision_wet,oof_tuned__tn_dry_correct,oof_tuned__fp_dry_as_wet,oof_tuned__fn_wet_as_dry,oof_tuned__tp_wet_correct,fixed_0p5__accuracy,fixed_0p5__balanced_accuracy,fixed_0p5__macro_f1,fixed_0p5__dry_precision,fixed_0p5__wet_precision,fixed_0p5__dry_recall,fixed_0p5__wet_recall,fixed_0p5__roc_auc,fixed_0p5__average_precision_wet,fixed_0p5__tn_dry_correct,fixed_0p5__fp_dry_as_wet,fixed_0p5__fn_wet_as_dry,fixed_0p5__tp_wet_correct
rf__trees200__depth8__leaf5__features0p1,200,8,5,0.1,0.8,0.41630932262664555,True,574.2986249998212,0.7128773875539125,0.6478207271920695,0.6319634765412105,0.8434476693051891,0.4074074074074074,0.7690457097032879,0.526595744680851,0.673625211145046,0.36119497348624147,959,288,178,198,0.7387553912507702,0.5866398505349009,0.5931195633150592,0.8054936896807721,0.41304347826086957,0.8700882117080995,0.30319148936170215,0.673625211145046,0.36119497348624147,1085,162,262,114
rf__trees200__depth10__leaf10__features0p1,200,10,10,0.1,0.8,0.45969987112273375,False,574.2986249998212,0.738139248305607,0.6317513095258407,0.6318736007300887,0.8293269230769231,0.43466666666666665,0.8299919807538091,0.43351063829787234,0.6722794280741865,0.3679356286159221,1035,212,213,163,0.744916820702403,0.5934359484038287,0.6008788811906595,0.8082901554404145,0.43014705882352944,0.8757016840417001,0.31117021276595747,0.6722794280741865,0.3679356286159221,1092,155,259,117
rf__trees100__depth8__leaf5__features0p1,100,8,5,0.1,0.8,0.42425671738617793,False,574.2986249998212,0.718422674060382,0.6430699636574587,0.6315733526725065,0.8393470790378007,0.4117647058823529,0.7834803528468324,0.5026595744680851,0.6757281304919039,0.363056427690694,977,270,187,189,0.7436845348120764,0.5963493234827415,0.6035196346946158,0.8098434004474273,0.42907801418439717,0.8708901363271853,0.32180851063829785,0.6757281304919039,0.363056427690694,1086,161,255,121
rf__trees300__depth8__leaf5__features0p1,300,8,5,0.1,0.8,0.4229006997413154,False,574.2986249998212,0.7165742452248922,0.64186707672883,0.6300220426739825,0.8389319552110249,0.4090909090909091,0.781074578989575,0.5026595744680851,0.6729533859987373,0.36145493604950674,974,273,187,189,0.7486136783733827,0.5976993721100855,0.605748987854251,0.8100517368810052,0.44074074074074077,0.8789093825180433,0.31648936170212766,0.6729533859987373,0.36145493604950674,1096,151,257,119
rf__trees300__depth10__leaf10__features0p1,300,10,10,0.1,0.8,0.4579246662039837,False,574.2986249998212,0.7362908194701171,0.6286907727482127,0.6289294871794873,0.8278622898318655,0.4304812834224599,0.8291900561347233,0.42819148936170215,0.6709251138903581,0.36639190761102497,1034,213,215,161,0.7436845348120764,0.589847549011244,0.5970801247010183,0.8066420664206642,0.4253731343283582,0.8765036086607859,0.30319148936170215,0.6709251138903581,0.36639190761102497,1093,154,262,114
rf__trees200__depth10__leaf10__featuressqrt,200,10,10,sqrt,0.8,0.4788852193849552,False,574.2986249998212,0.744916820702403,0.6240871709123172,0.6283304791110758,0.824124513618677,0.4437869822485207,0.8492381716118684,0.39893617021276595,0.6733116927434353,0.3672368034667125,1059,188,226,150,0.7492298213185459,0.604602108891126,0.6125362425527896,0.8134328358208955,0.4452296819787986,0.8740978348035284,0.3351063829787234,0.6733116927434353,0.3672368034667125,1090,157,250,126
rf__trees300__depth10__leaf10__featuressqrt,300,10,10,sqrt,0.8,0.4531704957664441,False,574.2986249998212,0.7270486752926679,0.6319645873500657,0.6278303315155923,0.8311367380560132,0.4180929095354523,0.8091419406575782,0.45478723404255317,0.6745380402327288,0.370001576564403,1009,238,205,171,0.7492298213185459,0.6027444590421267,0.6107718732783181,0.8125,0.4444444444444444,0.8757016840417001,0.32978723404255317,0.6745380402327288,0.370001576564403,1092,155,252,124
rf__trees300__depth8__leaf10__featuressqrt,300,8,10,sqrt,0.8,0.4532055662937222,False,574.2986249998212,0.7178065311152187,0.637096051800918,0.6275374199289683,0.8357446808510638,0.40848214285714285,0.7874899759422614,0.4867021276595745,0.6727657015134194,0.36499440335277045,982,265,193,183,0.7424522489217499,0.6094797727311505,0.615333061168946,0.8166539343009931,0.43312101910828027,0.8572574178027266,0.3617021276595745,0.6727657015134194,0.36499440335277045,1069,178,240,136
rf__trees300__depth10__leaf5__featuressqrt,300,10,5,sqrt,0.8,0.3951022941962673,False,574.2986249998212,0.7153419593345656,0.6382786773362453,0.627250438455206,0.8369098712446352,0.40611353711790393,0.7818765036086608,0.4946808510638298,0.6729853776723711,0.36563856268213735,975,272,190,186,0.7541589648798521,0.5753009350099814,0.5817672189696874,0.7990126939351199,0.44390243902439025,0.9085805934242182,0.24202127659574468,0.6729853776723711,0.36563856268213735,1133,114,285,91
rf__trees300__depth6__leaf5__features0p1,300,6,5,0.1,0.8,0.48766237103031135,False,574.2986249998212,0.7282809611829945,0.6299800371956525,0.6269088043085613,0.8297872340425532,0.41895261845386533,0.8131515637530072,0.44680851063829785,0.670257554300534,0.3606858881688115,1014,233,208,168,0.7282809611829945,0.6141900134791585,0.6151358611926792,0.820859872611465,0.4114441416893733,0.8267842822774659,0.4015957446808511,0.670257554300534,0.3606858881688115,1031,216,225,151
rf__trees200__depth10__leaf5__featuressqrt,200,10,5,sqrt,0.8,0.40675030378153165,False,574.2986249998212,0.7221195317313617,0.6334010134962207,0.626873538597839,0.8327759197324415,0.41217798594847777,0.7987169206094628,0.46808510638297873,0.6711319933798563,0.3632350463561008,996,251,200,176,0.7541589648798521,0.5780874097834803,0.5851080801085062,0.8002832861189801,0.44549763033175355,0.9061748195669607,0.25,0.6711319933798563,0.3632350463561008,1130,117,282,94
rf__trees300__depth6__leaf10__features0p1,300,6,10,0.1,0.8,0.5022282656426736,False,574.2986249998212,0.7313616759088108,0.6282695490453685,0.6268272926326093,0.8283400809716599,0.422680412371134,0.8203688853247795,0.43617021276595747,0.6723050214130936,0.36477794633646754,1023,224,212,164,0.729513247073321,0.6270666621167398,0.6252763105786125,0.827922077922078,0.4194373401534527,0.8179631114675221,0.43617021276595747,0.6723050214130936,0.36477794633646754,1020,227,212,164
rf__trees300__depth10__leaf5__features0p1,300,10,5,0.1,0.8,0.3720109699307507,False,574.2986249998212,0.7005545286506469,0.6481609053217082,0.6264194373401535,0.8462238398544131,0.3950381679389313,0.7457898957497995,0.550531914893617,0.6703983176645224,0.36267969230667985,930,317,169,207,0.7486136783733827,0.5689057994505964,0.5740508218148883,0.7964664310954064,0.4230769230769231,0.9037690457097033,0.23404255319148937,0.6703983176645224,0.36267969230667985,1127,120,288,88
rf__trees200__depth10__leaf5__features0p1,200,10,5,0.1,0.8,0.3724031843581279,False,574.2986249998212,0.6999383857054837,0.6468311180876657,0.625394025364546,0.8454545454545455,0.3938814531548757,0.7457898957497995,0.5478723404255319,0.6715350884676414,0.3644815328927179,930,317,170,206,0.7443006777572396,0.566099063283796,0.570745743592685,0.7954545454545454,0.40930232558139534,0.8981555733761026,0.23404255319148937,0.6715350884676414,0.3644815328927179,1120,127,288,88
rf__trees300__depth8__leaf5__featuressqrt,300,8,5,sqrt,0.8,0.4151880572093203,False,574.2986249998212,0.7079482439926063,0.639968904093228,0.6250891830250103,0.839332748024583,0.3987603305785124,0.7666399358460305,0.5132978723404256,0.667563855380573,0.3599401170187495,956,291,183,193,0.7430683918669131,0.5875889368527019,0.5946886013636323,0.8055964653902798,0.4226415094339623,0.8773055332798717,0.2978723404255319,0.667563855380573,0.3599401170187495,1094,153,264,112
rf__trees200__depth6__leaf5__features0p1,200,6,5,0.1,0.8,0.47828937368999175,False,574.2986249998212,0.7196549599507086,0.6317971642580491,0.6248157648862733,0.8322147651006712,0.40835266821345706,0.7955092221331195,0.46808510638297873,0.6714604412291628,0.36216498288901233,992,255,200,176,0.7258163894023414,0.6135149891654865,0.6138303213522449,0.8208,0.4075067024128686,0.8227746591820368,0.40425531914893614,0.6714604412291628,0.36216498288901233,1026,221,224,152
rf__trees300__depth4__leaf5__features0p1,300,4,5,0.1,0.8,0.5659836794491295,False,574.2986249998212,0.7393715341959335,0.6214073350509307,0.6243805824180333,0.8233908948194663,0.4326647564469914,0.8412189254210104,0.4015957446808511,0.6728360831954137,0.3619826098526409,1049,198,225,151,0.6882316697473814,0.6317822348103533,0.6115770415383335,0.837739288969918,0.376425855513308,0.7369687249398557,0.526595744680851,0.6728360831954137,0.3619826098526409,919,328,178,198
rf__trees100__depth6__leaf5__features0p1,100,6,5,0.1,0.8,0.48848590397510583,False,574.2986249998212,0.722735674676525,0.6291578511832654,0.6242220493442987,0.8301574150787076,0.4110576923076923,0.8035284683239775,0.45478723404255317,0.6718614035387056,0.36301989944009094,1002,245,205,171,0.7264325323475046,0.6222753757955263,0.6206666385917627,0.8256285482562855,0.4128205128205128,0.8163592622293504,0.42819148936170215,0.6718614035387056,0.36301989944009094,1018,229,215,161
rf__trees300__depth6__leaf5__featuressqrt,300,6,5,sqrt,0.8,0.4780434693333299,False,574.2986249998212,0.722735674676525,0.6291578511832654,0.6242220493442987,0.8301574150787076,0.4110576923076923,0.8035284683239775,0.45478723404255317,0.6715201590199457,0.36043066397457457,1002,245,205,171,0.729513247073321,0.6168495879472435,0.6176042334743955,0.8221690590111643,0.4146341463414634,0.8267842822774659,0.40691489361702127,0.6715201590199457,0.36043066397457457,1031,216,223,153
rf__trees200__depth6__leaf5__featuressqrt,200,6,5,sqrt,0.8,0.48886346695069394,False,574.2986249998212,0.7264325323475046,0.6269195004180246,0.6240389832630744,0.8282910874897792,0.415,0.8123496391339214,0.44148936170212766,0.6705497449197222,0.36183148959101,1013,234,210,166,0.7282809611829945,0.6169764882526575,0.6173015094749214,0.8224,0.4128686327077748,0.8243785084202085,0.4095744680851064,0.6705497449197222,0.36183148959101,1028,219,222,154
rf__trees300__depth4__leaf10__features0p1,300,4,10,0.1,0.8,0.5220522059865731,False,574.2986249998212,0.7097966728280961,0.6365276663993584,0.6237939558641366,0.8368055555555556,0.3991507430997877,0.773055332798717,0.5,0.6730557593543653,0.3635842733589675,964,283,188,188,0.6869993838570548,0.6319091351157673,0.6110997905699893,0.8380603842634949,0.3754716981132076,0.7345629510825983,0.5292553191489362,0.6730557593543653,0.3635842733589675,916,331,177,199
rf__trees200__depth6__leaf10__features0p1,200,6,10,0.1,0.8,0.5144022645175763,False,574.2986249998212,0.7350585335797906,0.6223158985821291,0.623665365285477,0.8244638602065131,0.4258241758241758,0.8323977546110666,0.4122340425531915,0.6733479499735535,0.36431001088175097,1038,209,221,155,0.7208872458410351,0.6214531897831391,0.6181007861663805,0.825944170771757,0.4049382716049383,0.8067361668003208,0.43617021276595747,0.6733479499735535,0.36431001088175097,1006,241,212,164
rf__trees100__depth10__leaf10__featuressqrt,100,10,10,sqrt,0.8,0.44797259650846144,False,574.2986249998212,0.7245841035120147,0.6266454384138955,0.6231590538992762,0.8284072249589491,0.4123456790123457,0.8091419406575782,0.4441489361702128,0.666683017966524,0.3697703936657619,1009,238,209,167,0.7424522489217499,0.5936897490146564,0.6007074583294095,0.8086373790022338,0.425,0.8708901363271853,0.31648936170212766,0.666683017966524,0.3697703936657619,1086,161,257,119
rf__trees200__depth6__leaf10__featuressqrt,200,6,10,sqrt,0.8,0.48701854451303916,False,574.2986249998212,0.7165742452248922,0.6307211776348343,0.6228723490236647,0.8320675105485232,0.4041095890410959,0.7906976744186046,0.47074468085106386,0.6681994232967632,0.3642408994236003,986,261,199,177,0.718422674060382,0.61334756607347,0.6113084148881814,0.8216612377850163,0.39746835443037976,0.8091419406575782,0.4175531914893617,0.6681994232967632,0.3642408994236003,1009,238,219,157
rf__trees200__depth4__leaf10__features0p1,200,4,10,0.1,0.8,0.5544783698920681,False,574.2986249998212,0.7288971041281578,0.623879225033698,0.6227192615415826,0.826192400970089,0.4170984455958549,0.8195669607056937,0.42819148936170215,0.6731325393710864,0.3646182984913147,1022,225,215,161,0.6906962415280345,0.6343149089730247,0.6141204887752203,0.8389444949954504,0.3797709923664122,0.739374498797113,0.5292553191489362,0.6731325393710864,0.3646182984913147,922,325,177,199
rf__trees100__depth8__leaf10__featuressqrt,100,8,10,sqrt,0.8,0.45156137460676105,False,574.2986249998212,0.7147258163894024,0.6313759405552049,0.6225628790637517,0.83276740237691,0.40224719101123596,0.7866880513231757,0.47606382978723405,0.6684532239075911,0.3616366332078035,981,266,197,179,0.7412199630314233,0.6096066730365644,0.6151179388037183,0.8168582375478928,0.4308176100628931,0.8548516439454691,0.36436170212765956,0.6684532239075911,0.3616366332078035,1066,181,239,137
rf__trees100__depth10__leaf10__features0p1,100,10,10,0.1,0.8,0.48322264575793206,False,574.2986249998212,0.7461491065927295,0.6165296712109062,0.6224490256836476,0.8199233716475096,0.44339622641509435,0.8580593424218124,0.375,0.6725374942414988,0.3694248052211764,1070,177,235,141,0.7461491065927295,0.5942378730229145,0.6018837818528221,0.8085735402808574,0.43333333333333335,0.8773055332798717,0.31117021276595747,0.6725374942414988,0.3694248052211764,1094,153,259,117
rf__trees100__depth4__leaf10__features0p1,100,4,10,0.1,0.8,0.5548891288725563,False,574.2986249998212,0.7301293900184843,0.6228234998037844,0.6223656530885446,0.825422365245374,0.41842105263157897,0.8227746591820368,0.4228723404255319,0.6725374942414987,0.36495198095980375,1026,221,217,159,0.6894639556377079,0.6362994591274378,0.6146825292146983,0.84051329055912,0.37969924812030076,0.7353648757016841,0.5372340425531915,0.6725374942414987,0.36495198095980375,917,330,174,202
rf__trees200__depth8__leaf10__featuressqrt,200,8,10,sqrt,0.8,0.46136416960231674,False,574.2986249998212,0.7215033887861984,0.6264982767151802,0.62190450665897,0.8287841191066998,0.4082125603864734,0.8035284683239775,0.449468085106383,0.6713047484174786,0.3608393518574612,1002,245,207,169,0.7418361059765866,0.6109364602706069,0.6164364940818807,0.8174846625766872,0.43260188087774293,0.8548516439454691,0.3670212765957447,0.6713047484174786,0.3608393518574612,1066,181,238,138
rf__trees100__depth6__leaf10__featuressqrt,100,6,10,sqrt,0.8,0.5203046205203301,False,574.2986249998212,0.7356746765249538,0.6190015611936733,0.6212780770914866,0.8225552050473186,0.4253521126760563,0.8364073777064955,0.4015957446808511,0.6638592195737856,0.3631259033144201,1043,204,225,151,0.7147258163894024,0.6109417922162125,0.60829654511307,0.820785597381342,0.3915211970074813,0.8043303929430633,0.4175531914893617,0.6638592195737856,0.3631259033144201,1003,244,219,157
rf__trees200__depth8__leaf5__featuressqrt,200,8,5,sqrt,0.8,0.4472367364733565,False,574.2986249998212,0.7307455329636475,0.6204379873398284,0.6207726975975978,0.824,0.41823056300268097,0.8259823576583801,0.4148936170212766,0.6672929925438074,0.36068235446697644,1030,217,220,156,0.74060382008626,0.5841274377655309,0.590800722240022,0.8041237113402062,0.41509433962264153,0.8757016840417001,0.2925531914893617,0.6672929925438074,0.36068235446697644,1092,155,266,110
rf__trees300__depth8__leaf10__features0p1,300,8,10,0.1,0.8,0.4402991470333313,False,574.2986249998212,0.7085643869377696,0.6320104420822741,0.6204503598082671,0.8341968911917098,0.3956989247311828,0.7746591820368885,0.48936170212765956,0.6697606169700899,0.36557861145587484,966,281,192,184,0.7387553912507702,0.5996433994778959,0.6056164320755582,0.8119787717968158,0.42105263157894735,0.8588612670408982,0.3404255319148936,0.6697606169700899,0.36557861145587484,1071,176,248,128
rf__trees200__depth4__leaf5__features0p1,200,4,5,0.1,0.8,0.5215659719915302,False,574.2986249998212,0.7091805298829328,0.6314825794673173,0.6203704437872168,0.8337639965546942,0.3961038961038961,0.7762630312750601,0.4867021276595745,0.67150522957225,0.3587211995393161,968,279,193,183,0.6869993838570548,0.6281938354177685,0.6089720484286489,0.8356039963669392,0.3735632183908046,0.7377706495589414,0.5186170212765957,0.67150522957225,0.3587211995393161,920,327,181,195
rf__trees100__depth6__leaf10__features0p1,100,6,10,0.1,0.8,0.5027583074858867,False,574.2986249998212,0.722735674676525,0.6235849016362675,0.6202975856260527,0.8269073010664479,0.4084158415841584,0.8083400160384924,0.43882978723404253,0.67384702008224,0.3668987760904422,1008,239,211,165,0.7190388170055453,0.62117912777901,0.6172407372928691,0.8260511129431163,0.4024390243902439,0.8035284683239775,0.43882978723404253,0.67384702008224,0.3668987760904422,1002,245,211,165
rf__trees200__depth8__leaf10__features0p1,200,8,10,0.1,0.8,0.40745409331450866,False,574.2986249998212,0.6906962415280345,0.6445319831425207,0.6197622843403363,0.8458681522748375,0.38461538461538464,0.7305533279871692,0.5585106382978723,0.6698885836646249,0.36672820940747963,911,336,166,210,0.7393715341959335,0.604688486409937,0.6103192636054702,0.8145038167938932,0.4249201277955272,0.8556535685645549,0.3537234042553192,0.6698885836646249,0.36672820940747963,1067,180,243,133
rf__trees100__depth4__leaf5__features0p1,100,4,5,0.1,0.8,0.5710172309183312,False,574.2986249998212,0.7387553912507702,0.61543342319439,0.619352954451923,0.8202334630350194,0.4289940828402367,0.8452285485164395,0.38563829787234044,0.6703130065348326,0.3579504104222115,1054,193,231,145,0.6857670979667283,0.6311072104966814,0.6100954164672543,0.8377635197066912,0.37406015037593987,0.7329591018444266,0.5292553191489362,0.6703130065348326,0.3579504104222115,914,333,177,199
rf__trees200__depth4__leaf10__featuressqrt,200,4,10,sqrt,0.8,0.5422142464428225,False,574.2986249998212,0.7239679605668515,0.6206715265573547,0.6186224115141724,0.8250610252237591,0.4086294416243655,0.8131515637530072,0.42819148936170215,0.6691527751710488,0.35627264138340864,1014,233,215,161,0.6789895255699322,0.6229813253937109,0.6024873247977961,0.8336397058823529,0.3644859813084112,0.7273456295108259,0.5186170212765957,0.6691527751710488,0.35627264138340864,907,340,181,195
rf__trees100__depth10__leaf5__featuressqrt,100,10,5,sqrt,0.8,0.409195907767705,False,574.2986249998212,0.7153419593345656,0.6243463034687505,0.6180919725695846,0.8284518828451883,0.39953271028037385,0.7939053728949479,0.45478723404255317,0.6627459093313314,0.35772882708770104,990,257,205,171,0.7504621072088724,0.5784681106997218,0.5854348608971128,0.8007142857142857,0.4349775784753363,0.8989574979951884,0.2579787234042553,0.6627459093313314,0.35772882708770104,1121,126,279,97
rf__trees300__depth6__leaf10__featuressqrt,300,6,10,sqrt,0.8,0.4693479722402215,False,574.2986249998212,0.6999383857054837,0.6338275691446706,0.617909964348299,0.8368794326241135,0.3878787878787879,0.7570168404170008,0.5106382978723404,0.667256735313689,0.3627571710187136,944,303,184,192,0.7165742452248922,0.6130735040693409,0.6104908385157979,0.821749795584628,0.395,0.805934242181235,0.42021276595744683,0.667256735313689,0.3627571710187136,1005,242,218,158
rf__trees200__depth4__leaf5__featuressqrt,200,4,5,sqrt,0.8,0.5414919732952241,False,574.2986249998212,0.7245841035120147,0.6192148390178982,0.6177584939659057,0.8241491085899514,0.4087403598971722,0.8155573376102646,0.4228723404255319,0.6699077786688051,0.3575857969777567,1017,230,217,159,0.6857670979667283,0.6246054360251838,0.6063467333242022,0.8334841628959276,0.37065637065637064,0.7385725741780272,0.5106382978723404,0.6699077786688051,0.3575857969777567,921,326,184,192
rf__trees100__depth10__leaf5__features0p1,100,10,5,0.1,0.8,0.39589408082845123,False,574.2986249998212,0.7067159581022797,0.6289499053046461,0.6177472984206152,0.8326143226919759,0.3922413793103448,0.7738572574178028,0.48404255319148937,0.6677707348700712,0.359742442168288,965,282,194,182,0.7443006777572396,0.5707431879062942,0.576292191023782,0.7975679542203148,0.41333333333333333,0.8941459502806736,0.2473404255319149,0.6677707348700712,0.359742442168288,1115,132,283,93
rf__trees100__depth4__leaf5__featuressqrt,100,4,5,sqrt,0.8,0.5468039041212647,False,574.2986249998212,0.7270486752926679,0.6180322134825709,0.6177024041516346,0.8231511254019293,0.41160949868073876,0.8211708099438653,0.4148936170212766,0.6645182480506407,0.3540893949949537,1024,223,220,156,0.6820702402957486,0.6249861369414254,0.60497537782306,0.8344007319304666,0.36792452830188677,0.731355252606255,0.5186170212765957,0.6645182480506407,0.3540893949949537,912,335,181,195
rf__trees100__depth4__leaf10__featuressqrt,100,4,10,sqrt,0.8,0.5288561755762462,False,574.2986249998212,0.7128773875539125,0.6246001040795782,0.6173269891641806,0.8289806234203876,0.3967889908256881,0.789093825180433,0.4601063829787234,0.6654076165776587,0.35447412554277913,984,263,203,173,0.6833025261860751,0.6304321861830094,0.6086125488400373,0.8377880184331797,0.37174721189591076,0.7289494787489976,0.5319148936170213,0.6654076165776587,0.35447412554277913,909,338,176,200
rf__trees100__depth6__leaf5__featuressqrt,100,6,5,sqrt,0.8,0.4426429648994543,False,574.2986249998212,0.6888478126925447,0.6405426214403931,0.6167360217122833,0.8435185185185186,0.3812154696132597,0.7305533279871692,0.550531914893617,0.6657317988704806,0.3539743818257428,911,336,169,207,0.7215033887861984,0.6116370779231859,0.6110109528374721,0.8203062046736502,0.4005235602094241,0.8163592622293504,0.40691489361702127,0.6657317988704806,0.3539743818257428,1018,229,223,153
rf__trees150__depth6__leaf10__featuressqrt,150,6,10,sqrt,0.8,0.5172972594141038,False,574.2986249998212,0.7301293900184843,0.6153929004077872,0.6166637906861371,0.8212867355043686,0.41483516483516486,0.8291900561347233,0.4015957446808511,0.6660325206026378,0.36437021676318515,1034,213,225,151,0.7159581022797289,0.6117437168352984,0.6092985731256773,0.821078431372549,0.39348370927318294,0.805934242181235,0.4175531914893617,0.6660325206026378,0.36437021676318515,1005,242,219,157
rf__trees300__depth4__leaf10__featuressqrt,300,4,10,sqrt,0.8,0.5412116397022932,False,574.2986249998212,0.7208872458410351,0.6186667150096401,0.6160786412710016,0.8243464052287581,0.40350877192982454,0.8091419406575782,0.42819148936170215,0.6683209916565716,0.3567419500848168,1009,238,215,161,0.6826863832409119,0.6253870992509682,0.6054738849384382,0.8345521023765996,0.3686200378071834,0.7321571772253408,0.5186170212765957,0.6683209916565716,0.3567419500848168,913,334,181,195
rf__trees300__depth4__leaf5__featuressqrt,300,4,5,sqrt,0.8,0.5153329477964806,False,574.2986249998212,0.7005545286506469,0.6295844068317152,0.6155977699370359,0.8340649692712906,0.38636363636363635,0.7618283881315157,0.4973404255319149,0.669052534593663,0.3600723945202965,950,297,189,187,0.6839186691312384,0.626189023870054,0.6064718118435773,0.8348540145985401,0.3700189753320683,0.7337610264635124,0.5186170212765957,0.669052534593663,0.3600723945202965,915,332,181,195
rf__trees100__depth8__leaf10__features0p1,100,8,10,0.1,0.8,0.41283416902822057,False,574.2986249998212,0.6894639556377079,0.6362994591274378,0.6146825292146983,0.84051329055912,0.37969924812030076,0.7353648757016841,0.5372340425531915,0.6685001450289204,0.3629538059869677,917,330,174,202,0.7313616759088108,0.5939030268388814,0.5987684561475131,0.8097784568372803,0.40445859872611467,0.8500400962309543,0.3377659574468085,0.6685001450289204,0.3629538059869677,1060,187,249,127
rf__trees100__depth8__leaf5__featuressqrt,100,8,5,sqrt,0.8,0.42144845084870386,False,574.2986249998212,0.707332101047443,0.6237779180671911,0.6146363457773081,0.8293515358361775,0.3902439024390244,0.7794707297514034,0.46808510638297873,0.6624195942602671,0.3522040155375435,972,275,200,176,0.74060382008626,0.5822697879165316,0.5888624872362485,0.8032305433186491,0.41379310344827586,0.8773055332798717,0.2872340425531915,0.6624195942602671,0.3522040155375435,1094,153,268,108
rf__trees100__depth4__leaf15__featuressqrt,100,4,15,sqrt,0.8,0.5340100304023004,False,574.2986249998212,0.7110289587184226,0.6187530925284512,0.6126284665942325,0.8257956448911222,0.3916083916083916,0.7906976744186046,0.44680851063829785,0.6667192751966422,0.3580038808401695,986,261,208,168,0.6839186691312384,0.6299043235680527,0.6085911662596342,0.8373161764705882,0.3719626168224299,0.7305533279871692,0.5292553191489362,0.6667192751966422,0.3580038808401695,911,336,177,199
