fold_excluded,gold_multiplier,wet_cost,class_name,consensus_group,recording_count,weight_sum,weight_mean
0,1.0,1.0,dry,gold_3_of_4,25,16.25751503006012,0.6503006012024047
0,1.0,1.0,dry,gold_4_of_4,20,13.006012024048097,0.6503006012024048
0,1.0,1.0,dry,weak_1_vote,949,617.1352705410821,0.6503006012024048
0,1.0,1.0,dry,weak_4_eval_2_1_1,4,2.6012024048096194,0.6503006012024048
0,1.0,1.0,wet,gold_3_of_4,2,4.326666666666667,2.1633333333333336
0,1.0,1.0,wet,gold_4_of_4,2,4.326666666666667,2.1633333333333336
0,1.0,1.0,wet,weak_1_vote,292,631.6933333333334,2.1633333333333336
0,1.0,1.0,wet,weak_4_eval_2_1_1,4,8.653333333333334,2.1633333333333336
1,1.0,1.0,dry,gold_3_of_4,21,13.670010030090275,0.6509528585757274
1,1.0,1.0,dry,gold_4_of_4,24,15.622868605817452,0.6509528585757272
1,1.0,1.0,dry,weak_1_vote,948,617.1033099297895,0.6509528585757273
1,1.0,1.0,dry,weak_4_eval_2_1_1,4,2.6038114343029086,0.6509528585757272
1,1.0,1.0,wet,gold_3_of_4,2,4.312292358803987,2.1561461794019934
1,1.0,1.0,wet,gold_4_of_4,3,6.46843853820598,2.1561461794019934
1,1.0,1.0,wet,weak_1_vote,293,631.750830564784,2.1561461794019934
1,1.0,1.0,wet,weak_4_eval_2_1_1,3,6.46843853820598,2.1561461794019934
2,1.0,1.0,dry,gold_3_of_4,22,14.317635270541079,0.6508016032064127
2,1.0,1.0,dry,gold_4_of_4,23,14.96843687374749,0.6508016032064127
2,1.0,1.0,dry,weak_1_vote,949,617.6107214428855,0.6508016032064126
2,1.0,1.0,dry,weak_4_eval_2_1_1,4,2.603206412825651,0.6508016032064128
2,1.0,1.0,wet,gold_3_of_4,3,6.4734219269103,2.1578073089700998
2,1.0,1.0,wet,gold_4_of_4,2,4.3156146179401995,2.1578073089700998
2,1.0,1.0,wet,weak_1_vote,294,634.3953488372092,2.1578073089700993
2,1.0,1.0,wet,weak_4_eval_2_1_1,2,4.3156146179401995,2.1578073089700998
3,1.0,1.0,dry,gold_3_of_4,22,14.320962888666003,0.6509528585757274
3,1.0,1.0,dry,gold_4_of_4,22,14.320962888666003,0.6509528585757274
3,1.0,1.0,dry,weak_1_vote,949,617.7542627883652,0.6509528585757273
3,1.0,1.0,dry,weak_4_eval_2_1_1,4,2.6038114343029086,0.6509528585757272
3,1.0,1.0,wet,gold_3_of_4,2,4.312292358803987,2.1561461794019934
3,1.0,1.0,wet,gold_4_of_4,3,6.46843853820598,2.1561461794019934
3,1.0,1.0,wet,weak_1_vote,293,631.750830564784,2.1561461794019934
3,1.0,1.0,wet,weak_4_eval_2_1_1,3,6.46843853820598,2.1561461794019934
4,1.0,1.0,dry,gold_3_of_4,22,14.317635270541079,0.6508016032064127
4,1.0,1.0,dry,gold_4_of_4,23,14.96843687374749,0.6508016032064127
4,1.0,1.0,dry,weak_1_vote,949,617.6107214428855,0.6508016032064126
4,1.0,1.0,dry,weak_4_eval_2_1_1,4,2.603206412825651,0.6508016032064128
4,1.0,1.0,wet,gold_3_of_4,3,6.4734219269103,2.1578073089700998
4,1.0,1.0,wet,gold_4_of_4,2,4.3156146179401995,2.1578073089700998
4,1.0,1.0,wet,weak_1_vote,292,630.0797342192691,2.1578073089700998
4,1.0,1.0,wet,weak_4_eval_2_1_1,4,8.631229235880399,2.1578073089700998
