candidate_key,representation_key,c_value,pca_components,input_dimension,threshold_oof,selected,elapsed_seconds,oof_tuned__accuracy,oof_tuned__balanced_accuracy,oof_tuned__macro_f1,oof_tuned__dry_precision,oof_tuned__wet_precision,oof_tuned__dry_recall,oof_tuned__wet_recall,oof_tuned__roc_auc,oof_tuned__average_precision_wet,oof_tuned__tn_dry_correct,oof_tuned__fp_dry_as_wet,oof_tuned__fn_wet_as_dry,oof_tuned__tp_wet_correct,oof_0p5__accuracy,oof_0p5__balanced_accuracy,oof_0p5__macro_f1,oof_0p5__dry_precision,oof_0p5__wet_precision,oof_0p5__dry_recall,oof_0p5__wet_recall,oof_0p5__roc_auc,oof_0p5__average_precision_wet,oof_0p5__tn_dry_correct,oof_0p5__fp_dry_as_wet,oof_0p5__fn_wet_as_dry,oof_0p5__tp_wet_correct
s1__log__peak_rms__C1e-05__pcanone,s1__log__peak_rms,1e-05,,288,0.5096243952213964,False,1.1444641000125557,0.6574245224892175,0.6061611697862103,0.5837002454282076,0.826251180358829,0.3404255319148936,0.7016840417000801,0.5106382978723404,0.6415652886075517,0.34141896541140315,875,372,184,192,0.5662353666050524,0.6090500179153373,0.5380345833629829,0.8494208494208494,0.3061465721040189,0.529270248596632,0.6888297872340425,0.6415652886075517,0.34141896541140315,660,587,117,259
s1__log__peak_rms__C1e-05__pca32,s1__log__peak_rms,1e-05,32.0,288,0.5096580419743568,False,0.9246506000054069,0.6568083795440542,0.6057602074766674,0.583213962162374,0.8260869565217391,0.3398230088495575,0.7008821170809943,0.5106382978723404,0.641328550222662,0.3409289629317748,874,373,184,192,0.5650030807147258,0.6082480932962514,0.5370216830550222,0.8490322580645161,0.30542452830188677,0.5276663993584603,0.6888297872340425,0.641328550222662,0.3409289629317748,658,589,117,259
s1__log__peak_rms__C1e-05__pca64,s1__log__peak_rms,1e-05,64.0,288,0.5096361540620906,False,0.9621001000050455,0.6580406654343808,0.6065621320957533,0.5841867576247315,0.8264150943396227,0.3410301953818828,0.702485966319166,0.5106382978723404,0.6415098363732533,0.3413161652148493,876,371,184,192,0.5650030807147258,0.6082480932962514,0.5370216830550222,0.8490322580645161,0.30542452830188677,0.5276663993584603,0.6888297872340425,0.6415098363732533,0.3413161652148493,658,589,117,259
s1__log__peak_rms__C1e-05__pca128,s1__log__peak_rms,1e-05,128.0,288,0.50963114822037,False,0.9517658000113443,0.6574245224892175,0.6061611697862103,0.5837002454282076,0.826251180358829,0.3404255319148936,0.7016840417000801,0.5106382978723404,0.6415887491682166,0.34143780948398406,875,372,184,192,0.5662353666050524,0.6090500179153373,0.5380345833629829,0.8494208494208494,0.3061465721040189,0.529270248596632,0.6888297872340425,0.6415887491682166,0.34143780948398406,660,587,117,259
s1__log__peak_rms__C1e-05__pca256,s1__log__peak_rms,1e-05,256.0,288,0.5096243475192854,False,1.0336419000523165,0.6574245224892175,0.6061611697862103,0.5837002454282076,0.826251180358829,0.3404255319148936,0.7016840417000801,0.5106382978723404,0.6415652886075517,0.34141827976992445,875,372,184,192,0.5662353666050524,0.6090500179153373,0.5380345833629829,0.8494208494208494,0.3061465721040189,0.529270248596632,0.6888297872340425,0.6415652886075517,0.34141827976992445,660,587,117,259
s1__log__peak_rms__C3e-05__pcanone,s1__log__peak_rms,3e-05,,288,0.522754588887659,False,0.921696699981112,0.6709796672828097,0.6121958658226552,0.5928409552158029,0.827966881324747,0.35261194029850745,0.7217321571772254,0.5026595744680851,0.6472917981879917,0.3484184267766286,900,347,187,189,0.5680837954405422,0.6111817297684656,0.5398537931871266,0.8508997429305912,0.3076923076923077,0.5308740978348035,0.6914893617021277,0.6472917981879917,0.3484184267766286,662,585,116,260
s1__log__peak_rms__C3e-05__pca32,s1__log__peak_rms,3e-05,32.0,288,0.5223185575071403,False,0.9452920000185259,0.6691312384473198,0.6128506287430258,0.5924499874445468,0.8287037037037037,0.35174953959484345,0.7177225340817963,0.5079787234042553,0.6470486614683753,0.3482497122769062,895,352,185,191,0.5680837954405422,0.6111817297684656,0.5398537931871266,0.8508997429305912,0.3076923076923077,0.5308740978348035,0.6914893617021277,0.6470486614683753,0.3482497122769062,662,585,116,260
s1__log__peak_rms__C3e-05__pca64,s1__log__peak_rms,3e-05,64.0,288,0.522661180995871,False,1.0493287999997847,0.6703635243376463,0.6117949035131123,0.5923506205784053,0.8278084714548803,0.35195530726256985,0.7209302325581395,0.5026595744680851,0.6471446364892764,0.3485318118355294,899,348,187,189,0.5680837954405422,0.6111817297684656,0.5398537931871266,0.8508997429305912,0.3076923076923077,0.5308740978348035,0.6914893617021277,0.6471446364892764,0.3485318118355294,662,585,116,260
s1__log__peak_rms__C3e-05__pca128,s1__log__peak_rms,3e-05,128.0,288,0.5227878112608881,False,0.9367789999814704,0.6709796672828097,0.6121958658226552,0.5928409552158029,0.827966881324747,0.35261194029850745,0.7217321571772254,0.5026595744680851,0.6473856404306506,0.3483731460474464,900,347,187,189,0.5674676524953789,0.6107807674589227,0.5393469851147927,0.8507078507078507,0.3073286052009456,0.5300721732157178,0.6914893617021277,0.6473856404306506,0.3483731460474464,661,586,116,260
s1__log__peak_rms__C3e-05__pca256,s1__log__peak_rms,3e-05,256.0,288,0.5227540986831094,False,0.9754486000165343,0.6709796672828097,0.6121958658226552,0.5928409552158029,0.827966881324747,0.35261194029850745,0.7217321571772254,0.5026595744680851,0.6472939309662339,0.34842378683967135,900,347,187,189,0.5680837954405422,0.6111817297684656,0.5398537931871266,0.8508997429305912,0.3076923076923077,0.5308740978348035,0.6914893617021277,0.6472939309662339,0.34842378683967135,662,585,116,260
s1__log__peak_rms__C0.0001__pcanone,s1__log__peak_rms,0.0001,,288,0.5426116943197785,False,1.0200919000199065,0.6789895255699322,0.6127642512242147,0.5964522784248913,0.827027027027027,0.3586744639376218,0.7361668003207699,0.48936170212765956,0.6580985855414697,0.3582773584818092,918,329,192,184,0.5699322242760321,0.610526966848095,0.5407686245767879,0.8496815286624204,0.30787589498806683,0.5348837209302325,0.6861702127659575,0.6580985855414697,0.3582773584818092,667,580,118,258
s1__log__peak_rms__C0.0001__pca32,s1__log__peak_rms,0.0001,32.0,288,0.5422165274009305,False,0.9610065000015311,0.6777572396796057,0.6128911515296285,0.5960321316715123,0.8273056057866185,0.3578336557059961,0.7337610264635124,0.4920212765957447,0.6578469177088844,0.3576301059122767,915,332,191,185,0.5705483672211953,0.6127855790066372,0.5418806111708898,0.8516624040920716,0.3091557669441142,0.5340817963111467,0.6914893617021277,0.6578469177088844,0.3576301059122767,666,581,116,260
s1__log__peak_rms__C0.0001__pca64,s1__log__peak_rms,0.0001,64.0,288,0.5410372346879231,False,0.9566266000038013,0.6752926678989526,0.6140737770649559,0.5957322511531487,0.8284671532846716,0.3567362428842505,0.7281475541299118,0.5,0.6579279632820898,0.358210157022144,908,339,188,188,0.5705483672211953,0.6127855790066372,0.5418806111708898,0.8516624040920716,0.3091557669441142,0.5340817963111467,0.6914893617021277,0.6579279632820898,0.358210157022144,666,581,116,260
s1__log__peak_rms__C0.0001__pca128,s1__log__peak_rms,0.0001,128.0,288,0.5425798966246663,False,0.9637999000260606,0.6789895255699322,0.6127642512242147,0.5964522784248913,0.827027027027027,0.3586744639376218,0.7361668003207699,0.48936170212765956,0.6582265522360047,0.3583195031212281,918,329,192,184,0.5699322242760321,0.610526966848095,0.5407686245767879,0.8496815286624204,0.30787589498806683,0.5348837209302325,0.6861702127659575,0.6582265522360047,0.3583195031212281,667,580,118,258
s1__log__peak_rms__C0.0001__pca256,s1__log__peak_rms,0.0001,256.0,288,0.5426089855463192,False,0.9556516000302508,0.6789895255699322,0.6127642512242147,0.5964522784248913,0.827027027027027,0.3586744639376218,0.7361668003207699,0.48936170212765956,0.658100718319712,0.3582841938230463,918,329,192,184,0.5699322242760321,0.610526966848095,0.5407686245767879,0.8496815286624204,0.30787589498806683,0.5348837209302325,0.6861702127659575,0.658100718319712,0.3582841938230463,667,580,118,258
s1__log__peak_rms__C0.0003__pcanone,s1__log__peak_rms,0.0003,,288,0.5936528305960244,False,0.9910485000000335,0.7350585335797906,0.6055970499411353,0.6100232011301051,0.8154440154440155,0.4176829268292683,0.846832397754611,0.36436170212765956,0.6698715214386869,0.3700499941838258,1056,191,239,137,0.5779420825631546,0.6222412513436503,0.5494708560521788,0.8584183673469388,0.31585220500595945,0.5396952686447474,0.7047872340425532,0.6698715214386869,0.3700499941838258,673,574,111,265
s1__log__peak_rms__C0.0003__pca32,s1__log__peak_rms,0.0003,32.0,288,0.5623403010309987,False,0.8202892999979667,0.6974738139248305,0.6220066457370028,0.6096013725064655,0.8298429319371727,0.37945492662473795,0.7626303127506014,0.48138297872340424,0.6691783685099559,0.3704061325849634,951,296,195,181,0.5730129390018485,0.6162470780938081,0.5445097037897082,0.8542199488491049,0.31153388822829964,0.5356856455493184,0.6968085106382979,0.6691783685099559,0.3704061325849634,668,579,114,262
s1__log__peak_rms__C0.0003__pca64,s1__log__peak_rms,0.0003,64.0,288,0.5929797630361393,False,0.9120665999944322,0.7344423906346272,0.6051960876315924,0.6095171108710761,0.8153013910355487,0.41641337386018235,0.8460304731355253,0.36436170212765956,0.6697328908529407,0.3688529628558045,1055,192,239,137,0.5785582255083179,0.6226422136531932,0.5499795690695171,0.8585987261146497,0.3162291169451074,0.5404971932638332,0.7047872340425532,0.6697328908529407,0.3688529628558045,674,573,111,265
s1__log__peak_rms__C0.0003__pca128,s1__log__peak_rms,0.0003,128.0,288,0.562148349415519,False,0.8620492999907583,0.6968576709796673,0.6234633332764593,0.6102716379098289,0.8308501314636284,0.3796680497925311,0.7602245388933441,0.4867021276595745,0.6701466498319371,0.3700231544555106,948,299,193,183,0.5779420825631546,0.6222412513436503,0.5494708560521788,0.8584183673469388,0.31585220500595945,0.5396952686447474,0.7047872340425532,0.6701466498319371,0.3700231544555106,673,574,111,265
s1__log__peak_rms__C0.0003__pca256,s1__log__peak_rms,0.0003,256.0,288,0.5936498818245881,False,0.8704318000236526,0.7350585335797906,0.6055970499411353,0.6100232011301051,0.8154440154440155,0.4176829268292683,0.846832397754611,0.36436170212765956,0.6698757869951714,0.3700571341894274,1056,191,239,137,0.5779420825631546,0.6222412513436503,0.5494708560521788,0.8584183673469388,0.31585220500595945,0.5396952686447474,0.7047872340425532,0.6698757869951714,0.3700571341894274,673,574,111,265
s1__log__peak_rms__C0.001__pcanone,s1__log__peak_rms,0.001,,288,0.5907499175300752,False,0.8301647999905981,0.7252002464571781,0.630761700421437,0.6262809101535234,0.8307184145334434,0.41504854368932037,0.8067361668003208,0.45478723404255317,0.6756321554710026,0.3757994265976878,1006,241,205,171,0.5908810844115835,0.6306614598440512,0.5601496762565263,0.8621118012422361,0.32396088019559904,0.5565356856455493,0.7047872340425532,0.6756321554710026,0.3757994265976878,694,553,111,265
s1__log__peak_rms__C0.001__pca32,s1__log__peak_rms,0.001,32.0,288,0.5828241078605272,False,0.8185488000162877,0.7196549599507086,0.6364412888805473,0.6278822852990663,0.8350253807106599,0.41043083900226757,0.7914995990376904,0.48138297872340424,0.674565766349878,0.37325827490562014,987,260,195,181,0.5908810844115835,0.6306614598440512,0.5601496762565263,0.8621118012422361,0.32396088019559904,0.5565356856455493,0.7047872340425532,0.674565766349878,0.37325827490562014,694,553,111,265
s1__log__peak_rms__C0.001__pca64,s1__log__peak_rms,0.001,64.0,288,0.5923489220027591,False,0.8119380999705754,0.7252002464571781,0.6289040505724377,0.6249844576335815,0.8296296296296296,0.41421568627450983,0.8083400160384924,0.449468085106383,0.675344230408299,0.3741296297651619,1008,239,207,169,0.589648798521257,0.6317171850739647,0.5597434017595307,0.8635794743429287,0.32402912621359226,0.5533279871692061,0.7101063829787234,0.675344230408299,0.3741296297651619,690,557,109,267
s1__log__peak_rms__C0.001__pca128,s1__log__peak_rms,0.001,128.0,288,0.5905119798237447,False,0.8351186999934725,0.7239679605668515,0.6308886007268508,0.6258921735694352,0.8309859154929577,0.41346153846153844,0.8043303929430633,0.4574468085106383,0.6761056322407821,0.37596807748018257,1003,244,204,172,0.5908810844115835,0.6306614598440512,0.5601496762565263,0.8621118012422361,0.32396088019559904,0.5565356856455493,0.7047872340425532,0.6761056322407821,0.37596807748018257,694,553,111,265
s1__log__peak_rms__C0.001__pca256,s1__log__peak_rms,0.001,256.0,288,0.590766951454128,False,0.8857679000357166,0.7252002464571781,0.630761700421437,0.6262809101535234,0.8307184145334434,0.41504854368932037,0.8067361668003208,0.45478723404255317,0.6756193588015492,0.37577086154153544,1006,241,205,171,0.5908810844115835,0.6306614598440512,0.5601496762565263,0.8621118012422361,0.32396088019559904,0.5565356856455493,0.7047872340425532,0.6756193588015492,0.37577086154153544,694,553,111,265
s1__log__peak_rms__C0.003__pcanone,s1__log__peak_rms,0.003,,288,0.6162517262410998,False,0.8943893000250682,0.7307455329636475,0.6167226876418297,0.6179026562260095,0.821939586645469,0.41643835616438357,0.8291900561347233,0.40425531914893614,0.6720234946851167,0.3735266377590123,1034,213,224,152,0.6032039433148491,0.6321789315634118,0.5680513769960658,0.8593563766388558,0.32908163265306123,0.5781876503608661,0.6861702127659575,0.6720234946851167,0.3735266377590123,721,526,118,258
s1__log__peak_rms__C0.003__pca32,s1__log__peak_rms,0.003,32.0,288,0.5882615501669048,False,0.7774671000079252,0.7128773875539125,0.6311018785510758,0.6216366838092571,0.8329070758738278,0.4,0.7834803528468324,0.4787234042553192,0.6728083570782645,0.3719110981647583,977,270,196,180,0.6038200862600123,0.6316510689484549,0.5682248001942926,0.8586698337292161,0.3290653008962868,0.5797914995990376,0.6835106382978723,0.6728083570782645,0.3719110981647583,723,524,119,257
s1__log__peak_rms__C0.003__pca64,s1__log__peak_rms,0.003,64.0,288,0.6009401778129453,False,0.7949770000413992,0.7208872458410351,0.6233108396321384,0.6194292103308427,0.8270181219110379,0.4058679706601467,0.8051323175621492,0.44148936170212766,0.6725737514716169,0.37041895201136044,1004,243,210,166,0.5995070856438693,0.6269866829326554,0.564027010943234,0.8557806912991657,0.3252551020408163,0.5757818765036087,0.6781914893617021,0.6725737514716169,0.37041895201136044,718,529,121,255
s1__log__peak_rms__C0.003__pca128,s1__log__peak_rms,0.003,128.0,288,0.6130327373294833,False,0.8416174000012688,0.7264325323475046,0.6167024262485283,0.6164852195460486,0.8224899598393575,0.41005291005291006,0.8211708099438653,0.4122340425531915,0.6735079083417224,0.37418785926066445,1024,223,221,155,0.6025878003696857,0.6308491443293691,0.5672148511286228,0.8583333333333333,0.3282247765006386,0.5781876503608661,0.6835106382978723,0.6735079083417224,0.37418785926066445,721,526,119,257
s1__log__peak_rms__C0.003__pca256,s1__log__peak_rms,0.003,256.0,288,0.6141007369871367,False,0.8019872000440955,0.729513247073321,0.6177784128717433,0.6183228311404884,0.8226837060702875,0.41509433962264153,0.8259823576583801,0.4095744680851064,0.6720512208022659,0.3735087221469644,1030,217,222,154,0.6032039433148491,0.6321789315634118,0.5680513769960658,0.8593563766388558,0.32908163265306123,0.5781876503608661,0.6861702127659575,0.6720512208022659,0.3735087221469644,721,526,118,258
s1__log__peak_rms__C0.01__pcanone,s1__log__peak_rms,0.01,,288,0.5810927459146307,False,0.9463277000468224,0.6956253850893407,0.6096578597143784,0.6008051988400994,0.8226221079691517,0.3706140350877193,0.7698476343223737,0.449468085106383,0.6606045999761129,0.3631326327981963,960,287,207,169,0.6204559457794209,0.627615852514119,0.5761007825299427,0.8501664816870145,0.3337950138504155,0.6142742582197274,0.6409574468085106,0.6606045999761129,0.3631326327981963,766,481,135,241
s1__log__peak_rms__C0.01__pca32,s1__log__peak_rms,0.01,32.0,288,0.5878463930736698,False,0.7670146999880672,0.7110289587184226,0.6317566414714464,0.6213054637520155,0.8336192109777015,0.3982494529540481,0.7794707297514034,0.48404255319148937,0.6672823286525961,0.3644719128573572,972,275,194,182,0.6192236598890942,0.6333157023665308,0.5776868509604859,0.8553672316384181,0.33604336043360433,0.6070569366479551,0.6595744680851063,0.6672823286525961,0.3644719128573572,757,490,128,248
s1__log__peak_rms__C0.01__pca64,s1__log__peak_rms,0.01,64.0,288,0.5785817207487362,False,0.7813256000517868,0.696241528034504,0.6165605964954188,0.6056184676503134,0.8266897746967071,0.3752665245202559,0.7650360866078588,0.46808510638297873,0.6630572949546998,0.3585544340035145,954,293,200,176,0.6161429451632778,0.6322397157433159,0.5755348690769796,0.8553530751708428,0.33422818791946307,0.6022453889334403,0.6622340425531915,0.6630572949546998,0.3585544340035145,751,496,127,249
s1__log__peak_rms__C0.01__pca128,s1__log__peak_rms,0.01,128.0,288,0.5855440083358845,False,0.7793338000192307,0.6993222427603204,0.6148501083451346,0.6056537186922439,0.8251928020565553,0.37719298245614036,0.7722534081796311,0.4574468085106383,0.6647101980924431,0.3654828908647052,963,284,204,172,0.6223043746149106,0.6306763892917471,0.5783527642735722,0.8522222222222222,0.3360995850622407,0.6150761828388132,0.6462765957446809,0.6647101980924431,0.3654828908647052,767,480,133,243
s1__log__peak_rms__C0.01__pca256,s1__log__peak_rms,0.01,256.0,288,0.581109695039945,False,0.8688630000106059,0.6956253850893407,0.6096578597143784,0.6008051988400994,0.8226221079691517,0.3706140350877193,0.7698476343223737,0.449468085106383,0.6607027077752564,0.3630511538227207,960,287,207,169,0.6204559457794209,0.627615852514119,0.5761007825299427,0.8501664816870145,0.3337950138504155,0.6142742582197274,0.6409574468085106,0.6607027077752564,0.3630511538227207,766,481,135,241
s1__log__peak_rms__C0.03__pcanone,s1__log__peak_rms,0.03,,288,0.5887615135690736,False,0.9153420000220649,0.6913123844731978,0.5947763995290826,0.5889226093247368,0.8145025295109612,0.35697940503432496,0.7746591820368885,0.4148936170212766,0.6456367622720061,0.34436539854548864,966,281,220,156,0.6290819470117067,0.6146528263577267,0.5749919091317193,0.837696335078534,0.33083832335329344,0.6415396952686447,0.5877659574468085,0.6456367622720061,0.34436539854548864,800,447,155,221
s1__log__peak_rms__C0.03__pca32,s1__log__peak_rms,0.03,32.0,288,0.5827708493917619,False,0.7041997999767773,0.707332101047443,0.6284220426896893,0.6176598805852009,0.8321858864027539,0.3926247288503254,0.7754611066559743,0.48138297872340424,0.6640063812725008,0.3608131677744948,967,280,195,181,0.6241528034504005,0.630950451295876,0.5794779568175177,0.8519337016574585,0.3370473537604457,0.6182838813151563,0.6436170212765957,0.6640063812725008,0.3608131677744948,771,476,134,242
s1__log__peak_rms__C0.03__pca64,s1__log__peak_rms,0.03,64.0,288,0.6088963296396146,False,0.7470090000424534,0.707332101047443,0.5968419952567012,0.5952752317419086,0.8138211382113821,0.37404580152671757,0.8027265437048917,0.39095744680851063,0.6550444470985685,0.34933017583008685,1001,246,229,147,0.6130622304374614,0.6116584057056084,0.5654951913239206,0.8389923329682366,0.32253521126760565,0.6142742582197274,0.6090425531914894,0.6550444470985685,0.34933017583008685,766,481,147,229
s1__log__peak_rms__C0.03__pca128,s1__log__peak_rms,0.03,128.0,288,0.5713686637626839,False,0.7706925999955274,0.685150955021565,0.6149162244706444,0.600239561366512,0.8274021352313167,0.36472945891783565,0.7457898957497995,0.48404255319148937,0.6557269361360882,0.3546466691960556,930,317,194,182,0.6303142329020333,0.6210277005238103,0.5785087051067189,0.8423280423280424,0.33480825958702065,0.6383319967923016,0.6037234042553191,0.6557269361360882,0.3546466691960556,796,451,149,227
s1__log__peak_rms__C0.03__pca256,s1__log__peak_rms,0.03,256.0,288,0.5431347596441969,False,0.9143326000194065,0.6617375231053605,0.6117543807265096,0.5886820359206804,0.8292452830188679,0.3463587921847247,0.7048917401764234,0.5186170212765957,0.6456815506150932,0.3445846473887639,879,368,181,195,0.6284658040665434,0.6142518640481838,0.5745000641291801,0.8375262054507338,0.3303437967115097,0.640737770649559,0.5877659574468085,0.6456815506150932,0.3445846473887639,799,448,155,221
s1__log__peak_rms__C0.1__pcanone,s1__log__peak_rms,0.1,,288,0.5462487449673126,False,1.095383599982597,0.6549599507085644,0.5971267211520415,0.5774820743209068,0.8207282913165266,0.3333333333333333,0.7048917401764234,0.48936170212765956,0.6252388711631319,0.3211157203203806,879,368,192,184,0.6204559457794209,0.5904628555341329,0.5592053979888048,0.8216106014271152,0.3130841121495327,0.6463512429831596,0.5345744680851063,0.6252388711631319,0.3211157203203806,806,441,175,201
s1__log__peak_rms__C0.1__pca32,s1__log__peak_rms,0.1,32.0,288,0.5802075908530244,False,0.7380063000018708,0.7060998151571165,0.6276201180706035,0.6166470163255463,0.8318965517241379,0.39092872570194387,0.7738572574178028,0.48138297872340424,0.6622596358920985,0.35845397886827496,965,282,195,181,0.6260012322858903,0.6275092136020065,0.5790566856024595,0.8485838779956427,0.33617021276595743,0.6246992782678428,0.6303191489361702,0.6622596358920985,0.35845397886827496,779,468,139,237
s1__log__peak_rms__C0.1__pca64,s1__log__peak_rms,0.1,64.0,288,0.6093617222386146,False,0.7639453000156209,0.7030191004313001,0.5940352590899008,0.5918621394882925,0.812755519215045,0.3675,0.7971130713712911,0.39095744680851063,0.6502734221706564,0.3446250554751524,994,253,229,147,0.6192236598890942,0.6110239041785391,0.5683882128164965,0.8370846730975349,0.32463768115942027,0.6263031275060145,0.5957446808510638,0.6502734221706564,0.3446250554751524,781,466,152,224
s1__log__peak_rms__C0.1__pca128,s1__log__peak_rms,0.1,128.0,288,0.6077028315351196,False,0.8556176000274718,0.6968576709796673,0.6021003600129673,0.5959761344823539,0.8180286436394272,0.3669724770642202,0.7786688051323175,0.425531914893617,0.6482622122882151,0.34277527096154486,971,276,216,160,0.6327788046826864,0.617058600214984,0.5779456731171986,0.8387096774193549,0.3338368580060423,0.6463512429831596,0.5877659574468085,0.6482622122882151,0.34277527096154486,806,441,155,221
s1__log__peak_rms__C0.1__pca256,s1__log__peak_rms,0.1,256.0,288,0.5507290476402849,False,0.9884663000120781,0.6568083795440542,0.5964719582316709,0.5778263458372737,0.8200371057513914,0.3339449541284404,0.7089013632718525,0.48404255319148937,0.6255417256735314,0.32191387067916544,884,363,194,182,0.6204559457794209,0.5913916804586327,0.5596744358120607,0.822267620020429,0.3136645962732919,0.6455493183640738,0.5372340425531915,0.6255417256735314,0.32191387067916544,805,442,174,202
s0_s1__log__peak_rms__C1e-05__pcanone,s0_s1__log__peak_rms,1e-05,,291,0.5096200913299715,False,0.8331911999848671,0.6568083795440542,0.6057602074766674,0.583213962162374,0.8260869565217391,0.3398230088495575,0.7008821170809943,0.5106382978723404,0.6414202596870787,0.3407262814884247,874,373,184,192,0.5662353666050524,0.6090500179153373,0.5380345833629829,0.8494208494208494,0.3061465721040189,0.529270248596632,0.6888297872340425,0.6414202596870787,0.3407262814884247,660,587,117,259
s0_s1__log__peak_rms__C1e-05__pca32,s0_s1__log__peak_rms,1e-05,32.0,291,0.5097822921626944,False,0.7691017999895848,0.6580406654343808,0.6056333071712536,0.5836601521677738,0.8258003766478342,0.3404634581105169,0.7032878909382518,0.5079787234042553,0.6413754713439915,0.3406661763422678,877,370,185,191,0.5643869377695625,0.6069183060622089,0.5362161795120626,0.8479381443298969,0.30460448642266824,0.5276663993584603,0.6861702127659575,0.6413754713439915,0.3406661763422678,658,589,118,258
s0_s1__log__peak_rms__C1e-05__pca64,s0_s1__log__peak_rms,1e-05,64.0,291,0.509648581613786,False,0.7799597999546677,0.6574245224892175,0.6061611697862103,0.5837002454282076,0.826251180358829,0.3404255319148936,0.7016840417000801,0.5106382978723404,0.6414309235782901,0.3408463414325531,875,372,184,192,0.5643869377695625,0.6078471309867085,0.5365151622252068,0.8488372093023255,0.3050647820965842,0.5268644747393745,0.6888297872340425,0.6414309235782901,0.3408463414325531,657,590,117,259
s0_s1__log__peak_rms__C1e-05__pca128,s0_s1__log__peak_rms,1e-05,128.0,291,0.5096302917848095,False,0.8225792999728583,0.6568083795440542,0.6057602074766674,0.583213962162374,0.8260869565217391,0.3398230088495575,0.7008821170809943,0.5106382978723404,0.6414863758125885,0.3407328808397833,874,373,184,192,0.5662353666050524,0.6090500179153373,0.5380345833629829,0.8494208494208494,0.3061465721040189,0.529270248596632,0.6888297872340425,0.6414863758125885,0.3407328808397833,660,587,117,259
s0_s1__log__peak_rms__C1e-05__pca256,s0_s1__log__peak_rms,1e-05,256.0,291,0.5096202244852234,False,0.8256164000486024,0.6568083795440542,0.6057602074766674,0.583213962162374,0.8260869565217391,0.3398230088495575,0.7008821170809943,0.5106382978723404,0.6414223924653211,0.34073529013066556,874,373,184,192,0.5662353666050524,0.6090500179153373,0.5380345833629829,0.8494208494208494,0.3061465721040189,0.529270248596632,0.6888297872340425,0.6414223924653211,0.34073529013066556,660,587,117,259
s0_s1__log__peak_rms__C3e-05__pcanone,s0_s1__log__peak_rms,3e-05,,291,0.5228308207307025,False,0.8429699999978766,0.6703635243376463,0.6108660785886126,0.5918056022395796,0.8272058823529411,0.3514018691588785,0.7217321571772254,0.5,0.6472214165059975,0.3480421299789751,900,347,188,188,0.5680837954405422,0.610252904843966,0.5395535982043884,0.85,0.30723606168446027,0.5316760224538893,0.6888297872340425,0.6472214165059975,0.3480421299789751,663,584,117,259
s0_s1__log__peak_rms__C3e-05__pca32,s0_s1__log__peak_rms,3e-05,32.0,291,0.5229371805721172,False,0.7659109000233002,0.6709796672828097,0.6112670408981555,0.5922954613879271,0.8273645546372819,0.352059925093633,0.7225340817963112,0.5,0.647020935351226,0.3475466054759468,901,346,188,188,0.5674676524953789,0.6107807674589227,0.5393469851147927,0.8507078507078507,0.3073286052009456,0.5300721732157178,0.6914893617021277,0.647020935351226,0.3475466054759468,661,586,116,260
s0_s1__log__peak_rms__C3e-05__pca64,s0_s1__log__peak_rms,3e-05,64.0,291,0.5229835339400198,False,0.7768918999936432,0.6709796672828097,0.6112670408981555,0.5922954613879271,0.8273645546372819,0.352059925093633,0.7225340817963112,0.5,0.647012404238257,0.34779803472267296,901,346,188,188,0.5680837954405422,0.610252904843966,0.5395535982043884,0.85,0.30723606168446027,0.5316760224538893,0.6888297872340425,0.647012404238257,0.34779803472267296,663,584,117,259
s0_s1__log__peak_rms__C3e-05__pca128,s0_s1__log__peak_rms,3e-05,128.0,291,0.5228542274449751,False,0.8078916000085883,0.6703635243376463,0.6108660785886126,0.5918056022395796,0.8272058823529411,0.3514018691588785,0.7217321571772254,0.5,0.6472917981879915,0.3481231646770686,900,347,188,188,0.5674676524953789,0.6098519425344231,0.5390473030925833,0.8498074454428755,0.3068720379146919,0.5308740978348035,0.6888297872340425,0.6472917981879915,0.3481231646770686,662,585,117,259
s0_s1__log__peak_rms__C3e-05__pca256,s0_s1__log__peak_rms,3e-05,256.0,291,0.5228289012027034,False,0.8426463999785483,0.6703635243376463,0.6108660785886126,0.5918056022395796,0.8272058823529411,0.3514018691588785,0.7217321571772254,0.5,0.6472171509495129,0.34804039490915845,900,347,188,188,0.5680837954405422,0.610252904843966,0.5395535982043884,0.85,0.30723606168446027,0.5316760224538893,0.6888297872340425,0.6472171509495129,0.34804039490915845,663,584,117,259
s0_s1__log__peak_rms__C0.0001__pcanone,s0_s1__log__peak_rms,0.0001,,291,0.5466939595759672,False,0.8511977000162005,0.6839186691312384,0.6085413503045607,0.5957403626493945,0.8236331569664903,0.35991820040899797,0.7489975942261428,0.46808510638297873,0.657964220512208,0.35797196706139583,934,313,200,176,0.5699322242760321,0.610526966848095,0.5407686245767879,0.8496815286624204,0.30787589498806683,0.5348837209302325,0.6861702127659575,0.657964220512208,0.35797196706139583,667,580,118,258
s0_s1__log__peak_rms__C0.0001__pca32,s0_s1__log__peak_rms,0.0001,32.0,291,0.5428863280044078,False,0.758577200002037,0.678373382624769,0.6105056390656725,0.5948243868844932,0.825696316262354,0.3568627450980392,0.7369687249398557,0.48404255319148937,0.6577530754662253,0.3575721965695864,919,328,194,182,0.5730129390018485,0.6143894282448088,0.543906823480178,0.8524173027989822,0.3106332138590203,0.53728949478749,0.6914893617021277,0.6577530754662253,0.3575721965695864,670,577,116,260
s0_s1__log__peak_rms__C0.0001__pca64,s0_s1__log__peak_rms,0.0001,64.0,291,0.5415547791790738,False,0.8119805000023916,0.6777572396796057,0.6138199764541282,0.5965919649073614,0.8278985507246377,0.3583815028901734,0.7329591018444266,0.4946808510638298,0.6578746438260336,0.3578667349759858,914,333,190,186,0.5711645101663586,0.6131865413161801,0.5423872180451128,0.8518518518518519,0.30952380952380953,0.5348837209302325,0.6914893617021277,0.6578746438260336,0.3578667349759858,667,580,116,260
s0_s1__log__peak_rms__C0.0001__pca128,s0_s1__log__peak_rms,0.0001,128.0,291,0.5442555809894476,False,0.8014742999803275,0.6820702402957486,0.6110537630739307,0.5966186925611237,0.8254674977738201,0.36,0.7433841218925421,0.4787234042553192,0.6581476394410415,0.35821268978326803,927,320,196,180,0.5699322242760321,0.610526966848095,0.5407686245767879,0.8496815286624204,0.30787589498806683,0.5348837209302325,0.6861702127659575,0.6581476394410415,0.35821268978326803,667,580,118,258
s0_s1__log__peak_rms__C0.0001__pca256,s0_s1__log__peak_rms,0.0001,256.0,291,0.5466944292432787,False,0.8297024000203237,0.6839186691312384,0.6085413503045607,0.5957403626493945,0.8236331569664903,0.35991820040899797,0.7489975942261428,0.46808510638297873,0.6579706188469348,0.35795991990600656,934,313,200,176,0.5699322242760321,0.610526966848095,0.5407686245767879,0.8496815286624204,0.30787589498806683,0.5348837209302325,0.6861702127659575,0.6579706188469348,0.35795991990600656,667,580,118,258
s0_s1__log__peak_rms__C0.0003__pcanone,s0_s1__log__peak_rms,0.0003,,291,0.5584885663808177,False,0.8363557999837212,0.6906962415280345,0.6268843095770273,0.609797472040337,0.8340807174887892,0.37598425196850394,0.7457898957497995,0.5079787234042553,0.6696774386186423,0.3701734288063199,930,317,185,191,0.5767097966728281,0.6205105018000648,0.5481554424932071,0.8571428571428571,0.3146603098927294,0.5388933440256616,0.7021276595744681,0.6696774386186423,0.3701734288063199,672,575,112,264
s0_s1__log__peak_rms__C0.0003__pca32,s0_s1__log__peak_rms,0.0003,32.0,291,0.5578455691142561,False,0.7760407000314444,0.6906962415280345,0.6268843095770273,0.609797472040337,0.8340807174887892,0.37598425196850394,0.7457898957497995,0.5079787234042553,0.6692423518572232,0.37001583324461657,930,317,185,191,0.5754775107825015,0.6187797522564794,0.5468400289342354,0.8558673469387755,0.3134684147794994,0.5380914194065758,0.699468085106383,0.6692423518572232,0.37001583324461657,671,576,113,263
s0_s1__log__peak_rms__C0.0003__pca64,s0_s1__log__peak_rms,0.0003,64.0,291,0.5644543405362537,False,0.7760444000014104,0.6980899568699939,0.6214787831220461,0.6095109496219189,0.8294168842471714,0.379746835443038,0.764234161988773,0.4787234042553192,0.6693660529952737,0.3698898394063102,953,294,196,180,0.5779420825631546,0.6213124264191506,0.5491719683750678,0.8575063613231552,0.3154121863799283,0.5404971932638332,0.7021276595744681,0.6693660529952737,0.3698898394063102,674,573,112,264
s0_s1__log__peak_rms__C0.0003__pca128,s0_s1__log__peak_rms,0.0003,128.0,291,0.5682689075206239,False,0.8821307000471279,0.7030191004313001,0.6191135320513914,0.6098868985877284,0.8272027373823782,0.3832599118942731,0.7754611066559743,0.4627659574468085,0.6698992475558361,0.37031657428071646,967,280,202,174,0.5773259396179914,0.6209114641096077,0.54866371985627,0.8573248407643312,0.315035799522673,0.5396952686447474,0.7021276595744681,0.6698992475558361,0.37031657428071646,673,574,112,264
s0_s1__log__peak_rms__C0.0003__pca256,s0_s1__log__peak_rms,0.0003,256.0,291,0.558488291540536,False,1.130140500026755,0.6906962415280345,0.6268843095770273,0.609797472040337,0.8340807174887892,0.37598425196850394,0.7457898957497995,0.5079787234042553,0.6696731730621577,0.3701743100690509,930,317,185,191,0.5767097966728281,0.6205105018000648,0.5481554424932071,0.8571428571428571,0.3146603098927294,0.5388933440256616,0.7021276595744681,0.6696731730621577,0.3701743100690509,672,575,112,264
s0_s1__log__peak_rms__C0.001__pcanone,s0_s1__log__peak_rms,0.001,,291,0.5905538900525661,False,1.0861789000337012,0.7252002464571781,0.630761700421437,0.6262809101535234,0.8307184145334434,0.41504854368932037,0.8067361668003208,0.45478723404255317,0.6749880564418433,0.3743589563911374,1006,241,205,171,0.589648798521257,0.6289307103004658,0.558824825883805,0.8608695652173913,0.32273838630806845,0.5557337610264635,0.7021276595744681,0.6749880564418433,0.3743589563911374,693,554,112,264
s0_s1__log__peak_rms__C0.001__pca32,s0_s1__log__peak_rms,0.001,32.0,291,0.5853175304913034,False,0.759378699993249,0.7208872458410351,0.6353855636506338,0.6276966859683459,0.8341750841750841,0.4114942528735632,0.7947072975140337,0.47606382978723405,0.6747470525004693,0.3740166760458523,991,256,197,179,0.589648798521257,0.6289307103004658,0.558824825883805,0.8608695652173913,0.32273838630806845,0.5557337610264635,0.7021276595744681,0.6747470525004693,0.3740166760458523,693,554,112,264
s0_s1__log__peak_rms__C0.001__pca64,s0_s1__log__peak_rms,0.001,64.0,291,0.5971623640883597,False,0.7903654999681748,0.7276648182378311,0.6277214250371104,0.6250689897393442,0.8285714285714286,0.41708542713567837,0.813953488372093,0.44148936170212766,0.6747150608268355,0.3737716524886938,1015,232,210,166,0.5871842267406038,0.6282556859867938,0.5570992179863148,0.8610763454317898,0.32160194174757284,0.5517241379310345,0.7047872340425532,0.6747150608268355,0.3737716524886938,688,559,111,265
s0_s1__log__peak_rms__C0.001__pca128,s0_s1__log__peak_rms,0.001,128.0,291,0.5943767617947958,False,0.8490195000194944,0.7276648182378311,0.6295790748861096,0.6263921120939282,0.8296478296478297,0.417910447761194,0.8123496391339214,0.44680851063829785,0.6755553754542817,0.3749886365735047,1013,234,208,168,0.5902649414664202,0.6293316726100087,0.5593327532868507,0.8610421836228288,0.32313341493268055,0.5565356856455493,0.7021276595744681,0.6755553754542817,0.3749886365735047,694,553,112,264
s0_s1__log__peak_rms__C0.001__pca256,s0_s1__log__peak_rms,0.001,256.0,291,0.590576782351506,False,0.880121499998495,0.7252002464571781,0.630761700421437,0.6262809101535234,0.8307184145334434,0.41504854368932037,0.8067361668003208,0.45478723404255317,0.6749773925506322,0.37430171350865427,1006,241,205,171,0.589648798521257,0.6289307103004658,0.558824825883805,0.8608695652173913,0.32273838630806845,0.5557337610264635,0.7021276595744681,0.6749773925506322,0.37430171350865427,693,554,112,264
s0_s1__log__peak_rms__C0.003__pcanone,s0_s1__log__peak_rms,0.003,,291,0.6181012109146449,False,1.0027264999807812,0.7307455329636475,0.6111497380948319,0.6134646543422423,0.8188976377952756,0.41359773371104813,0.8340016038492382,0.3882978723404255,0.6708099438652768,0.37062204636862384,1040,207,230,146,0.6056685150955021,0.6337827808015835,0.5700733431565702,0.8600237247924081,0.33076923076923076,0.5813953488372093,0.6861702127659575,0.6708099438652768,0.37062204636862384,725,522,118,258
s0_s1__log__peak_rms__C0.003__pca32,s0_s1__log__peak_rms,0.003,32.0,291,0.5781278436960022,False,0.8325603000121191,0.7054836722119532,0.6365074050060571,0.6219253786623521,0.8375768217734855,0.39462809917355374,0.7650360866078588,0.5079787234042553,0.6730834854715145,0.37139700822972205,954,293,185,191,0.6038200862600123,0.6325798938729547,0.5685568205824875,0.8595238095238096,0.32950191570881227,0.5789895749799518,0.6861702127659575,0.6730834854715145,0.37139700822972205,722,525,118,258
s0_s1__log__peak_rms__C0.003__pca64,s0_s1__log__peak_rms,0.003,64.0,291,0.5874623818926237,False,1.1075886999606155,0.7079482439926063,0.6223212305277346,0.6139065548890655,0.8283772302463891,0.3901345291479821,0.7818765036086608,0.4627659574468085,0.6712301011789998,0.36955635184459634,975,272,202,174,0.5988909426987061,0.6275145455476121,0.5638553759315162,0.8564593301435407,0.3252858958068615,0.5741780272654371,0.6808510638297872,0.6712301011789998,0.36955635184459634,716,531,120,256
s0_s1__log__peak_rms__C0.003__pca128,s0_s1__log__peak_rms,0.003,128.0,291,0.6152399203280494,False,0.9750985000282526,0.7276648182378311,0.6137890511696156,0.6146276527165364,0.8207171314741036,0.41032608695652173,0.8259823576583801,0.4015957446808511,0.6723519425344231,0.37273632970823634,1030,217,225,151,0.6032039433148491,0.6321789315634118,0.5680513769960658,0.8593563766388558,0.32908163265306123,0.5781876503608661,0.6861702127659575,0.6723519425344231,0.37273632970823634,721,526,118,258
s0_s1__log__peak_rms__C0.003__pca256,s0_s1__log__peak_rms,0.003,256.0,291,0.6181259422440675,False,1.2516846000216901,0.7307455329636475,0.6111497380948319,0.6134646543422423,0.8188976377952756,0.41359773371104813,0.8340016038492382,0.3882978723404255,0.6708547322083639,0.3706764496504354,1040,207,230,146,0.6056685150955021,0.6337827808015835,0.5700733431565702,0.8600237247924081,0.33076923076923076,0.5813953488372093,0.6861702127659575,0.6708547322083639,0.3706764496504354,725,522,118,258
s0_s1__log__peak_rms__C0.01__pcanone,s0_s1__log__peak_rms,0.01,,291,0.6234350816952129,False,1.329404300020542,0.7221195317313617,0.5971768414407344,0.599516885745941,0.8124018838304553,0.39255014326647564,0.8299919807538091,0.36436170212765956,0.6583971744953847,0.35848325014615706,1035,212,239,137,0.6210720887245841,0.6289456397481615,0.5769770799808269,0.8511111111111112,0.334716459197787,0.6142742582197274,0.6436170212765957,0.6583971744953847,0.35848325014615706,766,481,134,242
s0_s1__log__peak_rms__C0.01__pca32,s0_s1__log__peak_rms,0.01,32.0,291,0.612337021634825,False,0.8196286000311375,0.7233518176216882,0.6156264396253135,0.6146513773838828,0.8222940226171244,0.4051948051948052,0.8163592622293504,0.4148936170212766,0.6684063027862615,0.3646887176416712,1018,229,220,156,0.6204559457794209,0.6350464519101162,0.5790535601806784,0.8564971751412429,0.33739837398373984,0.6078588612670409,0.6622340425531915,0.6684063027862615,0.3646887176416712,758,489,127,249
s0_s1__log__peak_rms__C0.01__pca64,s0_s1__log__peak_rms,0.01,64.0,291,0.5892476541691074,False,0.865003099956084,0.7005545286506469,0.6082214335682233,0.6015564383163068,0.8210970464135021,0.3744292237442922,0.7802726543704892,0.43617021276595747,0.6615451551809448,0.35976180081507214,973,274,212,164,0.6142945163277881,0.6282503540411882,0.5729493120098995,0.8524404086265607,0.33153638814016173,0.6022453889334403,0.6542553191489362,0.6615451551809448,0.35976180081507214,751,496,130,246
s0_s1__log__peak_rms__C0.01__pca128,s0_s1__log__peak_rms,0.01,128.0,291,0.6213900661642334,False,0.9239522999851033,0.7233518176216882,0.6044805405313177,0.6059088232160694,0.8161648177496038,0.3988919667590028,0.8259823576583801,0.3829787234042553,0.6626691293146103,0.3630739968042334,1030,217,232,144,0.6216882316697474,0.6284177771332048,0.5770998132744865,0.8504983388704319,0.3347222222222222,0.615878107457899,0.6409574468085106,0.6626691293146103,0.3630739968042334,768,479,135,241
s0_s1__log__peak_rms__C0.01__pca256,s0_s1__log__peak_rms,0.01,256.0,291,0.6306724632956596,False,0.993778400006704,0.7264325323475046,0.5953394529850364,0.5989702287935248,0.8109992254066615,0.39759036144578314,0.8396150761828388,0.35106382978723405,0.6584739545121057,0.3585900862322557,1047,200,244,132,0.6204559457794209,0.6285446774386186,0.5764771668219945,0.8509454949944383,0.3342541436464088,0.6134723336006416,0.6436170212765957,0.6584739545121057,0.3585900862322557,765,482,134,242
s0_s1__log__peak_rms__C0.03__pcanone,s0_s1__log__peak_rms,0.03,,291,0.6126806574291691,False,1.0168147000367753,0.707332101047443,0.589411395860704,0.5893282066279607,0.8097913322632424,0.3687002652519894,0.8091419406575782,0.3696808510638298,0.6427127233018819,0.3394206083356162,1009,238,237,139,0.6284658040665434,0.6170383388216827,0.5757727210661719,0.8396624472573839,0.33185185185185184,0.6383319967923016,0.5957446808510638,0.6427127233018819,0.3394206083356162,796,451,152,224
s0_s1__log__peak_rms__C0.03__pca32,s0_s1__log__peak_rms,0.03,32.0,291,0.5994988798364489,False,0.8830694000353105,0.714109673444239,0.6179714293026668,0.6131919247537609,0.8248962655601659,0.39473684210526316,0.7971130713712911,0.43882978723404253,0.6654502721425037,0.3620879251142295,994,253,211,165,0.6216882316697474,0.6284177771332048,0.5770998132744865,0.8504983388704319,0.3347222222222222,0.615878107457899,0.6409574468085106,0.6654502721425037,0.3620879251142295,768,479,135,241
s0_s1__log__peak_rms__C0.03__pca64,s0_s1__log__peak_rms,0.03,64.0,291,0.5890896837909676,False,0.831240399973467,0.6937769562538509,0.6019531983142521,0.5948461142433793,0.8183361629881154,0.36404494382022473,0.773055332798717,0.4308510638297872,0.6532998344964085,0.35092150623419677,964,283,214,162,0.6136783733826248,0.6120593680151513,0.565988181781348,0.8391684901531729,0.3229901269393512,0.6150761828388132,0.6090425531914894,0.6532998344964085,0.35092150623419677,767,480,147,229
s0_s1__log__peak_rms__C0.03__pca128,s0_s1__log__peak_rms,0.03,128.0,291,0.6184328208214624,False,0.8556541999569163,0.7104128157732594,0.5960603320309168,0.5955202385699377,0.8130539887187752,0.3769633507853403,0.8091419406575782,0.3829787234042553,0.6531505400194509,0.3509327891693792,1009,238,232,144,0.6284658040665434,0.618895988670682,0.5766096114868884,0.8411016949152542,0.3328424153166421,0.6367281475541299,0.601063829787234,0.6531505400194509,0.3509327891693792,794,453,150,226
s0_s1__log__peak_rms__C0.03__pca256,s0_s1__log__peak_rms,0.03,256.0,291,0.6097590620438971,False,0.9301710000145249,0.7048675292667899,0.5887363715470321,0.588152463958831,0.8096774193548387,0.36553524804177545,0.8051323175621492,0.3723404255319149,0.6428022999880565,0.3395768068059104,1004,243,236,140,0.6278496611213802,0.6166373765121398,0.5752796253869004,0.839493136219641,0.33136094674556216,0.6375300721732157,0.5957446808510638,0.6428022999880565,0.3395768068059104,795,452,152,224
s0_s1__log__peak_rms__C0.1__pcanone,s0_s1__log__peak_rms,0.1,,291,0.5651576952321427,False,1.2228897000313736,0.6642020948860136,0.5854934822296917,0.5736410194613485,0.8122775800711743,0.3306613226452906,0.7321571772253408,0.43882978723404253,0.6223745499837909,0.31825021943637755,913,334,211,165,0.6167590881084412,0.5871282567523759,0.5558565867462586,0.81985670419652,0.30959752321981426,0.6423416198877305,0.5319148936170213,0.6223745499837909,0.31825021943637755,801,446,176,200
s0_s1__log__peak_rms__C0.1__pca32,s0_s1__log__peak_rms,0.1,32.0,291,0.598550773129085,False,0.9072943999781273,0.714109673444239,0.6179714293026668,0.6131919247537609,0.8248962655601659,0.39473684210526316,0.7971130713712911,0.43882978723404253,0.6639296012557797,0.3603149141653016,994,253,211,165,0.6303142329020333,0.6312447746933065,0.5829407431517997,0.8504875406283857,0.34,0.6295108259823576,0.6329787234042553,0.6639296012557797,0.3603149141653016,785,462,138,238
s0_s1__log__peak_rms__C0.1__pca64,s0_s1__log__peak_rms,0.1,64.0,291,0.5887951149087232,False,0.9182979000033811,0.6894639556377079,0.5982176372229522,0.5907830228323294,0.8167092924126172,0.35777777777777775,0.7682437850842021,0.42819148936170215,0.6484456312170487,0.34674603530889997,958,289,215,161,0.6142945163277881,0.6059585558531966,0.5636347237493128,0.8342303552206674,0.31988472622478387,0.6214915797914996,0.5904255319148937,0.6484456312170487,0.34674603530889997,775,472,154,222
s0_s1__log__peak_rms__C0.1__pca128,s0_s1__log__peak_rms,0.1,128.0,291,0.592511259825391,False,0.9977634999668226,0.6919285274183611,0.6053944360081216,0.5965913836095303,0.8206008583690987,0.3646288209606987,0.7666399358460305,0.4441489361702128,0.6457028783975157,0.340767384857268,956,291,209,167,0.6370918052988294,0.6226518111552832,0.5826894710121171,0.841995841995842,0.3388804841149773,0.6495589414595028,0.5957446808510638,0.6457028783975157,0.340767384857268,810,437,152,224
s0_s1__log__peak_rms__C0.1__pca256,s0_s1__log__peak_rms,0.1,256.0,291,0.5629868190825239,False,1.1011280000093393,0.6648182378311769,0.5868232694637342,0.5747297844055257,0.8130008904719501,0.332,0.7321571772253408,0.44148936170212766,0.6226902011636439,0.3189409844646688,913,334,210,166,0.6173752310536045,0.5884580439864184,0.5568048250560984,0.8206967213114754,0.3106646058732612,0.6423416198877305,0.5345744680851063,0.6226902011636439,0.3189409844646688,801,446,175,201
s1_s2__raw__noamp__C1e-05__pcanone,s1_s2__raw__noamp,1e-05,,1929,0.5208537222515178,False,1.4545115000219084,0.6845348120764018,0.6135864372366019,0.599168020498493,0.8266666666666667,0.3634538152610442,0.7457898957497995,0.48138297872340424,0.6571025781023392,0.34930978006999935,930,317,195,181,0.6149106592729513,0.6137901175587367,0.5673725894949642,0.8402625820568927,0.3244005641748942,0.615878107457899,0.6117021276595744,0.6571025781023392,0.34930978006999935,768,479,146,230
s1_s2__raw__noamp__C1e-05__pca32,s1_s2__raw__noamp,1e-05,32.0,1929,0.5207280330603823,False,0.857419400010258,0.6857670979667283,0.6153171867801873,0.6007337704184208,0.8275555555555556,0.3654618473895582,0.7465918203688853,0.48404255319148937,0.6561406951150848,0.3482477088846629,931,316,194,182,0.6167590881084412,0.6177794792608644,0.570039490541351,0.8430296377607025,0.32724719101123595,0.615878107457899,0.6196808510638298,0.6561406951150848,0.3482477088846629,768,479,143,233
s1_s2__raw__noamp__C1e-05__pca64,s1_s2__raw__noamp,1e-05,64.0,1929,0.5196779382097176,False,0.8625523999799043,0.6820702402957486,0.6147690627719292,0.5989153298263226,0.8278026905829596,0.36220472440944884,0.7401764234161988,0.48936170212765956,0.6565139313074784,0.34919086143669875,923,324,192,184,0.6161429451632778,0.6145920421778225,0.5683600928739836,0.8406113537117904,0.32531824611032534,0.6174819566960705,0.6117021276595744,0.6565139313074784,0.34919086143669875,770,477,146,230
s1_s2__raw__noamp__C1e-05__pca128,s1_s2__raw__noamp,1e-05,128.0,1929,0.5202491036455699,False,0.8937892999965698,0.6826863832409119,0.6133123752324728,0.598265975133051,0.8267857142857142,0.36182902584493043,0.7425821972734563,0.48404255319148937,0.6569874080772578,0.3488313966948245,926,321,194,182,0.6155268022181146,0.6141910798682796,0.5678662984594693,0.8404371584699454,0.3248587570621469,0.6166800320769847,0.6117021276595744,0.6569874080772578,0.3488313966948245,769,478,146,230
s1_s2__raw__noamp__C1e-05__pca256,s1_s2__raw__noamp,1e-05,256.0,1929,0.5205638416094055,False,0.8820830000331625,0.6845348120764018,0.6145152621611015,0.5997456794404947,0.8272484416740873,0.364,0.7449879711307137,0.48404255319148937,0.6570641880939787,0.34927802369404526,929,318,194,182,0.6149106592729513,0.6137901175587367,0.5673725894949642,0.8402625820568927,0.3244005641748942,0.615878107457899,0.6117021276595744,0.6570641880939787,0.34927802369404526,768,479,146,230
s1_s2__raw__noamp__C3e-05__pcanone,s1_s2__raw__noamp,3e-05,,1929,0.5626586706672774,False,1.7484743000240996,0.7276648182378311,0.6063584517736184,0.6086605015318279,0.8166797797010228,0.40625,0.8323977546110666,0.3803191489361702,0.6679306932382398,0.3613343601798329,1038,209,233,143,0.6198398028342575,0.6197842908085789,0.5725171385284877,0.8438864628820961,0.32956152758132956,0.619887730553328,0.6196808510638298,0.6679306932382398,0.3613343601798329,773,474,143,233
s1_s2__raw__noamp__C3e-05__pca32,s1_s2__raw__noamp,3e-05,32.0,1929,0.5664370226739894,False,1.0925258999923244,0.7319778188539742,0.6063787131669197,0.6098697825288106,0.8161993769470405,0.41297935103244837,0.8404170008019246,0.3723404255319149,0.6659770683683394,0.3594967842704644,1048,199,236,140,0.618607516943931,0.6199111911139927,0.5719179847905667,0.8442982456140351,0.3291139240506329,0.6174819566960705,0.6223404255319149,0.6659770683683394,0.3594967842704644,770,477,142,234
s1_s2__raw__noamp__C3e-05__pca64,s1_s2__raw__noamp,3e-05,64.0,1929,0.5627972194124516,False,1.0438276000204496,0.7264325323475046,0.6055565271545326,0.6076551168412571,0.8163908589440504,0.403954802259887,0.830793905372895,0.3803191489361702,0.6668067191045745,0.36084842552427554,1036,211,233,143,0.618607516943931,0.6189823661894931,0.5715258126358125,0.8435448577680525,0.32863187588152326,0.6182838813151563,0.6196808510638298,0.6668067191045745,0.36084842552427554,771,476,143,233
s1_s2__raw__noamp__C3e-05__pca128,s1_s2__raw__noamp,3e-05,128.0,1929,0.56200553888149,False,1.0383201999939047,0.7270486752926679,0.6068863143885752,0.6089188535000667,0.8170347003154574,0.4056338028169014,0.830793905372895,0.3829787234042553,0.6679797471378116,0.36144333838378817,1036,211,232,144,0.6198398028342575,0.6207131157330785,0.5729102203494285,0.8446389496717724,0.3300423131170663,0.6190858059342422,0.6223404255319149,0.6679797471378116,0.36144333838378817,772,475,142,234
s1_s2__raw__noamp__C3e-05__pca256,s1_s2__raw__noamp,3e-05,256.0,1929,0.5620334074458406,False,1.1271893000230193,0.7270486752926679,0.6068863143885752,0.6089188535000667,0.8170347003154574,0.4056338028169014,0.830793905372895,0.3829787234042553,0.6679754815813271,0.3614190051950509,1036,211,232,144,0.6198398028342575,0.6197842908085789,0.5725171385284877,0.8438864628820961,0.32956152758132956,0.619887730553328,0.6196808510638298,0.6679754815813271,0.3614190051950509,773,474,143,233
s1_s2__raw__noamp__C0.0001__pcanone,s1_s2__raw__noamp,0.0001,,1929,0.5688513346335287,False,1.969680500042159,0.7270486752926679,0.6198898633315703,0.6191055146842633,0.8241935483870968,0.412532637075718,0.8195669607056937,0.42021276595744683,0.6780699210018939,0.37188957772881925,1022,225,218,158,0.6370918052988294,0.636584185022778,0.5888387620951977,0.8530042918454935,0.3458755426917511,0.6375300721732157,0.6356382978723404,0.6780699210018939,0.37188957772881925,795,452,137,239
s1_s2__raw__noamp__C0.0001__pca32,s1_s2__raw__noamp,0.0001,32.0,1929,0.5521474069837875,False,0.9150146000320092,0.7067159581022797,0.6224481308331485,0.6135172993416445,0.8286445012787724,0.3888888888888889,0.7794707297514034,0.4654255319148936,0.6748515586343395,0.36837913060470834,972,275,201,175,0.6346272335181762,0.6368379856336057,0.587613038681135,0.8538961038961039,0.3447782546494993,0.6327185244587009,0.6409574468085106,0.6748515586343395,0.36837913060470834,789,458,135,241
s1_s2__raw__noamp__C0.0001__pca64,s1_s2__raw__noamp,0.0001,64.0,1929,0.5657502912044012,False,0.9135747000109404,0.7202711028958718,0.6201234025490966,0.61692245305384,0.8252666119770303,0.4034653465346535,0.8067361668003208,0.43351063829787234,0.6758496988517122,0.3708363763103776,1006,241,213,163,0.6352433764633395,0.6353812980941493,0.5873350742166026,0.852529601722282,0.34438040345821325,0.6351242983159583,0.6356382978723404,0.6758496988517122,0.3708363763103776,792,455,137,239
s1_s2__raw__noamp__C0.0001__pca128,s1_s2__raw__noamp,0.0001,128.0,1929,0.5669029691255771,False,0.9431725000031292,0.7239679605668515,0.6206715265573547,0.6186224115141724,0.8250610252237591,0.4086294416243655,0.8131515637530072,0.42819148936170215,0.6781104437884967,0.37177794866751857,1014,233,215,161,0.6377079482439926,0.6369851473323209,0.5893402413205502,0.8531618435155413,0.3463768115942029,0.6383319967923016,0.6356382978723404,0.6781104437884967,0.37177794866751857,796,451,137,239
s1_s2__raw__noamp__C0.0001__pca256,s1_s2__raw__noamp,0.0001,256.0,1929,0.5690012677813181,False,0.9163237000466324,0.7270486752926679,0.6198898633315703,0.6191055146842633,0.8241935483870968,0.412532637075718,0.8195669607056937,0.42021276595744683,0.678129638792677,0.3722753033375621,1022,225,218,158,0.6358595194085028,0.6357822604036922,0.5878361800144637,0.8526881720430107,0.3448773448773449,0.6359262229350441,0.6356382978723404,0.678129638792677,0.3722753033375621,793,454,137,239
s1_s2__raw__noamp__C0.0003__pcanone,s1_s2__raw__noamp,0.0003,,1929,0.5830197168026054,False,2.2802230000379495,0.7344423906346272,0.6256302359705848,0.6259794797816125,0.8264,0.4262734584450402,0.8283881315156375,0.4228723404255319,0.6845407701888788,0.37918877598376033,1033,214,217,159,0.6401725200246458,0.6432331211929908,0.5932973128836041,0.8576051779935275,0.3505747126436782,0.6375300721732157,0.648936170212766,0.6845407701888788,0.37918877598376033,795,452,132,244
s1_s2__raw__noamp__C0.0003__pca32,s1_s2__raw__noamp,0.0003,32.0,1929,0.5405584450974789,False,1.1805729000479914,0.696241528034504,0.63978121960791,0.6197320051612413,0.8414855072463768,0.3872832369942196,0.7449879711307137,0.5345744680851063,0.6792088245832552,0.37469713038155394,929,318,175,201,0.6426370918052988,0.6439081455066629,0.5949274489216311,0.857449088960343,0.3521739130434783,0.6415396952686447,0.6462765957446809,0.6792088245832552,0.37469713038155394,800,447,133,243
s1_s2__raw__noamp__C0.0003__pca64,s1_s2__raw__noamp,0.0003,64.0,1929,0.5704632521089793,False,1.139038100023754,0.7215033887861984,0.6264982767151802,0.62190450665897,0.8287841191066998,0.4082125603864734,0.8035284683239775,0.449468085106383,0.6808169393779112,0.377207817636661,1002,245,207,169,0.6481823783117683,0.6503032810660478,0.6006371822976572,0.8611111111111112,0.35807860262008734,0.6463512429831596,0.6542553191489362,0.6808169393779112,0.377207817636661,806,441,130,246
s1_s2__raw__noamp__C0.0003__pca128,s1_s2__raw__noamp,0.0003,128.0,1929,0.5625249544128728,True,0.9940816000453196,0.7208872458410351,0.6372432134996332,0.6289143552225471,0.8353040540540541,0.4123006833712984,0.7931034482758621,0.48138297872340424,0.684875616372912,0.37922976253693774,989,258,195,181,0.6463339494762785,0.6481715692129195,0.598732452120218,0.8598930481283422,0.3561046511627907,0.644747393744988,0.651595744680851,0.684875616372912,0.37922976253693774,804,443,131,245
s1_s2__raw__noamp__C0.0003__pca256,s1_s2__raw__noamp,0.0003,256.0,1929,0.5888107547163862,False,1.075033999979496,0.738139248305607,0.6243207101298436,0.6262567153504174,0.8251582278481012,0.43175487465181056,0.8364073777064955,0.4122340425531915,0.6845535668583325,0.3794082264405494,1043,204,221,155,0.6438693776956254,0.6456388950502483,0.5963242508219013,0.8585209003215434,0.3536231884057971,0.6423416198877305,0.648936170212766,0.6845535668583325,0.3794082264405494,801,446,132,244
s1_s2__raw__noamp__C0.001__pcanone,s1_s2__raw__noamp,0.001,,1929,0.58190708588805,False,3.4071361999958754,0.7221195317313617,0.6250415891757239,0.6211094345677926,0.8278418451400329,0.4083129584352078,0.805934242181235,0.4441489361702128,0.6807060349093143,0.377399587425578,1005,242,209,167,0.6401725200246458,0.6339448719479943,0.589343213950248,0.8500527983104541,0.34615384615384615,0.6455493183640738,0.6223404255319149,0.6807060349093143,0.377399587425578,805,442,142,234
s1_s2__raw__noamp__C0.001__pca32,s1_s2__raw__noamp,0.001,32.0,1929,0.535303242564068,False,1.0780527999741025,0.6925446703635243,0.6457348700711494,0.6212896531374839,0.8462962962962963,0.3867403314917127,0.7329591018444266,0.5585106382978723,0.6804074459553993,0.3770187564738682,914,333,166,210,0.6531115218730745,0.6553686293913904,0.6054680568022994,0.8638297872340426,0.363103953147877,0.6511627906976745,0.6595744680851063,0.6804074459553993,0.3770187564738682,812,435,128,248
s1_s2__raw__noamp__C0.001__pca64,s1_s2__raw__noamp,0.001,64.0,1929,0.5430892811271153,False,1.6841818999964744,0.6956253850893407,0.6403090822228668,0.6197484092987255,0.8419618528610354,0.38697318007662834,0.7433841218925421,0.5372340425531915,0.680763619921855,0.3787714144905895,927,320,174,202,0.6487985212569316,0.6442024689040933,0.5983901048142308,0.8559411146161935,0.3556547619047619,0.652766639935846,0.6356382978723404,0.680763619921855,0.3787714144905895,814,433,137,239
s1_s2__raw__noamp__C0.001__pca128,s1_s2__raw__noamp,0.001,128.0,1929,0.5361713294732329,False,1.2968319000210613,0.6931608133086876,0.649851132078691,0.6237739256721532,0.8490214352283317,0.3890909090909091,0.7305533279871692,0.5691489361702128,0.6827833609172653,0.3791666661458913,911,336,162,214,0.634011090573013,0.6299352488525654,0.5843499720618365,0.848452508004269,0.34110787172011664,0.6375300721732157,0.6223404255319149,0.6827833609172653,0.3791666661458913,795,452,142,234
s1_s2__raw__noamp__C0.001__pca256,s1_s2__raw__noamp,0.001,256.0,1929,0.5842642001255607,False,1.1132395000313409,0.722735674676525,0.6245137265607671,0.6209612797688245,0.8274445357436319,0.4088669950738916,0.8075380914194066,0.44148936170212766,0.6808254704908803,0.37852883530944265,1007,240,210,166,0.6389402341343191,0.6350005971779078,0.5891501332236672,0.8512221041445271,0.3460410557184751,0.6423416198877305,0.6276595744680851,0.6808254704908803,0.37852883530944265,801,446,140,236
s1_s2__raw__noamp__C0.003__pcanone,s1_s2__raw__noamp,0.003,,1929,0.5991580873001072,False,4.125571199983824,0.7196549599507086,0.6067188912965585,0.606619650559415,0.8178170144462279,0.3952254641909814,0.8171611868484362,0.3962765957446808,0.6659813339248238,0.3682175037205802,1019,228,227,149,0.6383240911891559,0.610450186831374,0.5774549125305533,0.8326612903225806,0.3328050713153724,0.6623897353648757,0.5585106382978723,0.6659813339248238,0.3682175037205802,826,421,166,210
s1_s2__raw__noamp__C0.003__pca32,s1_s2__raw__noamp,0.003,32.0,1929,0.5352927801501259,False,1.5804075000341982,0.6943930991990142,0.6432224573017795,0.6207986795446238,0.844179651695692,0.38721804511278196,0.7385725741780272,0.5478723404255319,0.679609786892798,0.37710888121981445,921,326,170,206,0.6586568083795441,0.6487602160077803,0.6056574612386102,0.8568486096807415,0.36349693251533743,0.6672012830793905,0.6303191489361702,0.679609786892798,0.37710888121981445,832,415,139,237
s1_s2__raw__noamp__C0.003__pca64,s1_s2__raw__noamp,0.003,64.0,1929,0.5763547589867221,False,1.1500065000145696,0.7165742452248922,0.6223617533143373,0.6171777253615014,0.8270989193682461,0.4,0.7979149959903769,0.44680851063829785,0.6757942466174137,0.37512544069067033,995,252,208,168,0.6500308071472581,0.6320008445801839,0.5935530293143524,0.8460754332313966,0.35046728971962615,0.6655974338412189,0.598404255319149,0.6757942466174137,0.37512544069067033,830,417,151,225
s1_s2__raw__noamp__C0.003__pca128,s1_s2__raw__noamp,0.003,128.0,1929,0.6017337156531866,False,1.0788570999866351,0.7221195317313617,0.6101803903837295,0.6100779393457059,0.819422150882825,0.4005305039787798,0.8187650360866079,0.4015957446808511,0.6708952549949667,0.3717904630493003,1021,226,225,151,0.6346272335181762,0.6182614871436127,0.5794243538565408,0.8392116182572614,0.3353566009104704,0.648757016840417,0.5877659574468085,0.6708952549949667,0.3717904630493003,809,438,155,221
s1_s2__raw__noamp__C0.003__pca256,s1_s2__raw__noamp,0.003,256.0,1929,0.5889271443898526,False,1.237082100007683,0.7171903881700554,0.618118591001382,0.6143885376199929,0.8245469522240527,0.39853300733496333,0.8027265437048917,0.43351063829787234,0.6671266358409118,0.3728548439657147,1001,246,213,163,0.6377079482439926,0.615622174068829,0.5796892341842397,0.8365679264555669,0.33540372670807456,0.656776263031275,0.574468085106383,0.6671266358409118,0.3728548439657147,819,428,160,216
s1_s2__raw__noamp__C0.01__pcanone,s1_s2__raw__noamp,0.01,,1929,0.65666532455751,False,5.160998299950734,0.7344423906346272,0.5884772389905987,0.5942530595766969,0.8067669172932331,0.4061433447098976,0.8604651162790697,0.31648936170212766,0.6464472180040607,0.3537649066816214,1073,174,257,119,0.6463339494762785,0.5961573734409391,0.5734204318170163,0.8213944603629417,0.328125,0.6896551724137931,0.5026595744680851,0.6464472180040607,0.3537649066816214,860,387,187,189
s1_s2__raw__noamp__C0.01__pca32,s1_s2__raw__noamp,0.01,32.0,1929,0.5326603750428878,False,1.3103457000106573,0.6956253850893407,0.6384514323738675,0.6186966397297173,0.8407239819004525,0.3861003861003861,0.7449879711307137,0.5319148936170213,0.678797198382501,0.3765947106446433,929,318,176,200,0.6648182378311769,0.6444104147827125,0.6068958147818344,0.8518518518518519,0.36538461538461536,0.6824378508420208,0.6063829787234043,0.678797198382501,0.3765947106446433,851,396,148,228
s1_s2__raw__noamp__C0.01__pca64,s1_s2__raw__noamp,0.01,64.0,1929,0.5825565858798121,False,1.11596239998471,0.7190388170055453,0.6165350031565118,0.613877874702617,0.8233851185609158,0.4,0.8075380914194066,0.425531914893617,0.6712301011789997,0.37208313005465365,1007,240,216,160,0.6598890942698706,0.6291279922878739,0.5970328096550632,0.8416912487708947,0.3547854785478548,0.6864474739374499,0.5718085106382979,0.6712301011789997,0.37208313005465365,856,391,161,215
s1_s2__raw__noamp__C0.01__pca128,s1_s2__raw__noamp,0.01,128.0,1929,0.6434584449565124,False,1.132184199988842,0.7325939617991374,0.6012067259294648,0.6055844487448261,0.8134155744024673,0.4110429447852761,0.8460304731355253,0.35638297872340424,0.6563134501527069,0.36749343366937803,1055,192,242,134,0.6395563770794824,0.6084656366769609,0.5770336424542032,0.831,0.33226324237560195,0.6663993584603047,0.550531914893617,0.6563134501527069,0.36749343366937803,831,416,169,207
s1_s2__raw__noamp__C0.01__pca256,s1_s2__raw__noamp,0.01,256.0,1929,0.5707137535907523,False,1.2539419999811798,0.6974738139248305,0.6145760463410057,0.6047810555101761,0.8253012048192772,0.3752711496746204,0.7690457097032879,0.4601063829787234,0.6518559436264054,0.36754962492085,959,288,203,173,0.6457178065311152,0.609688784998891,0.5804842283467646,0.8307086614173228,0.33607907742998355,0.6768243785084203,0.5425531914893617,0.6518559436264054,0.36754962492085,844,403,172,204
s1_s2__raw__noamp__C0.03__pcanone,s1_s2__raw__noamp,0.03,,1929,0.5264676386067253,False,6.640375200018752,0.678373382624769,0.5993597399716767,0.5877359114903689,0.8188214599824098,0.3497942386831276,0.7465918203688853,0.4521276595744681,0.6306497295637189,0.3400918546435854,931,316,206,170,0.6648182378311769,0.5970403436332304,0.5812614061913091,0.8192552225249773,0.3390804597701149,0.723336006415397,0.47074468085106386,0.6306497295637189,0.3400918546435854,902,345,199,177
s1_s2__raw__noamp__C0.03__pca32,s1_s2__raw__noamp,0.03,32.0,1929,0.529718997244035,False,1.0861832000082359,0.6956253850893407,0.6356649576003686,0.617097058890952,0.8388838883888389,0.384765625,0.7473937449879712,0.523936170212766,0.6783962360729581,0.3766423602823999,932,315,179,197,0.6648182378311769,0.6369798153867153,0.6033296672489271,0.8463054187192118,0.3618421052631579,0.6888532477947072,0.5851063829787234,0.6783962360729581,0.3766423602823999,859,388,156,220
s1_s2__raw__noamp__C0.03__pca64,s1_s2__raw__noamp,0.03,64.0,1929,0.6292806084598304,False,1.0392213999875821,0.7418361059765866,0.6062923356481087,0.6123566011223947,0.815068493150685,0.43042071197411,0.8588612670408982,0.3537234042553192,0.6687048917401764,0.37037365022862334,1071,176,243,133,0.6648182378311769,0.6286203910662185,0.5991282554211617,0.8402710551790901,0.3576271186440678,0.6960705693664796,0.5611702127659575,0.6687048917401764,0.37037365022862334,868,379,165,211
s1_s2__raw__noamp__C0.03__pca128,s1_s2__raw__noamp,0.03,128.0,1929,0.6680873491069879,False,1.236863199970685,0.7356746765249538,0.595780938081182,0.601396295437566,0.8103186646433991,0.4131147540983607,0.8564554931836408,0.3351063829787234,0.646577317476838,0.3635031525697634,1068,179,250,126,0.6451016635859519,0.6055725229913494,0.57804578609085,0.8279569892473119,0.3333333333333333,0.6792301523656776,0.5319148936170213,0.646577317476838,0.3635031525697634,847,400,176,200
s1_s2__raw__noamp__C0.03__pca256,s1_s2__raw__noamp,0.03,256.0,1929,0.6735173806002104,False,1.617050200002268,0.7288971041281578,0.5922991776007098,0.5967902216038954,0.8091954022988506,0.39937106918238996,0.846832397754611,0.3377659574468085,0.6432715112013513,0.3614006244395125,1056,191,249,127,0.6580406654343808,0.6130639065672507,0.5877937735587437,0.8307839388145315,0.34488734835355284,0.6968724939855654,0.5292553191489362,0.6432715112013513,0.3614006244395125,869,378,177,199
s1_s2__raw__noamp__C0.1__pcanone,s1_s2__raw__noamp,0.1,,1929,0.4727722083658249,False,9.129308600036893,0.6685150955021565,0.5966596427169888,0.5824052110035581,0.8185085354896675,0.3411764705882353,0.7305533279871692,0.4627659574468085,0.6136194952993568,0.3250824244226158,911,336,202,174,0.6691312384473198,0.5812705813100377,0.5723802771637936,0.8092334494773519,0.33052631578947367,0.7449879711307137,0.4175531914893617,0.6136194952993568,0.3250824244226158,929,318,219,157
s1_s2__raw__noamp__C0.1__pca32,s1_s2__raw__noamp,0.1,32.0,1929,0.5295599290512591,False,0.961239000025671,0.6974738139248305,0.635010194679998,0.6175338902314063,0.8381037567084079,0.38613861386138615,0.7514033680834001,0.5186170212765957,0.6782405432612739,0.3764730618250546,937,310,181,195,0.6685150955021565,0.6384567643194732,0.6058830432584675,0.8465298142717498,0.365,0.6944667201283079,0.5824468085106383,0.6782405432612739,0.3764730618250546,866,381,157,219
s1_s2__raw__noamp__C0.1__pca64,s1_s2__raw__noamp,0.1,64.0,1929,0.6278504974489235,False,1.037523599981796,0.7418361059765866,0.605363510723609,0.6115248590568908,0.8145896656534954,0.42996742671009774,0.859663191659984,0.35106382978723405,0.6678304526608542,0.3710846625741996,1072,175,244,132,0.6685150955021565,0.6300973399989762,0.6016367505146211,0.840537944284342,0.36082474226804123,0.7016840417000801,0.5585106382978723,0.6678304526608542,0.3710846625741996,875,372,166,210
s1_s2__raw__noamp__C0.1__pca128,s1_s2__raw__noamp,0.1,128.0,1929,0.6607386591946045,False,1.1494625000050291,0.7276648182378311,0.5952125526796226,0.5991401276732709,0.8108108108108109,0.39939024390243905,0.8420208500400962,0.3484042553191489,0.641524765820949,0.36179676599565563,1050,197,245,131,0.6457178065311152,0.604115835451893,0.5775398648725116,0.8268482490272373,0.33277310924369746,0.681635926222935,0.526595744680851,0.641524765820949,0.36179676599565563,850,397,178,198
s1_s2__raw__noamp__C0.1__pca256,s1_s2__raw__noamp,0.1,256.0,1929,0.6586168118633758,False,1.4385538999922574,0.7128773875539125,0.5911624067975908,0.5921582795884472,0.8101667990468626,0.37637362637362637,0.8179631114675221,0.36436170212765956,0.6378798478049447,0.35454926933085845,1020,227,239,137,0.6592729513247073,0.6092217065638383,0.5862070396333803,0.8279773156899811,0.3433628318584071,0.702485966319166,0.5159574468085106,0.6378798478049447,0.35454926933085845,876,371,182,194
