candidate_key,model_name,C,pca_components,output_dimension,score_type,native_threshold,threshold_oof,elapsed_fit_seconds,oof_tuned__accuracy,oof_tuned__balanced_accuracy,oof_tuned__macro_f1,oof_tuned__dry_precision,oof_tuned__wet_precision,oof_tuned__dry_recall,oof_tuned__wet_recall,oof_tuned__roc_auc,oof_tuned__average_precision_wet,oof_tuned__tn_dry_correct,oof_tuned__fp_dry_as_wet,oof_tuned__fn_wet_as_dry,oof_tuned__tp_wet_correct,native__accuracy,native__balanced_accuracy,native__macro_f1,native__dry_precision,native__wet_precision,native__dry_recall,native__wet_recall,native__roc_auc,native__average_precision_wet,native__tn_dry_correct,native__fp_dry_as_wet,native__fn_wet_as_dry,native__tp_wet_correct
logistic_regression__C0.001__pca128,logistic_regression,0.001,128.0,128,wet_probability,0.5,0.5451205938234057,0.08014249987900257,0.7011706715958103,0.6485618676312511,0.6269324482583261,0.8463636363636363,0.39579349904397704,0.7465918203688853,0.550531914893617,0.6833378832602501,0.379408099517243,931,316,169,207,0.6383240911891559,0.6345996348683649,0.5886496435931612,0.851063829787234,0.34553440702781846,0.6415396952686447,0.6276595744680851,0.6833378832602501,0.379408099517243,800,447,140,236
logistic_regression__C0.001__pca256,logistic_regression,0.001,256.0,256,wet_probability,0.5,0.5783814504197061,0.15047289989888668,0.722735674676525,0.6310155010322647,0.6254999487232079,0.8312551953449709,0.4119047619047619,0.8019246190858059,0.4601063829787234,0.6816337934446929,0.37888695029193814,1000,247,203,173,0.6389402341343191,0.6322141224044089,0.5879368550939132,0.8489968321013728,0.34467455621301774,0.644747393744988,0.6196808510638298,0.6816337934446929,0.37888695029193814,804,443,143,233
logistic_regression__C0.001__pca64,logistic_regression,0.001,64.0,64,wet_probability,0.5,0.5823146465695275,0.04035169817507267,0.7264325323475046,0.6287771502670239,0.6253602844843721,0.8293683347005743,0.4158415841584158,0.8107457898957497,0.44680851063829785,0.68323337712638,0.3810413264831916,1011,236,208,168,0.6487985212569316,0.6442024689040933,0.5983901048142308,0.8559411146161935,0.3556547619047619,0.652766639935846,0.6356382978723404,0.68323337712638,0.3810413264831916,814,433,137,239
linear_svm__C0.0001__pca64,linear_svm,0.0001,64.0,64,wet_decision_score,0.0,0.14418320033571058,0.04548150114715099,0.7264325323475046,0.6287771502670239,0.6253602844843721,0.8293683347005743,0.4158415841584158,0.8107457898957497,0.44680851063829785,0.6824890375198349,0.37931646055668683,1011,236,208,168,0.6506469500924215,0.6481918306062209,0.6010997227935646,0.8586497890295358,0.3585185185185185,0.652766639935846,0.6436170212765957,0.6824890375198349,0.37931646055668683,814,433,134,242
logistic_regression__C0.001__pca32,logistic_regression,0.001,32.0,32,wet_probability,0.5,0.53876837118908,0.024617299437522888,0.696241528034504,0.6472118190039072,0.6238507699142294,0.8465073529411765,0.39065420560747666,0.7385725741780272,0.5558510638297872,0.6812306983569075,0.3779480859058305,921,326,167,209,0.6531115218730745,0.6535109795423911,0.6046952093982059,0.8622881355932204,0.36229749631811486,0.652766639935846,0.6542553191489362,0.6812306983569075,0.3779480859058305,814,433,130,246
logistic_regression__C0.001__pcanone,logistic_regression,0.001,,1932,wet_probability,0.5,0.5786526709043645,1.637049600481987,0.7221195317313617,0.6278280639492229,0.6230644650484962,0.8294701986754967,0.40963855421686746,0.8035284683239775,0.4521276595744681,0.6812328311351499,0.37722199779042037,1002,245,206,170,0.640788662969809,0.6324881844085379,0.5890252276692584,0.8487394957983193,0.34575260804769004,0.6479550922213312,0.6170212765957447,0.6812328311351499,0.37722199779042037,808,439,144,232
linear_svm__C0.0001__pca128,linear_svm,0.0001,128.0,128,wet_decision_score,0.0,0.06882369667532404,0.0925987996160984,0.6943930991990142,0.6441512822262792,0.6213081439108836,0.8448117539026629,0.38764044943820225,0.7377706495589414,0.550531914893617,0.6826425975532769,0.37839902997540026,920,327,169,207,0.6358595194085028,0.633924610554693,0.5870469031520623,0.8511777301927195,0.3439767779390421,0.6375300721732157,0.6303191489361702,0.6826425975532769,0.37839902997540026,795,452,139,237
linear_svm__C0.0001__pca256,linear_svm,0.0001,256.0,256,wet_decision_score,0.0,0.1279928856324662,0.1866209004074335,0.7159581022797289,0.628462565476292,0.6211217930053146,0.8308080808080808,0.40229885057471265,0.7914995990376904,0.4654255319148936,0.6813437356037468,0.37739211496346226,987,260,201,175,0.6377079482439926,0.6332698476343224,0.5877479152483214,0.8501594048884166,0.34457478005865105,0.6415396952686447,0.625,0.6813437356037468,0.37739211496346226,800,447,141,235
linear_svm__C0.0001__pca32,linear_svm,0.0001,32.0,32,wet_decision_score,0.0,0.04848863892962074,0.029423899948596954,0.685150955021565,0.6502115716016312,0.6200064603478966,0.851145038167939,0.3826086956521739,0.7153167602245389,0.5851063829787234,0.680823337712638,0.37706006171568407,892,355,156,220,0.6524953789279113,0.6521811923083485,0.6037981828003158,0.8613756613756614,0.3613569321533923,0.652766639935846,0.651595744680851,0.680823337712638,0.37706006171568407,814,433,131,245
linear_svm__C0.001__pca32,linear_svm,0.001,32.0,32,wet_decision_score,0.0,0.06417764316452021,0.026768198236823082,0.7024029574861368,0.6345025934583426,0.6193812771143421,0.8368606701940036,0.39059304703476483,0.7610264635124299,0.5079787234042553,0.6797526830350288,0.3763610869844785,949,298,185,191,0.662969808995687,0.637634578307086,0.6027301142656414,0.8472222222222222,0.36097560975609755,0.6848436246992783,0.5904255319148937,0.6797526830350288,0.3763610869844785,854,393,154,222
linear_svm__C0.0001__pcanone,linear_svm,0.0001,,1932,wet_decision_score,0.0,0.14749763887914574,1.1836270987987518,0.7239679605668515,0.6206715265573547,0.6186224115141724,0.8250610252237591,0.4086294416243655,0.8131515637530072,0.42819148936170215,0.6811816444573359,0.3758860651136136,1014,233,215,161,0.6426370918052988,0.6374063710351652,0.5921559316629176,0.8521647307286166,0.34911242603550297,0.6471531676022454,0.6276595744680851,0.6811816444573359,0.3758860651136136,807,440,140,236
linear_svm__C1__pca32,linear_svm,1.0,32.0,32,wet_decision_score,0.0,0.039167454005816456,0.027487602084875107,0.6987060998151571,0.6358121192990838,0.6185476928933241,0.8383928571428572,0.38767395626242546,0.7530072173215717,0.5186170212765957,0.6793431896125168,0.3760335768868073,939,308,181,195,0.674060382008626,0.6327771758603628,0.6056469159494073,0.841254752851711,0.3660245183887916,0.7097032878909383,0.5558510638297872,0.6793431896125168,0.3760335768868073,885,362,167,209
linear_svm__C0.1__pca32,linear_svm,0.1,32.0,32,wet_decision_score,0.0,0.03939186393243054,0.02731579914689064,0.6987060998151571,0.6358121192990838,0.6185476928933241,0.8383928571428572,0.38767395626242546,0.7530072173215717,0.5186170212765957,0.6793325257213055,0.3760346966429876,939,308,181,195,0.674060382008626,0.6327771758603628,0.6056469159494073,0.841254752851711,0.3660245183887916,0.7097032878909383,0.5558510638297872,0.6793325257213055,0.3760346966429876,885,362,167,209
linear_svm__C0.01__pca32,linear_svm,0.01,32.0,32,wet_decision_score,0.0,0.0451498338212097,0.03066140227019787,0.7005545286506469,0.6342285314542135,0.6184169278996865,0.8370239149689991,0.38866396761133604,0.7578187650360866,0.5106382978723404,0.6793751812861505,0.3760234328539,945,302,184,192,0.6728280961182994,0.6319752512412768,0.6046462766067253,0.840952380952381,0.3647469458987784,0.7080994386527666,0.5558510638297872,0.6793751812861505,0.3760234328539,883,364,167,209
logistic_regression__C0.1__pca32,logistic_regression,0.1,32.0,32,wet_probability,0.5,0.536250842009304,0.027607399970293045,0.7036352433764633,0.6315892183794297,0.6181279212250618,0.8347902097902098,0.3903966597077244,0.7658380112269446,0.4973404255319149,0.6797164258049105,0.3768449300225576,955,292,189,187,0.6703635243376463,0.6424461260216008,0.6087646487125083,0.8490196078431372,0.3681592039800995,0.6944667201283079,0.5904255319148937,0.6797164258049105,0.3768449300225576,866,381,154,222
logistic_regression__C10__pca32,logistic_regression,10.0,32.0,32,wet_probability,0.5,0.5350201507423621,0.031400999054312706,0.7030191004313001,0.6311882560698868,0.6176211238415517,0.8346456692913385,0.38958333333333334,0.7650360866078588,0.4973404255319149,0.6796673719053388,0.3769031678268199,954,293,189,187,0.6703635243376463,0.6405884761726015,0.6078515056057989,0.84765625,0.3672787979966611,0.6960705693664796,0.5851063829787234,0.6796673719053388,0.3769031678268199,868,379,156,220
logistic_regression__C1__pca32,logistic_regression,1.0,32.0,32,wet_probability,0.5,0.5351327066848763,0.027391700074076653,0.7030191004313001,0.6311882560698868,0.6176211238415517,0.8346456692913385,0.38958333333333334,0.7650360866078588,0.4973404255319149,0.6796652391270965,0.37687666858084123,954,293,189,187,0.6703635243376463,0.6405884761726015,0.6078515056057989,0.84765625,0.3672787979966611,0.6960705693664796,0.5851063829787234,0.6796652391270965,0.37687666858084123,868,379,156,220
logistic_regression__C0.01__pca32,logistic_regression,0.01,32.0,32,wet_probability,0.5,0.5432017168719363,0.02663319930434227,0.7036352433764633,0.6306603934549302,0.6175524647161097,0.8342059336823735,0.389937106918239,0.7666399358460305,0.4946808510638298,0.6800875292190619,0.3770321211155371,956,291,190,186,0.6617375231053605,0.6414767783104984,0.6039402968090823,0.8504016064257028,0.3620414673046252,0.6792301523656776,0.6037234042553191,0.6800875292190619,0.3770321211155371,847,400,149,227
logistic_regression__C0.01__pca64,logistic_regression,0.01,64.0,64,wet_probability,0.5,0.6413025169941251,0.05184150114655495,0.7504621072088724,0.6091193332082103,0.6170307597742904,0.815592203898051,0.44982698961937717,0.8724939855653568,0.34574468085106386,0.6753975498643553,0.37633266307397306,1088,159,246,130,0.6660505237215034,0.6368529150813016,0.603875389520327,0.845927379784102,0.36258278145695366,0.6912590216519647,0.5824468085106383,0.6753975498643553,0.37633266307397306,862,385,157,219
logistic_regression__C0.1__pca64,logistic_regression,0.1,64.0,64,wet_probability,0.5,0.5365101626557154,0.05643179826438427,0.6993222427603204,0.6269248323636302,0.6134401611788547,0.8326029798422436,0.38381742738589214,0.7618283881315157,0.4920212765957447,0.6723412786432118,0.3735225319897324,950,297,191,185,0.6691312384473198,0.6286406524595198,0.6011626241460277,0.8393881453154876,0.36048526863084923,0.7040898155573376,0.5531914893617021,0.6723412786432118,0.3735225319897324,878,369,168,208
linear_svm__C0.01__pca64,linear_svm,0.01,64.0,64,wet_decision_score,0.0,0.2116273399445947,0.06370159983634949,0.7455329636475663,0.6059116347318672,0.6129084232246053,0.8144796380090498,0.4377104377104377,0.8660785886126704,0.34574468085106386,0.6714284495555289,0.37163865129236606,1080,167,246,130,0.6715958102279729,0.623742727226194,0.5996552178953483,0.8355263157894737,0.3595706618962433,0.7129109863672815,0.5345744680851063,0.6714284495555289,0.37163865129236606,889,358,175,201
logistic_regression__C1__pca64,logistic_regression,1.0,64.0,64,wet_probability,0.5,0.6166046176564228,0.059209300205111504,0.7393715341959335,0.607474961183436,0.6127747899681039,0.8159509202453987,0.4263322884012539,0.8532477947072975,0.3617021276595745,0.6720064324591786,0.3732570853456156,1064,183,240,136,0.6678989525569933,0.6250522530669351,0.5986899116591807,0.8371428571428572,0.35776614310645727,0.7048917401764234,0.5452127659574468,0.6720064324591786,0.3732570853456156,879,368,171,205
logistic_regression__C10__pca64,logistic_regression,10.0,64.0,64,wet_probability,0.5,0.6166082071907212,0.06843330152332783,0.7393715341959335,0.607474961183436,0.6127747899681039,0.8159509202453987,0.4263322884012539,0.8532477947072975,0.3617021276595745,0.6719915030114829,0.37329441695986554,1064,183,240,136,0.6678989525569933,0.6250522530669351,0.5986899116591807,0.8371428571428572,0.35776614310645727,0.7048917401764234,0.5452127659574468,0.6719915030114829,0.37329441695986554,879,368,171,205
linear_svm__C0.1__pca64,linear_svm,0.1,64.0,64,wet_decision_score,0.0,0.21228615355954078,0.06349499896168709,0.7461491065927295,0.6053837721169104,0.6125683693334569,0.8141459744168548,0.4387755102040816,0.867682437850842,0.34308510638297873,0.6710893378150113,0.37136083147487736,1082,165,247,129,0.674060382008626,0.6244177515398659,0.6011290164474402,0.8355140186915888,0.3616636528028933,0.7169206094627105,0.5319148936170213,0.6710893378150113,0.37136083147487736,894,353,176,200
linear_svm__C1__pca64,linear_svm,1.0,64.0,64,wet_decision_score,0.0,0.21201955248760235,0.05518869869410992,0.7461491065927295,0.6053837721169104,0.6125683693334569,0.8141459744168548,0.4387755102040816,0.867682437850842,0.34308510638297873,0.671070142810831,0.37136152515098714,1082,165,247,129,0.6746765249537893,0.6248187138494088,0.6016259557882836,0.8356676003734828,0.36231884057971014,0.7177225340817963,0.5319148936170213,0.671070142810831,0.37136152515098714,895,352,176,200
linear_svm__C0.001__pca64,linear_svm,0.001,64.0,64,wet_decision_score,0.0,0.21226502678711695,0.057025402784347534,0.7430683918669131,0.6061654353426948,0.6125460494113404,0.8148710166919575,0.43278688524590164,0.8612670408981555,0.35106382978723405,0.674335426299715,0.3738651280424324,1074,173,244,132,0.6715958102279729,0.6386039260181884,0.6074681242748298,0.8459302325581395,0.36717428087986465,0.7000801924619086,0.5771276595744681,0.674335426299715,0.3738651280424324,873,374,159,217
linear_svm__C0.001__pca256,linear_svm,0.001,256.0,256,wet_decision_score,0.0,0.13826743671897282,0.31930850073695183,0.7060998151571165,0.6127589192786091,0.6066749886829723,0.822986577181208,0.382830626450116,0.7866880513231757,0.43882978723404253,0.6507426333839512,0.3637171480894632,981,266,211,165,0.6432532347504621,0.6043696360627208,0.5765882833729763,0.8274509803921568,0.33167495854063017,0.6768243785084203,0.5319148936170213,0.6507426333839512,0.3637171480894632,844,403,176,200
logistic_regression__C0.01__pca128,logistic_regression,0.01,128.0,128,wet_probability,0.5,0.6207928095357267,0.12079550139605999,0.7208872458410351,0.6047343411421454,0.6054093798722122,0.8165869218500797,0.3956639566395664,0.8211708099438653,0.3882978723404255,0.6581369755498303,0.36773344908182093,1024,223,230,146,0.6321626617375231,0.6045829138869456,0.5716540327290234,0.8296146044624746,0.32653061224489793,0.6559743384121892,0.5531914893617021,0.6581369755498303,0.36773344908182093,818,429,168,208
linear_svm__C0.001__pca128,linear_svm,0.001,128.0,128,wet_decision_score,0.0,0.13870152777554623,0.13242889940738678,0.7042513863216266,0.6096983825009811,0.6038725948826424,0.8214585079631181,0.37906976744186044,0.7858861267040899,0.43351063829787234,0.6563305123786449,0.36673427160298033,980,267,213,163,0.6346272335181762,0.607115588049617,0.5740638214539395,0.8309716599190283,0.3291338582677165,0.6583801122694467,0.5558510638297872,0.6563305123786449,0.36673427160298033,821,426,167,209
logistic_regression__C0.01__pca256,logistic_regression,0.01,256.0,256,wet_probability,0.5,0.5948916597268932,0.2678216975182295,0.7067159581022797,0.6085157569656537,0.603862167982771,0.8204488778054863,0.38095238095238093,0.7914995990376904,0.425531914893617,0.6533787472913716,0.3685283693651193,987,260,216,160,0.6457178065311152,0.6087599600743914,0.5800001350156281,0.8300589390962672,0.33553719008264465,0.677626303127506,0.5398936170212766,0.6533787472913716,0.3685283693651193,845,402,173,203
linear_svm__C0.1__pca128,linear_svm,0.1,128.0,128,wet_decision_score,0.0,0.24312412547148932,0.16492169722914696,0.7301293900184843,0.5977452268422938,0.6019492823738106,0.8118735543562067,0.4049079754601227,0.8444266238973537,0.35106382978723405,0.6421859270760464,0.36032180393008406,1053,194,244,132,0.6512630930375847,0.6077244962377791,0.581915776749402,0.8283510125361621,0.3378839590443686,0.6888532477947072,0.526595744680851,0.6421859270760464,0.36032180393008406,859,388,178,198
linear_svm__C1__pca128,linear_svm,1.0,128.0,128,wet_decision_score,0.0,0.24243250184142034,0.14482200145721436,0.729513247073321,0.5973442645327509,0.6014513385418037,0.8117283950617284,0.4036697247706422,0.8436246992782679,0.35106382978723405,0.6420046409254551,0.3602635573060143,1052,195,244,132,0.6506469500924215,0.6073235339282362,0.5814287644147519,0.8281853281853282,0.3373083475298126,0.6880513231756215,0.526595744680851,0.6420046409254551,0.3602635573060143,858,389,178,198
linear_svm__C0.01__pca128,linear_svm,0.01,128.0,128,wet_decision_score,0.0,0.23742472886433316,0.18159030191600323,0.7282809611829945,0.5965423399136651,0.6004571830490593,0.8114374034003091,0.4012158054711246,0.8420208500400962,0.35106382978723405,0.6441800747325496,0.3611408049633712,1050,197,244,132,0.6481823783117683,0.6066485096145644,0.5799820795109528,0.8281553398058252,0.33558178752107926,0.6840417000801925,0.5292553191489362,0.6441800747325496,0.3611408049633712,853,394,177,199
logistic_regression__C0.1__pca128,logistic_regression,0.1,128.0,128,wet_probability,0.5,0.6193269919403339,0.15849770233035088,0.714109673444239,0.5993949308126738,0.5992097789850599,0.8144578313253013,0.3835978835978836,0.8131515637530072,0.38563829787234044,0.6449564060127285,0.36151075592956194,1014,233,231,145,0.6414048059149723,0.6013090992850927,0.574147109423183,0.8256611165523996,0.3289036544850498,0.6760224538893344,0.526595744680851,0.6449564060127285,0.36151075592956194,843,404,178,198
logistic_regression__C1__pca128,logistic_regression,1.0,128.0,128,wet_probability,0.5,0.6315662523129739,0.15810240246355534,0.7171903881700554,0.5976844426623897,0.5986666343426508,0.8131955484896661,0.3863013698630137,0.8203688853247795,0.375,0.6425612960466822,0.3603275646142455,1023,224,235,141,0.6414048059149723,0.600380274360593,0.573650429695963,0.8250244379276638,0.3283333333333333,0.6768243785084203,0.523936170212766,0.6425612960466822,0.3603275646142455,844,403,179,197
logistic_regression__C10__pca128,logistic_regression,10.0,128.0,128,wet_probability,0.5,0.6311518141359023,0.18930920213460922,0.7159581022797289,0.596882518043304,0.5976817052376986,0.8128980891719745,0.38419618528610355,0.8187650360866079,0.375,0.6422051220802266,0.36021094099686496,1021,226,235,141,0.6414048059149723,0.5994514494360934,0.5731510469387165,0.824390243902439,0.3277591973244147,0.677626303127506,0.5212765957446809,0.6422051220802266,0.36021094099686496,845,402,180,196
linear_svm__C0.001__pcanone,linear_svm,0.001,,1932,wet_decision_score,0.0,0.269764760393297,4.681935902684927,0.7375231053604436,0.5904820505383133,0.5967226769199183,0.8074906367041198,0.4131944444444444,0.8644747393744988,0.31648936170212766,0.6458649695439267,0.3529613226674279,1078,169,257,119,0.6494146642020949,0.5935180603661554,0.5731578857359698,0.8192090395480226,0.32798573975044565,0.6976744186046512,0.48936170212765956,0.6458649695439267,0.3529613226674279,870,377,192,184
logistic_regression__C0.1__pca256,logistic_regression,0.1,256.0,256,wet_probability,0.5,0.6764948484985609,0.3882860019803047,0.722735674676525,0.5929336791277791,0.5960113903381258,0.8101167315175097,0.3905325443786982,0.834803528468324,0.35106382978723405,0.6422946987664011,0.3654666459051543,1041,206,244,132,0.6500308071472581,0.6041360968451944,0.5794231864169234,0.8261287223823247,0.33505154639175255,0.6896551724137931,0.5186170212765957,0.6422946987664011,0.3654666459051543,860,387,181,195
logistic_regression__C0.01__pcanone,logistic_regression,0.01,,1932,wet_probability,0.5,0.6508497238967503,3.0921777989715338,0.7313616759088108,0.5901877271408829,0.5953285052223203,0.8078967350037966,0.4019607843137255,0.8532477947072975,0.3271276595744681,0.648748485727448,0.35547365555560034,1064,183,253,123,0.6494146642020949,0.5990910099131532,0.5763535431058884,0.8228571428571428,0.33158813263525305,0.6928628708901363,0.5053191489361702,0.648748485727448,0.35547365555560034,864,383,186,190
linear_svm__C1__pca256,linear_svm,1.0,256.0,256,wet_decision_score,0.0,0.2392982016632334,0.4803057983517647,0.7110289587184226,0.5955324694159599,0.5952650734697893,0.8127009646302251,0.37730870712401055,0.8107457898957497,0.3803191489361702,0.6390976641812691,0.3566864540595801,1011,236,233,143,0.6500308071472581,0.5967054974491972,0.5752499115357396,0.8211920529801324,0.3303886925795053,0.6960705693664796,0.4973404255319149,0.6390976641812691,0.3566864540595801,868,379,189,187
logistic_regression__C1__pca256,logistic_regression,1.0,256.0,256,wet_probability,0.5,0.7147215658883734,0.5319018997251987,0.7258163894023414,0.5912231909774949,0.5951699648831728,0.8089368258859785,0.39384615384615385,0.8420208500400962,0.3404255319148936,0.6387990752273541,0.3590429365431243,1050,197,248,128,0.6512630930375847,0.6021515466907812,0.5788474234366403,0.8245948522402288,0.3344947735191638,0.6936647955092221,0.5106382978723404,0.6387990752273541,0.3590429365431243,865,382,184,192
linear_svm__C0.1__pca256,linear_svm,0.1,256.0,256,wet_decision_score,0.0,0.428854419624458,0.5348437000066042,0.7387553912507702,0.5875686754594005,0.594050855136482,0.8059479553903346,0.4136690647482014,0.8692862870890137,0.3058510638297872,0.639336535344401,0.3575830542328349,1084,163,261,115,0.6531115218730745,0.600567958845911,0.5787243459558646,0.8232514177693762,0.3345132743362832,0.698476343223737,0.5026595744680851,0.639336535344401,0.3575830542328349,871,376,187,189
linear_svm__C0.01__pca256,linear_svm,0.01,256.0,256,wet_decision_score,0.0,0.1829209953978332,0.5680364985018969,0.7024029574861368,0.5954919466293572,0.5928094475019025,0.8136288998357963,0.36790123456790125,0.7947072975140337,0.3962765957446808,0.6407932228838574,0.3600770819474012,991,256,227,149,0.6580406654343808,0.6065621320957533,0.5841867576247315,0.8264150943396227,0.3410301953818828,0.702485966319166,0.5106382978723404,0.6407932228838574,0.3600770819474012,876,371,184,192
logistic_regression__C10__pca256,logistic_regression,10.0,256.0,256,wet_probability,0.5,0.5686163024930777,0.6503660995513201,0.6839186691312384,0.6038972256820625,0.5927227101631116,0.8208041958041958,0.3569937369519833,0.7530072173215717,0.45478723404255317,0.6381229845245611,0.35781492105409474,939,308,205,171,0.651879235982748,0.6034813339248238,0.5798505872731147,0.825381679389313,0.3356521739130435,0.6936647955092221,0.5132978723404256,0.6381229845245611,0.35781492105409474,865,382,183,193
logistic_regression__C0.1__pcanone,logistic_regression,0.1,,1932,wet_probability,0.5,0.4686172486667697,5.854987500235438,0.6654343807763401,0.592797181320275,0.5788209228204679,0.8165467625899281,0.33659491193737767,0.7281475541299118,0.4574468085106383,0.616852787114607,0.3270928461983518,908,339,204,172,0.669747381392483,0.5835291934685799,0.574142536009963,0.8104803493449781,0.33263598326359833,0.7441860465116279,0.4228723404255319,0.616852787114607,0.3270928461983518,928,319,217,159
linear_svm__C0.01__pcanone,linear_svm,0.01,,1932,wet_decision_score,0.0,-0.08817954238793402,15.57430980168283,0.6543438077634011,0.5939392840689997,0.5753506435480328,0.8187732342007435,0.33089579524680074,0.706495589414595,0.48138297872340424,0.6100748178607381,0.3222647612166926,881,366,195,181,0.66728280961183,0.57728121960791,0.5690099453947473,0.8071242397914856,0.326271186440678,0.7449879711307137,0.4095744680851064,0.6100748178607381,0.3222647612166926,929,318,222,154
logistic_regression__C1__pcanone,logistic_regression,1.0,,1932,wet_probability,0.5,0.6915715821579486,13.289828099310398,0.6987060998151571,0.5726520244331075,0.5732458869007259,0.8017515923566879,0.3460490463215259,0.8075380914194066,0.3377659574468085,0.5941003088262895,0.30653806330256506,1007,240,249,127,0.66728280961183,0.5670641454384139,0.5615532387489244,0.8013640238704177,0.31777777777777777,0.7538091419406576,0.3803191489361702,0.5941003088262895,0.30653806330256506,940,307,233,143
linear_svm__C0.1__pcanone,linear_svm,0.1,,1932,wet_decision_score,0.0,0.2414057250650134,45.23882380314171,0.6931608133086876,0.5690433636472214,0.5690433636472214,0.8003207698476343,0.3377659574468085,0.8003207698476343,0.3377659574468085,0.5881519903086556,0.2997725073651104,998,249,249,127,0.6605052372150338,0.5589382603354434,0.5536876158173932,0.7974358974358975,0.3068432671081678,0.748195669607057,0.3696808510638298,0.5881519903086556,0.2997725073651104,933,314,237,139
logistic_regression__C10__pcanone,logistic_regression,10.0,,1932,wet_probability,0.5,0.8038851272164325,26.427417101338506,0.6931608133086876,0.5643992390247231,0.564979590606512,0.7979315831344471,0.3333333333333333,0.8043303929430633,0.324468085106383,0.5872178334385504,0.3010446018106743,1003,244,254,122,0.6642020948860136,0.5585575594192018,0.5542765834900905,0.7969543147208121,0.30839002267573695,0.7554129911788292,0.3617021276595745,0.5872178334385504,0.3010446018106743,942,305,240,136
linear_svm__C1__pcanone,linear_svm,1.0,,1932,wet_decision_score,0.0,0.32908927817593026,75.73796769790351,0.6913123844731978,0.5622675271715948,0.5627733933277376,0.7969745222929936,0.329700272479564,0.8027265437048917,0.32180851063829785,0.5824062857240355,0.29798522170110875,1001,246,255,121,0.6654343807763401,0.5575018341892883,0.5537291401342425,0.7962962962962963,0.3080459770114943,0.7586206896551724,0.35638297872340424,0.5824062857240355,0.29798522170110875,946,301,242,134
