path_index,parent_s1_path_index,parent_s1_path_name,parent_s1_j_1,parent_s1_xi_1,parent_s1_frequency_hz
95,1,wst_order1_path0001,0.0,0.4353808684524956,6966.093895239929
96,1,wst_order1_path0001,0.0,0.4353808684524956,6966.093895239929
97,1,wst_order1_path0001,0.0,0.4353808684524956,6966.093895239929
98,1,wst_order1_path0001,0.0,0.4353808684524956,6966.093895239929
99,1,wst_order1_path0001,0.0,0.4353808684524956,6966.093895239929
100,1,wst_order1_path0001,0.0,0.4353808684524956,6966.093895239929
101,1,wst_order1_path0001,0.0,0.4353808684524956,6966.093895239929
102,1,wst_order1_path0001,0.0,0.4353808684524956,6966.093895239929
103,1,wst_order1_path0001,0.0,0.4353808684524956,6966.093895239929
104,1,wst_order1_path0001,0.0,0.4353808684524956,6966.093895239929
105,1,wst_order1_path0001,0.0,0.4353808684524956,6966.093895239929
106,2,wst_order1_path0002,0.0,0.3992460167048995,6387.936267278392
107,2,wst_order1_path0002,0.0,0.3992460167048995,6387.936267278392
108,2,wst_order1_path0002,0.0,0.3992460167048995,6387.936267278392
109,2,wst_order1_path0002,0.0,0.3992460167048995,6387.936267278392
110,2,wst_order1_path0002,0.0,0.3992460167048995,6387.936267278392
111,2,wst_order1_path0002,0.0,0.3992460167048995,6387.936267278392
112,2,wst_order1_path0002,0.0,0.3992460167048995,6387.936267278392
113,2,wst_order1_path0002,0.0,0.3992460167048995,6387.936267278392
114,2,wst_order1_path0002,0.0,0.3992460167048995,6387.936267278392
115,2,wst_order1_path0002,0.0,0.3992460167048995,6387.936267278392
116,2,wst_order1_path0002,0.0,0.3992460167048995,6387.936267278392
117,3,wst_order1_path0003,0.0,0.3661102115517526,5857.763384828042
118,3,wst_order1_path0003,0.0,0.3661102115517526,5857.763384828042
119,3,wst_order1_path0003,0.0,0.3661102115517526,5857.763384828042
120,3,wst_order1_path0003,0.0,0.3661102115517526,5857.763384828042
121,3,wst_order1_path0003,0.0,0.3661102115517526,5857.763384828042
122,3,wst_order1_path0003,0.0,0.3661102115517526,5857.763384828042
123,3,wst_order1_path0003,0.0,0.3661102115517526,5857.763384828042
124,3,wst_order1_path0003,0.0,0.3661102115517526,5857.763384828042
125,3,wst_order1_path0003,0.0,0.3661102115517526,5857.763384828042
126,3,wst_order1_path0003,0.0,0.3661102115517526,5857.763384828042
127,3,wst_order1_path0003,0.0,0.3661102115517526,5857.763384828042
128,4,wst_order1_path0004,0.0,0.3357245442514747,5371.592708023595
129,4,wst_order1_path0004,0.0,0.3357245442514747,5371.592708023595
130,4,wst_order1_path0004,0.0,0.3357245442514747,5371.592708023595
131,4,wst_order1_path0004,0.0,0.3357245442514747,5371.592708023595
132,4,wst_order1_path0004,0.0,0.3357245442514747,5371.592708023595
133,4,wst_order1_path0004,0.0,0.3357245442514747,5371.592708023595
134,4,wst_order1_path0004,0.0,0.3357245442514747,5371.592708023595
135,4,wst_order1_path0004,0.0,0.3357245442514747,5371.592708023595
136,4,wst_order1_path0004,0.0,0.3357245442514747,5371.592708023595
137,4,wst_order1_path0004,0.0,0.3357245442514747,5371.592708023595
138,4,wst_order1_path0004,0.0,0.3357245442514747,5371.592708023595
139,5,wst_order1_path0005,0.0,0.3078607644816478,4925.772231706364
140,5,wst_order1_path0005,0.0,0.3078607644816478,4925.772231706364
141,5,wst_order1_path0005,0.0,0.3078607644816478,4925.772231706364
142,5,wst_order1_path0005,0.0,0.3078607644816478,4925.772231706364
143,5,wst_order1_path0005,0.0,0.3078607644816478,4925.772231706364
144,5,wst_order1_path0005,0.0,0.3078607644816478,4925.772231706364
145,5,wst_order1_path0005,0.0,0.3078607644816478,4925.772231706364
146,5,wst_order1_path0005,0.0,0.3078607644816478,4925.772231706364
147,5,wst_order1_path0005,0.0,0.3078607644816478,4925.772231706364
148,5,wst_order1_path0005,0.0,0.3078607644816478,4925.772231706364
149,5,wst_order1_path0005,0.0,0.3078607644816478,4925.772231706364
150,6,wst_order1_path0006,0.0,0.2823095657737521,4516.953052380034
151,6,wst_order1_path0006,0.0,0.2823095657737521,4516.953052380034
152,6,wst_order1_path0006,0.0,0.2823095657737521,4516.953052380034
153,6,wst_order1_path0006,0.0,0.2823095657737521,4516.953052380034
154,6,wst_order1_path0006,0.0,0.2823095657737521,4516.953052380034
155,6,wst_order1_path0006,0.0,0.2823095657737521,4516.953052380034
156,6,wst_order1_path0006,0.0,0.2823095657737521,4516.953052380034
157,6,wst_order1_path0006,0.0,0.2823095657737521,4516.953052380034
158,6,wst_order1_path0006,0.0,0.2823095657737521,4516.953052380034
159,6,wst_order1_path0006,0.0,0.2823095657737521,4516.953052380034
160,6,wst_order1_path0006,0.0,0.2823095657737521,4516.953052380034
161,7,wst_order1_path0007,0.0,0.2588790132498857,4142.064211998171
162,7,wst_order1_path0007,0.0,0.2588790132498857,4142.064211998171
163,7,wst_order1_path0007,0.0,0.2588790132498857,4142.064211998171
164,7,wst_order1_path0007,0.0,0.2588790132498857,4142.064211998171
165,7,wst_order1_path0007,0.0,0.2588790132498857,4142.064211998171
166,7,wst_order1_path0007,0.0,0.2588790132498857,4142.064211998171
167,7,wst_order1_path0007,0.0,0.2588790132498857,4142.064211998171
168,7,wst_order1_path0007,0.0,0.2588790132498857,4142.064211998171
169,7,wst_order1_path0007,0.0,0.2588790132498857,4142.064211998171
170,7,wst_order1_path0007,0.0,0.2588790132498857,4142.064211998171
171,7,wst_order1_path0007,0.0,0.2588790132498857,4142.064211998171
172,8,wst_order1_path0008,0.0,0.2373931018509808,3798.289629615693
173,8,wst_order1_path0008,0.0,0.2373931018509808,3798.289629615693
174,8,wst_order1_path0008,0.0,0.2373931018509808,3798.289629615693
175,8,wst_order1_path0008,0.0,0.2373931018509808,3798.289629615693
176,8,wst_order1_path0008,0.0,0.2373931018509808,3798.289629615693
177,8,wst_order1_path0008,0.0,0.2373931018509808,3798.289629615693
178,8,wst_order1_path0008,0.0,0.2373931018509808,3798.289629615693
179,8,wst_order1_path0008,0.0,0.2373931018509808,3798.289629615693
180,8,wst_order1_path0008,0.0,0.2373931018509808,3798.289629615693
181,8,wst_order1_path0008,0.0,0.2373931018509808,3798.289629615693
182,8,wst_order1_path0008,0.0,0.2373931018509808,3798.289629615693
183,9,wst_order1_path0009,0.0,0.2176904342262477,3483.0469476199632
184,9,wst_order1_path0009,0.0,0.2176904342262477,3483.0469476199632
185,9,wst_order1_path0009,0.0,0.2176904342262477,3483.0469476199632
186,9,wst_order1_path0009,0.0,0.2176904342262477,3483.0469476199632
187,9,wst_order1_path0009,0.0,0.2176904342262477,3483.0469476199632
188,9,wst_order1_path0009,0.0,0.2176904342262477,3483.0469476199632
189,9,wst_order1_path0009,0.0,0.2176904342262477,3483.0469476199632
190,9,wst_order1_path0009,0.0,0.2176904342262477,3483.0469476199632
191,9,wst_order1_path0009,0.0,0.2176904342262477,3483.0469476199632
192,9,wst_order1_path0009,0.0,0.2176904342262477,3483.0469476199632
193,9,wst_order1_path0009,0.0,0.2176904342262477,3483.0469476199632
194,10,wst_order1_path0010,0.0,0.1996230083524497,3193.968133639195
195,10,wst_order1_path0010,0.0,0.1996230083524497,3193.968133639195
196,10,wst_order1_path0010,0.0,0.1996230083524497,3193.968133639195
197,10,wst_order1_path0010,0.0,0.1996230083524497,3193.968133639195
198,10,wst_order1_path0010,0.0,0.1996230083524497,3193.968133639195
199,10,wst_order1_path0010,0.0,0.1996230083524497,3193.968133639195
200,10,wst_order1_path0010,0.0,0.1996230083524497,3193.968133639195
201,10,wst_order1_path0010,0.0,0.1996230083524497,3193.968133639195
202,10,wst_order1_path0010,0.0,0.1996230083524497,3193.968133639195
203,10,wst_order1_path0010,0.0,0.1996230083524497,3193.968133639195
204,10,wst_order1_path0010,0.0,0.1996230083524497,3193.968133639195
205,11,wst_order1_path0011,1.0,0.1830551057758762,2928.881692414019
206,11,wst_order1_path0011,1.0,0.1830551057758762,2928.881692414019
207,11,wst_order1_path0011,1.0,0.1830551057758762,2928.881692414019
208,11,wst_order1_path0011,1.0,0.1830551057758762,2928.881692414019
209,11,wst_order1_path0011,1.0,0.1830551057758762,2928.881692414019
210,11,wst_order1_path0011,1.0,0.1830551057758762,2928.881692414019
211,11,wst_order1_path0011,1.0,0.1830551057758762,2928.881692414019
212,11,wst_order1_path0011,1.0,0.1830551057758762,2928.881692414019
213,11,wst_order1_path0011,1.0,0.1830551057758762,2928.881692414019
214,11,wst_order1_path0011,1.0,0.1830551057758762,2928.881692414019
215,12,wst_order1_path0012,1.0,0.1678622721257372,2685.7963540117953
216,12,wst_order1_path0012,1.0,0.1678622721257372,2685.7963540117953
217,12,wst_order1_path0012,1.0,0.1678622721257372,2685.7963540117953
218,12,wst_order1_path0012,1.0,0.1678622721257372,2685.7963540117953
219,12,wst_order1_path0012,1.0,0.1678622721257372,2685.7963540117953
220,12,wst_order1_path0012,1.0,0.1678622721257372,2685.7963540117953
221,12,wst_order1_path0012,1.0,0.1678622721257372,2685.7963540117953
222,12,wst_order1_path0012,1.0,0.1678622721257372,2685.7963540117953
223,12,wst_order1_path0012,1.0,0.1678622721257372,2685.7963540117953
224,12,wst_order1_path0012,1.0,0.1678622721257372,2685.7963540117953
225,13,wst_order1_path0013,1.0,0.1539303822408238,2462.886115853181
226,13,wst_order1_path0013,1.0,0.1539303822408238,2462.886115853181
227,13,wst_order1_path0013,1.0,0.1539303822408238,2462.886115853181
228,13,wst_order1_path0013,1.0,0.1539303822408238,2462.886115853181
229,13,wst_order1_path0013,1.0,0.1539303822408238,2462.886115853181
230,13,wst_order1_path0013,1.0,0.1539303822408238,2462.886115853181
231,13,wst_order1_path0013,1.0,0.1539303822408238,2462.886115853181
232,13,wst_order1_path0013,1.0,0.1539303822408238,2462.886115853181
233,13,wst_order1_path0013,1.0,0.1539303822408238,2462.886115853181
234,13,wst_order1_path0013,1.0,0.1539303822408238,2462.886115853181
235,14,wst_order1_path0014,1.0,0.1411547828868759,2258.4765261900147
236,14,wst_order1_path0014,1.0,0.1411547828868759,2258.4765261900147
237,14,wst_order1_path0014,1.0,0.1411547828868759,2258.4765261900147
238,14,wst_order1_path0014,1.0,0.1411547828868759,2258.4765261900147
239,14,wst_order1_path0014,1.0,0.1411547828868759,2258.4765261900147
240,14,wst_order1_path0014,1.0,0.1411547828868759,2258.4765261900147
241,14,wst_order1_path0014,1.0,0.1411547828868759,2258.4765261900147
242,14,wst_order1_path0014,1.0,0.1411547828868759,2258.4765261900147
243,14,wst_order1_path0014,1.0,0.1411547828868759,2258.4765261900147
244,14,wst_order1_path0014,1.0,0.1411547828868759,2258.4765261900147
245,15,wst_order1_path0015,1.0,0.1294395066249428,2071.0321059990847
246,15,wst_order1_path0015,1.0,0.1294395066249428,2071.0321059990847
247,15,wst_order1_path0015,1.0,0.1294395066249428,2071.0321059990847
248,15,wst_order1_path0015,1.0,0.1294395066249428,2071.0321059990847
249,15,wst_order1_path0015,1.0,0.1294395066249428,2071.0321059990847
250,15,wst_order1_path0015,1.0,0.1294395066249428,2071.0321059990847
251,15,wst_order1_path0015,1.0,0.1294395066249428,2071.0321059990847
252,15,wst_order1_path0015,1.0,0.1294395066249428,2071.0321059990847
253,15,wst_order1_path0015,1.0,0.1294395066249428,2071.0321059990847
254,15,wst_order1_path0015,1.0,0.1294395066249428,2071.0321059990847
255,16,wst_order1_path0016,1.0,0.1186965509254903,1899.1448148078448
256,16,wst_order1_path0016,1.0,0.1186965509254903,1899.1448148078448
257,16,wst_order1_path0016,1.0,0.1186965509254903,1899.1448148078448
258,16,wst_order1_path0016,1.0,0.1186965509254903,1899.1448148078448
259,16,wst_order1_path0016,1.0,0.1186965509254903,1899.1448148078448
260,16,wst_order1_path0016,1.0,0.1186965509254903,1899.1448148078448
261,16,wst_order1_path0016,1.0,0.1186965509254903,1899.1448148078448
262,16,wst_order1_path0016,1.0,0.1186965509254903,1899.1448148078448
263,16,wst_order1_path0016,1.0,0.1186965509254903,1899.1448148078448
264,16,wst_order1_path0016,1.0,0.1186965509254903,1899.1448148078448
265,17,wst_order1_path0017,1.0,0.1088452171131238,1741.5234738099807
266,17,wst_order1_path0017,1.0,0.1088452171131238,1741.5234738099807
267,17,wst_order1_path0017,1.0,0.1088452171131238,1741.5234738099807
268,17,wst_order1_path0017,1.0,0.1088452171131238,1741.5234738099807
269,17,wst_order1_path0017,1.0,0.1088452171131238,1741.5234738099807
270,17,wst_order1_path0017,1.0,0.1088452171131238,1741.5234738099807
271,17,wst_order1_path0017,1.0,0.1088452171131238,1741.5234738099807
272,17,wst_order1_path0017,1.0,0.1088452171131238,1741.5234738099807
273,17,wst_order1_path0017,1.0,0.1088452171131238,1741.5234738099807
274,17,wst_order1_path0017,1.0,0.1088452171131238,1741.5234738099807
275,18,wst_order1_path0018,1.0,0.0998115041762248,1596.9840668195966
276,18,wst_order1_path0018,1.0,0.0998115041762248,1596.9840668195966
277,18,wst_order1_path0018,1.0,0.0998115041762248,1596.9840668195966
278,18,wst_order1_path0018,1.0,0.0998115041762248,1596.9840668195966
279,18,wst_order1_path0018,1.0,0.0998115041762248,1596.9840668195966
280,18,wst_order1_path0018,1.0,0.0998115041762248,1596.9840668195966
281,18,wst_order1_path0018,1.0,0.0998115041762248,1596.9840668195966
282,18,wst_order1_path0018,1.0,0.0998115041762248,1596.9840668195966
283,18,wst_order1_path0018,1.0,0.0998115041762248,1596.9840668195966
284,18,wst_order1_path0018,1.0,0.0998115041762248,1596.9840668195966
285,19,wst_order1_path0019,2.0,0.0915275528879381,1464.4408462070096
286,19,wst_order1_path0019,2.0,0.0915275528879381,1464.4408462070096
287,19,wst_order1_path0019,2.0,0.0915275528879381,1464.4408462070096
288,19,wst_order1_path0019,2.0,0.0915275528879381,1464.4408462070096
289,19,wst_order1_path0019,2.0,0.0915275528879381,1464.4408462070096
290,19,wst_order1_path0019,2.0,0.0915275528879381,1464.4408462070096
291,19,wst_order1_path0019,2.0,0.0915275528879381,1464.4408462070096
292,19,wst_order1_path0019,2.0,0.0915275528879381,1464.4408462070096
293,19,wst_order1_path0019,2.0,0.0915275528879381,1464.4408462070096
294,20,wst_order1_path0020,2.0,0.0839311360628686,1342.8981770058977
295,20,wst_order1_path0020,2.0,0.0839311360628686,1342.8981770058977
296,20,wst_order1_path0020,2.0,0.0839311360628686,1342.8981770058977
297,20,wst_order1_path0020,2.0,0.0839311360628686,1342.8981770058977
298,20,wst_order1_path0020,2.0,0.0839311360628686,1342.8981770058977
299,20,wst_order1_path0020,2.0,0.0839311360628686,1342.8981770058977
300,20,wst_order1_path0020,2.0,0.0839311360628686,1342.8981770058977
301,20,wst_order1_path0020,2.0,0.0839311360628686,1342.8981770058977
302,20,wst_order1_path0020,2.0,0.0839311360628686,1342.8981770058977
303,21,wst_order1_path0021,2.0,0.0769651911204119,1231.4430579265904
304,21,wst_order1_path0021,2.0,0.0769651911204119,1231.4430579265904
305,21,wst_order1_path0021,2.0,0.0769651911204119,1231.4430579265904
306,21,wst_order1_path0021,2.0,0.0769651911204119,1231.4430579265904
307,21,wst_order1_path0021,2.0,0.0769651911204119,1231.4430579265904
308,21,wst_order1_path0021,2.0,0.0769651911204119,1231.4430579265904
309,21,wst_order1_path0021,2.0,0.0769651911204119,1231.4430579265904
310,21,wst_order1_path0021,2.0,0.0769651911204119,1231.4430579265904
311,21,wst_order1_path0021,2.0,0.0769651911204119,1231.4430579265904
312,22,wst_order1_path0022,2.0,0.0705773914434379,1129.2382630950065
313,22,wst_order1_path0022,2.0,0.0705773914434379,1129.2382630950065
314,22,wst_order1_path0022,2.0,0.0705773914434379,1129.2382630950065
315,22,wst_order1_path0022,2.0,0.0705773914434379,1129.2382630950065
316,22,wst_order1_path0022,2.0,0.0705773914434379,1129.2382630950065
317,22,wst_order1_path0022,2.0,0.0705773914434379,1129.2382630950065
318,22,wst_order1_path0022,2.0,0.0705773914434379,1129.2382630950065
319,22,wst_order1_path0022,2.0,0.0705773914434379,1129.2382630950065
320,22,wst_order1_path0022,2.0,0.0705773914434379,1129.2382630950065
321,23,wst_order1_path0023,2.0,0.0647197533124713,1035.5160529995408
322,23,wst_order1_path0023,2.0,0.0647197533124713,1035.5160529995408
323,23,wst_order1_path0023,2.0,0.0647197533124713,1035.5160529995408
324,23,wst_order1_path0023,2.0,0.0647197533124713,1035.5160529995408
325,23,wst_order1_path0023,2.0,0.0647197533124713,1035.5160529995408
326,23,wst_order1_path0023,2.0,0.0647197533124713,1035.5160529995408
327,23,wst_order1_path0023,2.0,0.0647197533124713,1035.5160529995408
328,23,wst_order1_path0023,2.0,0.0647197533124713,1035.5160529995408
329,23,wst_order1_path0023,2.0,0.0647197533124713,1035.5160529995408
330,24,wst_order1_path0024,2.0,0.0593482754627451,949.5724074039216
331,24,wst_order1_path0024,2.0,0.0593482754627451,949.5724074039216
332,24,wst_order1_path0024,2.0,0.0593482754627451,949.5724074039216
333,24,wst_order1_path0024,2.0,0.0593482754627451,949.5724074039216
334,24,wst_order1_path0024,2.0,0.0593482754627451,949.5724074039216
335,24,wst_order1_path0024,2.0,0.0593482754627451,949.5724074039216
336,24,wst_order1_path0024,2.0,0.0593482754627451,949.5724074039216
337,24,wst_order1_path0024,2.0,0.0593482754627451,949.5724074039216
338,24,wst_order1_path0024,2.0,0.0593482754627451,949.5724074039216
339,25,wst_order1_path0025,2.0,0.0544226085565619,870.7617369049904
340,25,wst_order1_path0025,2.0,0.0544226085565619,870.7617369049904
341,25,wst_order1_path0025,2.0,0.0544226085565619,870.7617369049904
342,25,wst_order1_path0025,2.0,0.0544226085565619,870.7617369049904
343,25,wst_order1_path0025,2.0,0.0544226085565619,870.7617369049904
344,25,wst_order1_path0025,2.0,0.0544226085565619,870.7617369049904
345,25,wst_order1_path0025,2.0,0.0544226085565619,870.7617369049904
346,25,wst_order1_path0025,2.0,0.0544226085565619,870.7617369049904
347,25,wst_order1_path0025,2.0,0.0544226085565619,870.7617369049904
348,26,wst_order1_path0026,2.0,0.0499057520881124,798.4920334097983
349,26,wst_order1_path0026,2.0,0.0499057520881124,798.4920334097983
350,26,wst_order1_path0026,2.0,0.0499057520881124,798.4920334097983
351,26,wst_order1_path0026,2.0,0.0499057520881124,798.4920334097983
352,26,wst_order1_path0026,2.0,0.0499057520881124,798.4920334097983
353,26,wst_order1_path0026,2.0,0.0499057520881124,798.4920334097983
354,26,wst_order1_path0026,2.0,0.0499057520881124,798.4920334097983
355,26,wst_order1_path0026,2.0,0.0499057520881124,798.4920334097983
356,26,wst_order1_path0026,2.0,0.0499057520881124,798.4920334097983
357,27,wst_order1_path0027,3.0,0.045763776443969,732.220423103504
358,27,wst_order1_path0027,3.0,0.045763776443969,732.220423103504
359,27,wst_order1_path0027,3.0,0.045763776443969,732.220423103504
360,27,wst_order1_path0027,3.0,0.045763776443969,732.220423103504
361,27,wst_order1_path0027,3.0,0.045763776443969,732.220423103504
362,27,wst_order1_path0027,3.0,0.045763776443969,732.220423103504
363,27,wst_order1_path0027,3.0,0.045763776443969,732.220423103504
364,27,wst_order1_path0027,3.0,0.045763776443969,732.220423103504
365,28,wst_order1_path0028,3.0,0.0419655680314342,671.4490885029471
366,28,wst_order1_path0028,3.0,0.0419655680314342,671.4490885029471
367,28,wst_order1_path0028,3.0,0.0419655680314342,671.4490885029471
368,28,wst_order1_path0028,3.0,0.0419655680314342,671.4490885029471
369,28,wst_order1_path0028,3.0,0.0419655680314342,671.4490885029471
370,28,wst_order1_path0028,3.0,0.0419655680314342,671.4490885029471
371,28,wst_order1_path0028,3.0,0.0419655680314342,671.4490885029471
372,28,wst_order1_path0028,3.0,0.0419655680314342,671.4490885029471
373,29,wst_order1_path0029,3.0,0.0384825955602059,615.7215289632943
374,29,wst_order1_path0029,3.0,0.0384825955602059,615.7215289632943
375,29,wst_order1_path0029,3.0,0.0384825955602059,615.7215289632943
376,29,wst_order1_path0029,3.0,0.0384825955602059,615.7215289632943
377,29,wst_order1_path0029,3.0,0.0384825955602059,615.7215289632943
378,29,wst_order1_path0029,3.0,0.0384825955602059,615.7215289632943
379,29,wst_order1_path0029,3.0,0.0384825955602059,615.7215289632943
380,29,wst_order1_path0029,3.0,0.0384825955602059,615.7215289632943
381,30,wst_order1_path0030,3.0,0.0352886957217189,564.6191315475024
382,30,wst_order1_path0030,3.0,0.0352886957217189,564.6191315475024
383,30,wst_order1_path0030,3.0,0.0352886957217189,564.6191315475024
384,30,wst_order1_path0030,3.0,0.0352886957217189,564.6191315475024
385,30,wst_order1_path0030,3.0,0.0352886957217189,564.6191315475024
386,30,wst_order1_path0030,3.0,0.0352886957217189,564.6191315475024
387,30,wst_order1_path0030,3.0,0.0352886957217189,564.6191315475024
388,30,wst_order1_path0030,3.0,0.0352886957217189,564.6191315475024
389,31,wst_order1_path0031,3.0,0.0323598766562356,517.7580264997697
390,31,wst_order1_path0031,3.0,0.0323598766562356,517.7580264997697
391,31,wst_order1_path0031,3.0,0.0323598766562356,517.7580264997697
392,31,wst_order1_path0031,3.0,0.0323598766562356,517.7580264997697
393,31,wst_order1_path0031,3.0,0.0323598766562356,517.7580264997697
394,31,wst_order1_path0031,3.0,0.0323598766562356,517.7580264997697
395,31,wst_order1_path0031,3.0,0.0323598766562356,517.7580264997697
396,31,wst_order1_path0031,3.0,0.0323598766562356,517.7580264997697
397,32,wst_order1_path0032,3.0,0.0296741377313725,474.78620370196
398,32,wst_order1_path0032,3.0,0.0296741377313725,474.78620370196
399,32,wst_order1_path0032,3.0,0.0296741377313725,474.78620370196
400,32,wst_order1_path0032,3.0,0.0296741377313725,474.78620370196
401,32,wst_order1_path0032,3.0,0.0296741377313725,474.78620370196
402,32,wst_order1_path0032,3.0,0.0296741377313725,474.78620370196
403,32,wst_order1_path0032,3.0,0.0296741377313725,474.78620370196
404,32,wst_order1_path0032,3.0,0.0296741377313725,474.78620370196
405,33,wst_order1_path0033,3.0,0.0272113042782809,435.3808684524944
406,33,wst_order1_path0033,3.0,0.0272113042782809,435.3808684524944
407,33,wst_order1_path0033,3.0,0.0272113042782809,435.3808684524944
408,33,wst_order1_path0033,3.0,0.0272113042782809,435.3808684524944
409,33,wst_order1_path0033,3.0,0.0272113042782809,435.3808684524944
410,33,wst_order1_path0033,3.0,0.0272113042782809,435.3808684524944
411,33,wst_order1_path0033,3.0,0.0272113042782809,435.3808684524944
412,33,wst_order1_path0033,3.0,0.0272113042782809,435.3808684524944
413,34,wst_order1_path0034,3.0,0.0249528760440561,399.2460167048976
414,34,wst_order1_path0034,3.0,0.0249528760440561,399.2460167048976
415,34,wst_order1_path0034,3.0,0.0249528760440561,399.2460167048976
416,34,wst_order1_path0034,3.0,0.0249528760440561,399.2460167048976
417,34,wst_order1_path0034,3.0,0.0249528760440561,399.2460167048976
418,34,wst_order1_path0034,3.0,0.0249528760440561,399.2460167048976
419,34,wst_order1_path0034,3.0,0.0249528760440561,399.2460167048976
420,34,wst_order1_path0034,3.0,0.0249528760440561,399.2460167048976
421,35,wst_order1_path0035,4.0,0.0228818882219845,366.110211551752
422,35,wst_order1_path0035,4.0,0.0228818882219845,366.110211551752
423,35,wst_order1_path0035,4.0,0.0228818882219845,366.110211551752
424,35,wst_order1_path0035,4.0,0.0228818882219845,366.110211551752
425,35,wst_order1_path0035,4.0,0.0228818882219845,366.110211551752
426,35,wst_order1_path0035,4.0,0.0228818882219845,366.110211551752
427,35,wst_order1_path0035,4.0,0.0228818882219845,366.110211551752
428,36,wst_order1_path0036,4.0,0.0209827840157171,335.72454425147356
429,36,wst_order1_path0036,4.0,0.0209827840157171,335.72454425147356
430,36,wst_order1_path0036,4.0,0.0209827840157171,335.72454425147356
431,36,wst_order1_path0036,4.0,0.0209827840157171,335.72454425147356
432,36,wst_order1_path0036,4.0,0.0209827840157171,335.72454425147356
433,36,wst_order1_path0036,4.0,0.0209827840157171,335.72454425147356
434,36,wst_order1_path0036,4.0,0.0209827840157171,335.72454425147356
435,37,wst_order1_path0037,4.0,0.0192412977801029,307.8607644816464
436,37,wst_order1_path0037,4.0,0.0192412977801029,307.8607644816464
437,37,wst_order1_path0037,4.0,0.0192412977801029,307.8607644816464
438,37,wst_order1_path0037,4.0,0.0192412977801029,307.8607644816464
439,37,wst_order1_path0037,4.0,0.0192412977801029,307.8607644816464
440,37,wst_order1_path0037,4.0,0.0192412977801029,307.8607644816464
441,37,wst_order1_path0037,4.0,0.0192412977801029,307.8607644816464
442,38,wst_order1_path0038,4.0,0.0176443478608594,282.30956577375036
443,38,wst_order1_path0038,4.0,0.0176443478608594,282.30956577375036
444,38,wst_order1_path0038,4.0,0.0176443478608594,282.30956577375036
445,38,wst_order1_path0038,4.0,0.0176443478608594,282.30956577375036
446,38,wst_order1_path0038,4.0,0.0176443478608594,282.30956577375036
447,38,wst_order1_path0038,4.0,0.0176443478608594,282.30956577375036
448,38,wst_order1_path0038,4.0,0.0176443478608594,282.30956577375036
449,39,wst_order1_path0039,4.0,0.0161799383281178,258.87901324988485
450,39,wst_order1_path0039,4.0,0.0161799383281178,258.87901324988485
451,39,wst_order1_path0039,4.0,0.0161799383281178,258.87901324988485
452,39,wst_order1_path0039,4.0,0.0161799383281178,258.87901324988485
453,39,wst_order1_path0039,4.0,0.0161799383281178,258.87901324988485
454,39,wst_order1_path0039,4.0,0.0161799383281178,258.87901324988485
455,39,wst_order1_path0039,4.0,0.0161799383281178,258.87901324988485
456,40,wst_order1_path0040,4.0,0.0148370688656862,237.3931018509792
457,40,wst_order1_path0040,4.0,0.0148370688656862,237.3931018509792
458,40,wst_order1_path0040,4.0,0.0148370688656862,237.3931018509792
459,40,wst_order1_path0040,4.0,0.0148370688656862,237.3931018509792
460,40,wst_order1_path0040,4.0,0.0148370688656862,237.3931018509792
461,40,wst_order1_path0040,4.0,0.0148370688656862,237.3931018509792
462,40,wst_order1_path0040,4.0,0.0148370688656862,237.3931018509792
463,41,wst_order1_path0041,4.0,0.0136056521391404,217.6904342262464
464,41,wst_order1_path0041,4.0,0.0136056521391404,217.6904342262464
465,41,wst_order1_path0041,4.0,0.0136056521391404,217.6904342262464
466,41,wst_order1_path0041,4.0,0.0136056521391404,217.6904342262464
467,41,wst_order1_path0041,4.0,0.0136056521391404,217.6904342262464
468,41,wst_order1_path0041,4.0,0.0136056521391404,217.6904342262464
469,41,wst_order1_path0041,4.0,0.0136056521391404,217.6904342262464
470,42,wst_order1_path0042,4.0,0.012476438022028,199.623008352448
471,42,wst_order1_path0042,4.0,0.012476438022028,199.623008352448
472,42,wst_order1_path0042,4.0,0.012476438022028,199.623008352448
473,42,wst_order1_path0042,4.0,0.012476438022028,199.623008352448
474,42,wst_order1_path0042,4.0,0.012476438022028,199.623008352448
475,42,wst_order1_path0042,4.0,0.012476438022028,199.623008352448
476,42,wst_order1_path0042,4.0,0.012476438022028,199.623008352448
477,43,wst_order1_path0043,5.0,0.0114409441109922,183.0551057758752
478,43,wst_order1_path0043,5.0,0.0114409441109922,183.0551057758752
479,43,wst_order1_path0043,5.0,0.0114409441109922,183.0551057758752
480,43,wst_order1_path0043,5.0,0.0114409441109922,183.0551057758752
481,43,wst_order1_path0043,5.0,0.0114409441109922,183.0551057758752
482,43,wst_order1_path0043,5.0,0.0114409441109922,183.0551057758752
483,44,wst_order1_path0044,5.0,0.0104913920078585,167.862272125736
484,44,wst_order1_path0044,5.0,0.0104913920078585,167.862272125736
485,44,wst_order1_path0044,5.0,0.0104913920078585,167.862272125736
486,44,wst_order1_path0044,5.0,0.0104913920078585,167.862272125736
487,44,wst_order1_path0044,5.0,0.0104913920078585,167.862272125736
488,44,wst_order1_path0044,5.0,0.0104913920078585,167.862272125736
489,45,wst_order1_path0045,5.0,0.0096206488900514,153.93038224082238
490,45,wst_order1_path0045,5.0,0.0096206488900514,153.93038224082238
491,45,wst_order1_path0045,5.0,0.0096206488900514,153.93038224082238
492,45,wst_order1_path0045,5.0,0.0096206488900514,153.93038224082238
493,45,wst_order1_path0045,5.0,0.0096206488900514,153.93038224082238
494,45,wst_order1_path0045,5.0,0.0096206488900514,153.93038224082238
495,46,wst_order1_path0046,5.0,0.0088221739304297,141.15478288687518
496,46,wst_order1_path0046,5.0,0.0088221739304297,141.15478288687518
497,46,wst_order1_path0046,5.0,0.0088221739304297,141.15478288687518
498,46,wst_order1_path0046,5.0,0.0088221739304297,141.15478288687518
499,46,wst_order1_path0046,5.0,0.0088221739304297,141.15478288687518
500,46,wst_order1_path0046,5.0,0.0088221739304297,141.15478288687518
501,47,wst_order1_path0047,5.0,0.0080899691640589,129.43950662494242
502,47,wst_order1_path0047,5.0,0.0080899691640589,129.43950662494242
503,47,wst_order1_path0047,5.0,0.0080899691640589,129.43950662494242
504,47,wst_order1_path0047,5.0,0.0080899691640589,129.43950662494242
505,47,wst_order1_path0047,5.0,0.0080899691640589,129.43950662494242
506,47,wst_order1_path0047,5.0,0.0080899691640589,129.43950662494242
507,48,wst_order1_path0048,5.0,0.0074185344328431,118.6965509254896
508,48,wst_order1_path0048,5.0,0.0074185344328431,118.6965509254896
509,48,wst_order1_path0048,5.0,0.0074185344328431,118.6965509254896
510,48,wst_order1_path0048,5.0,0.0074185344328431,118.6965509254896
511,48,wst_order1_path0048,5.0,0.0074185344328431,118.6965509254896
512,48,wst_order1_path0048,5.0,0.0074185344328431,118.6965509254896
513,49,wst_order1_path0049,5.0,0.0068028260695702,108.8452171131232
514,49,wst_order1_path0049,5.0,0.0068028260695702,108.8452171131232
515,49,wst_order1_path0049,5.0,0.0068028260695702,108.8452171131232
516,49,wst_order1_path0049,5.0,0.0068028260695702,108.8452171131232
517,49,wst_order1_path0049,5.0,0.0068028260695702,108.8452171131232
518,49,wst_order1_path0049,5.0,0.0068028260695702,108.8452171131232
519,50,wst_order1_path0050,5.0,0.006238219011014,99.811504176224
520,50,wst_order1_path0050,5.0,0.006238219011014,99.811504176224
521,50,wst_order1_path0050,5.0,0.006238219011014,99.811504176224
522,50,wst_order1_path0050,5.0,0.006238219011014,99.811504176224
523,50,wst_order1_path0050,5.0,0.006238219011014,99.811504176224
524,50,wst_order1_path0050,5.0,0.006238219011014,99.811504176224
525,51,wst_order1_path0051,6.0,0.0057204720554961,91.5275528879376
526,51,wst_order1_path0051,6.0,0.0057204720554961,91.5275528879376
527,51,wst_order1_path0051,6.0,0.0057204720554961,91.5275528879376
528,51,wst_order1_path0051,6.0,0.0057204720554961,91.5275528879376
529,51,wst_order1_path0051,6.0,0.0057204720554961,91.5275528879376
530,52,wst_order1_path0052,6.0,0.0052456960039292,83.9311360628672
531,52,wst_order1_path0052,6.0,0.0052456960039292,83.9311360628672
532,52,wst_order1_path0052,6.0,0.0052456960039292,83.9311360628672
533,52,wst_order1_path0052,6.0,0.0052456960039292,83.9311360628672
534,52,wst_order1_path0052,6.0,0.0052456960039292,83.9311360628672
535,53,wst_order1_path0053,6.0,0.0048103244450257,76.96519112041119
536,53,wst_order1_path0053,6.0,0.0048103244450257,76.96519112041119
537,53,wst_order1_path0053,6.0,0.0048103244450257,76.96519112041119
538,53,wst_order1_path0053,6.0,0.0048103244450257,76.96519112041119
539,53,wst_order1_path0053,6.0,0.0048103244450257,76.96519112041119
540,54,wst_order1_path0054,6.0,0.0044110869652148,70.57739144343681
541,54,wst_order1_path0054,6.0,0.0044110869652148,70.57739144343681
542,54,wst_order1_path0054,6.0,0.0044110869652148,70.57739144343681
543,54,wst_order1_path0054,6.0,0.0044110869652148,70.57739144343681
544,54,wst_order1_path0054,6.0,0.0044110869652148,70.57739144343681
545,55,wst_order1_path0055,6.0,0.0040449845820294,64.7197533124704
546,55,wst_order1_path0055,6.0,0.0040449845820294,64.7197533124704
547,55,wst_order1_path0055,6.0,0.0040449845820294,64.7197533124704
548,55,wst_order1_path0055,6.0,0.0040449845820294,64.7197533124704
549,55,wst_order1_path0055,6.0,0.0040449845820294,64.7197533124704
550,56,wst_order1_path0056,6.0,0.0037092672164215,59.348275462744
551,56,wst_order1_path0056,6.0,0.0037092672164215,59.348275462744
552,56,wst_order1_path0056,6.0,0.0037092672164215,59.348275462744
553,56,wst_order1_path0056,6.0,0.0037092672164215,59.348275462744
554,56,wst_order1_path0056,6.0,0.0037092672164215,59.348275462744
555,57,wst_order1_path0057,6.0,0.0034014130347851,54.4226085565616
556,57,wst_order1_path0057,6.0,0.0034014130347851,54.4226085565616
557,57,wst_order1_path0057,6.0,0.0034014130347851,54.4226085565616
558,57,wst_order1_path0057,6.0,0.0034014130347851,54.4226085565616
559,57,wst_order1_path0057,6.0,0.0034014130347851,54.4226085565616
560,58,wst_order1_path0058,6.0,0.003119109505507,49.905752088112
561,58,wst_order1_path0058,6.0,0.003119109505507,49.905752088112
562,58,wst_order1_path0058,6.0,0.003119109505507,49.905752088112
563,58,wst_order1_path0058,6.0,0.003119109505507,49.905752088112
564,58,wst_order1_path0058,6.0,0.003119109505507,49.905752088112
565,59,wst_order1_path0059,7.0,0.002860236027748,45.763776443968
566,59,wst_order1_path0059,7.0,0.002860236027748,45.763776443968
567,59,wst_order1_path0059,7.0,0.002860236027748,45.763776443968
568,59,wst_order1_path0059,7.0,0.002860236027748,45.763776443968
569,60,wst_order1_path0060,7.0,0.0026228480019646,41.9655680314336
570,60,wst_order1_path0060,7.0,0.0026228480019646,41.9655680314336
571,60,wst_order1_path0060,7.0,0.0026228480019646,41.9655680314336
572,60,wst_order1_path0060,7.0,0.0026228480019646,41.9655680314336
573,61,wst_order1_path0061,7.0,0.0024051622225128,38.4825955602048
574,61,wst_order1_path0061,7.0,0.0024051622225128,38.4825955602048
575,61,wst_order1_path0061,7.0,0.0024051622225128,38.4825955602048
576,61,wst_order1_path0061,7.0,0.0024051622225128,38.4825955602048
577,62,wst_order1_path0062,7.0,0.0022055434826074,35.288695721718405
578,62,wst_order1_path0062,7.0,0.0022055434826074,35.288695721718405
579,62,wst_order1_path0062,7.0,0.0022055434826074,35.288695721718405
580,62,wst_order1_path0062,7.0,0.0022055434826074,35.288695721718405
581,63,wst_order1_path0063,7.0,0.0020224922910147,32.3598766562352
582,63,wst_order1_path0063,7.0,0.0020224922910147,32.3598766562352
583,63,wst_order1_path0063,7.0,0.0020224922910147,32.3598766562352
584,63,wst_order1_path0063,7.0,0.0020224922910147,32.3598766562352
585,64,wst_order1_path0064,7.0,0.0018546336082107,29.6741377313712
586,64,wst_order1_path0064,7.0,0.0018546336082107,29.6741377313712
587,64,wst_order1_path0064,7.0,0.0018546336082107,29.6741377313712
588,64,wst_order1_path0064,7.0,0.0018546336082107,29.6741377313712
589,65,wst_order1_path0065,7.0,0.0017007065173925,27.21130427828
590,65,wst_order1_path0065,7.0,0.0017007065173925,27.21130427828
591,65,wst_order1_path0065,7.0,0.0017007065173925,27.21130427828
592,65,wst_order1_path0065,7.0,0.0017007065173925,27.21130427828
593,66,wst_order1_path0066,7.0,0.0015595547527535,24.952876044056
594,66,wst_order1_path0066,7.0,0.0015595547527535,24.952876044056
595,66,wst_order1_path0066,7.0,0.0015595547527535,24.952876044056
596,66,wst_order1_path0066,7.0,0.0015595547527535,24.952876044056
597,67,wst_order1_path0067,8.0,0.001430118013874,22.881888221984
598,67,wst_order1_path0067,8.0,0.001430118013874,22.881888221984
599,67,wst_order1_path0067,8.0,0.001430118013874,22.881888221984
600,68,wst_order1_path0068,8.0,0.0013114240009823,20.9827840157168
601,68,wst_order1_path0068,8.0,0.0013114240009823,20.9827840157168
602,68,wst_order1_path0068,8.0,0.0013114240009823,20.9827840157168
603,69,wst_order1_path0069,8.0,0.0012025811112564,19.2412977801024
604,69,wst_order1_path0069,8.0,0.0012025811112564,19.2412977801024
605,69,wst_order1_path0069,8.0,0.0012025811112564,19.2412977801024
606,70,wst_order1_path0070,8.0,0.0011027717413037,17.644347860859202
607,70,wst_order1_path0070,8.0,0.0011027717413037,17.644347860859202
608,70,wst_order1_path0070,8.0,0.0011027717413037,17.644347860859202
609,71,wst_order1_path0071,8.0,0.0010112461455073,16.179938328116798
610,71,wst_order1_path0071,8.0,0.0010112461455073,16.179938328116798
611,71,wst_order1_path0071,8.0,0.0010112461455073,16.179938328116798
612,72,wst_order1_path0072,8.0,0.0009273168041053,14.8370688656848
613,72,wst_order1_path0072,8.0,0.0009273168041053,14.8370688656848
614,72,wst_order1_path0072,8.0,0.0009273168041053,14.8370688656848
615,73,wst_order1_path0073,8.0,0.0008503532586962,13.605652139139199
616,73,wst_order1_path0073,8.0,0.0008503532586962,13.605652139139199
617,73,wst_order1_path0073,8.0,0.0008503532586962,13.605652139139199
618,74,wst_order1_path0074,8.0,0.0007797773763767,12.476438022027201
619,74,wst_order1_path0074,8.0,0.0007797773763767,12.476438022027201
620,74,wst_order1_path0074,8.0,0.0007797773763767,12.476438022027201
621,75,wst_order1_path0075,9.0,0.000715059006937,11.440944110992
622,75,wst_order1_path0075,9.0,0.000715059006937,11.440944110992
623,76,wst_order1_path0076,9.0,0.0006557120004911,10.4913920078576
624,76,wst_order1_path0076,9.0,0.0006557120004911,10.4913920078576
625,77,wst_order1_path0077,9.0,0.0006012905556282,9.6206488900512
626,77,wst_order1_path0077,9.0,0.0006012905556282,9.6206488900512
627,78,wst_order1_path0078,9.0,0.0005513858706518,8.8221739304288
628,78,wst_order1_path0078,9.0,0.0005513858706518,8.8221739304288
629,79,wst_order1_path0079,9.0,0.0005056230727536,8.0899691640576
630,79,wst_order1_path0079,9.0,0.0005056230727536,8.0899691640576
631,80,wst_order1_path0080,9.0,0.0004636584020526,7.4185344328416
632,80,wst_order1_path0080,9.0,0.0004636584020526,7.4185344328416
633,81,wst_order1_path0081,9.0,0.0004251766293481,6.8028260695695995
634,81,wst_order1_path0081,9.0,0.0004251766293481,6.8028260695695995
635,82,wst_order1_path0082,9.0,0.0003898886881883,6.2382190110127995
636,82,wst_order1_path0082,9.0,0.0003898886881883,6.2382190110127995
637,83,wst_order1_path0083,10.0,0.0003575295034685,5.720472055496
638,84,wst_order1_path0084,10.0,0.0003278560002455,5.245696003928
639,85,wst_order1_path0085,10.0,0.0003006452778141,4.8103244450256
640,86,wst_order1_path0086,10.0,0.0002756929353259,4.4110869652144
641,87,wst_order1_path0087,10.0,0.0002528115363768,4.0449845820288
642,88,wst_order1_path0088,10.0,0.0002212100943297,3.5393615092752
643,89,wst_order1_path0089,10.0,0.0001896086522826,3.0337384365216
