audit_id,audit_group,original_uuid,uuid_segmento,cough_type,cough_type_consensus,config_key,segmentation_config,segmentation_method,event_index,event_id,event_start_relative,event_end_relative,event_duration,event_peak_relative,window_start_relative,window_end_relative,window_padding_left,window_padding_right,event_start,event_end,event_peak,window_start,window_end,event_too_long,event_exceeds_output_window,merged_active_run_count,merge_span_limit_ms,noise_floor_db,on_threshold_db,off_threshold_db,detected_by_energy,fallback_no_event
PAR001,dry_gold,48b287c0-5c2b-44ef-b469-3808b3b287ea,48b287c0-5c2b-44ef-b469-3808b3b287ea_seg_0,dry,gold_expert,moderate,top20_margin5_smooth30_gap200_min80_win1500,energy_hysteresis_bounded_merge_v2,0,48b287c0-5c2b-44ef-b469-3808b3b287ea_seg_0__moderate__event_000,3.49000004196167,4.331999984741211,0.841999942779541,3.746000051498413,2.996000051498413,4.496000051498413,0.0,0.0,3.49000004196167,4.331999984741211,3.746000051498413,2.996000051498413,4.496000051498413,False,False,2,1500.0,-80.0,-20.0,-23.0,True,False
PAR001,dry_gold,48b287c0-5c2b-44ef-b469-3808b3b287ea,48b287c0-5c2b-44ef-b469-3808b3b287ea_seg_0,dry,gold_expert,moderate,top20_margin5_smooth30_gap200_min80_win1500,energy_hysteresis_bounded_merge_v2,1,48b287c0-5c2b-44ef-b469-3808b3b287ea_seg_0__moderate__event_001,5.040000232696533,5.831999984741211,0.7919997520446778,5.685999870300293,4.935999870300293,6.435999870300293,0.0,0.0,5.040000232696533,5.831999984741211,5.685999870300293,4.935999870300293,6.435999870300293,False,False,2,1500.0,-80.0,-20.0,-23.0,True,False
PAR002,dry_gold,e6448323-4be3-4fac-ba98-33aee0de0817,e6448323-4be3-4fac-ba98-33aee0de0817_seg_0,dry,gold_expert,moderate,top20_margin5_smooth30_gap200_min80_win1500,energy_hysteresis_bounded_merge_v2,0,e6448323-4be3-4fac-ba98-33aee0de0817_seg_0__moderate__event_000,2.3399999465942383,2.6819998893737793,0.34199994277954104,2.385999917984009,1.6359999179840088,3.135999917984009,0.0,0.0,2.3399999465942383,2.6819998893737793,2.385999917984009,1.6359999179840088,3.135999917984009,False,False,2,1500.0,-80.0,-20.0,-23.0,True,False
PAR002,dry_gold,e6448323-4be3-4fac-ba98-33aee0de0817,e6448323-4be3-4fac-ba98-33aee0de0817_seg_0,dry,gold_expert,moderate,top20_margin5_smooth30_gap200_min80_win1500,energy_hysteresis_bounded_merge_v2,1,e6448323-4be3-4fac-ba98-33aee0de0817_seg_0__moderate__event_001,4.249999794006348,4.451999870300293,0.20200007629394534,4.306000232696533,3.556000232696533,5.056000232696533,0.0,0.0,4.249999794006348,4.451999870300293,4.306000232696533,3.556000232696533,5.056000232696533,False,False,1,1500.0,-80.0,-20.0,-23.0,True,False
PAR002,dry_gold,e6448323-4be3-4fac-ba98-33aee0de0817,e6448323-4be3-4fac-ba98-33aee0de0817_seg_0,dry,gold_expert,moderate,top20_margin5_smooth30_gap200_min80_win1500,energy_hysteresis_bounded_merge_v2,2,e6448323-4be3-4fac-ba98-33aee0de0817_seg_0__moderate__event_002,5.729999813079834,6.042000022888184,0.31200020980834964,5.785999774932861,5.035999774932861,6.535999774932861,0.0,0.0,5.729999813079834,6.042000022888184,5.785999774932861,5.035999774932861,6.535999774932861,False,False,2,1500.0,-80.0,-20.0,-23.0,True,False
PAR003,dry_gold,b010f28f-e601-49de-9293-fb65fdad2dd4,b010f28f-e601-49de-9293-fb65fdad2dd4_seg_0,dry,gold_expert,moderate,top20_margin5_smooth30_gap200_min80_win1500,energy_hysteresis_bounded_merge_v2,0,b010f28f-e601-49de-9293-fb65fdad2dd4_seg_0__moderate__event_000,1.1100000467300415,2.2420000705718994,1.132000023841858,1.4160000085830688,0.7420000705718994,2.2420000705718994,0.0,0.0,1.1100000467300415,2.2420000705718994,1.4160000085830688,0.7420000705718994,2.2420000705718994,False,False,4,1500.0,-36.521018981933594,-20.0,-23.0,True,False
PAR004,dry_gold,51d4bc80-1f02-4ffa-8e2e-1dc3527a0979,51d4bc80-1f02-4ffa-8e2e-1dc3527a0979_seg_0,dry,gold_expert,moderate,top20_margin5_smooth30_gap200_min80_win1500,energy_hysteresis_bounded_merge_v2,0,51d4bc80-1f02-4ffa-8e2e-1dc3527a0979_seg_0__moderate__event_000,0.319999995470047,1.2119999799728394,0.8919999845027924,0.38600000739097595,0.0,1.5,0.0,0.0,0.319999995470047,1.2119999799728394,0.38600000739097595,0.0,1.5,False,False,3,1500.0,-32.96305847167969,-20.0,-23.0,True,False
PAR004,dry_gold,51d4bc80-1f02-4ffa-8e2e-1dc3527a0979,51d4bc80-1f02-4ffa-8e2e-1dc3527a0979_seg_0,dry,gold_expert,moderate,top20_margin5_smooth30_gap200_min80_win1500,energy_hysteresis_bounded_merge_v2,1,51d4bc80-1f02-4ffa-8e2e-1dc3527a0979_seg_0__moderate__event_001,1.4299999799728393,1.512000051498413,0.08200007152557376,1.4759999513626099,0.7259999513626099,2.22599995136261,0.0,0.0,1.4299999799728393,1.512000051498413,1.4759999513626099,0.7259999513626099,2.22599995136261,False,False,1,1500.0,-32.96305847167969,-20.0,-23.0,True,False
PAR004,dry_gold,51d4bc80-1f02-4ffa-8e2e-1dc3527a0979,51d4bc80-1f02-4ffa-8e2e-1dc3527a0979_seg_0,dry,gold_expert,moderate,top20_margin5_smooth30_gap200_min80_win1500,energy_hysteresis_bounded_merge_v2,2,51d4bc80-1f02-4ffa-8e2e-1dc3527a0979_seg_0__moderate__event_002,2.859999927520752,3.262000051498413,0.40200012397766116,2.9159998893737793,2.1659998893737793,3.6659998893737793,0.0,0.0,2.859999927520752,3.262000051498413,2.9159998893737793,2.1659998893737793,3.6659998893737793,False,False,1,1500.0,-32.96305847167969,-20.0,-23.0,True,False
PAR004,dry_gold,51d4bc80-1f02-4ffa-8e2e-1dc3527a0979,51d4bc80-1f02-4ffa-8e2e-1dc3527a0979_seg_0,dry,gold_expert,moderate,top20_margin5_smooth30_gap200_min80_win1500,energy_hysteresis_bounded_merge_v2,3,51d4bc80-1f02-4ffa-8e2e-1dc3527a0979_seg_0__moderate__event_003,3.4500000801086426,3.5520000133514404,0.10199993324279788,3.496000051498413,2.746000051498413,4.246000051498413,0.0,0.0,3.4500000801086426,3.5520000133514404,3.496000051498413,2.746000051498413,4.246000051498413,False,False,1,1500.0,-32.96305847167969,-20.0,-23.0,True,False
PAR005,dry_gold,8f5531fb-5c2a-450b-b14c-4321085887d8,8f5531fb-5c2a-450b-b14c-4321085887d8_seg_0,dry,gold_expert,moderate,top20_margin5_smooth30_gap200_min80_win1500,energy_hysteresis_bounded_merge_v2,0,8f5531fb-5c2a-450b-b14c-4321085887d8_seg_0__moderate__event_000,2.6199999179840088,3.4319998893737793,0.8119999713897705,2.6760001182556152,1.9319998893737793,3.4319998893737793,0.0,0.0,2.6199999179840088,3.4319998893737793,2.6760001182556152,1.9319998893737793,3.4319998893737793,False,False,2,1500.0,-66.95339965820312,-20.0,-23.0,True,False
PAR005,dry_gold,8f5531fb-5c2a-450b-b14c-4321085887d8,8f5531fb-5c2a-450b-b14c-4321085887d8_seg_0,dry,gold_expert,moderate,top20_margin5_smooth30_gap200_min80_win1500,energy_hysteresis_bounded_merge_v2,1,8f5531fb-5c2a-450b-b14c-4321085887d8_seg_0__moderate__event_001,4.479999813079834,5.402000156402588,0.9220003433227539,4.565999984741211,3.902000156402588,5.402000156402588,0.0,0.0,4.479999813079834,5.402000156402588,4.565999984741211,3.902000156402588,5.402000156402588,False,False,2,1500.0,-66.95339965820312,-20.0,-23.0,True,False
PAR005,dry_gold,8f5531fb-5c2a-450b-b14c-4321085887d8,8f5531fb-5c2a-450b-b14c-4321085887d8_seg_0,dry,gold_expert,moderate,top20_margin5_smooth30_gap200_min80_win1500,energy_hysteresis_bounded_merge_v2,2,8f5531fb-5c2a-450b-b14c-4321085887d8_seg_0__moderate__event_002,6.370000156402588,6.77200004196167,0.40199988555908206,6.435999870300293,5.685999870300293,7.185999870300293,0.0,0.0,6.370000156402588,6.77200004196167,6.435999870300293,5.685999870300293,7.185999870300293,False,False,1,1500.0,-66.95339965820312,-20.0,-23.0,True,False
PAR006,dry_weak,c2356246-454a-42ac-ae33-967e5feabcb7,c2356246-454a-42ac-ae33-967e5feabcb7_seg_0,dry,weak_expert,moderate,top20_margin5_smooth30_gap200_min80_win1500,energy_hysteresis_bounded_merge_v2,0,c2356246-454a-42ac-ae33-967e5feabcb7_seg_0__moderate__event_000,4.049999984741211,4.592000213623047,0.542000228881836,4.0960001945495605,3.3460001945495605,4.8460001945495605,0.0,0.0,4.049999984741211,4.592000213623047,4.0960001945495605,3.3460001945495605,4.8460001945495605,False,False,2,1500.0,-65.02445983886719,-20.0,-23.0,True,False
PAR006,dry_weak,c2356246-454a-42ac-ae33-967e5feabcb7,c2356246-454a-42ac-ae33-967e5feabcb7_seg_0,dry,weak_expert,moderate,top20_margin5_smooth30_gap200_min80_win1500,energy_hysteresis_bounded_merge_v2,1,c2356246-454a-42ac-ae33-967e5feabcb7_seg_0__moderate__event_001,6.479999813079834,6.931999889373779,0.45200007629394534,6.526000022888184,5.776000022888184,7.276000022888184,0.0,0.0,6.479999813079834,6.931999889373779,6.526000022888184,5.776000022888184,7.276000022888184,False,False,2,1500.0,-65.02445983886719,-20.0,-23.0,True,False
PAR007,dry_weak,0b35d226-9927-4ddc-b5ea-cca273d43f66,0b35d226-9927-4ddc-b5ea-cca273d43f66_seg_0,dry,weak_expert,moderate,top20_margin5_smooth30_gap200_min80_win1500,energy_hysteresis_bounded_merge_v2,0,0b35d226-9927-4ddc-b5ea-cca273d43f66_seg_0__moderate__event_000,3.789999994277954,4.661999908447266,0.8719999141693116,4.216000080108643,3.4660000801086426,4.966000080108643,0.0,0.0,3.789999994277954,4.661999908447266,4.216000080108643,3.4660000801086426,4.966000080108643,False,False,2,1500.0,-51.04500198364258,-20.0,-23.0,True,False
PAR007,dry_weak,0b35d226-9927-4ddc-b5ea-cca273d43f66,0b35d226-9927-4ddc-b5ea-cca273d43f66_seg_0,dry,weak_expert,moderate,top20_margin5_smooth30_gap200_min80_win1500,energy_hysteresis_bounded_merge_v2,1,0b35d226-9927-4ddc-b5ea-cca273d43f66_seg_0__moderate__event_001,5.430000099182129,6.132000175476074,0.7020000762939453,5.486000061035156,4.736000061035156,6.236000061035156,0.0,0.0,5.430000099182129,6.132000175476074,5.486000061035156,4.736000061035156,6.236000061035156,False,False,1,1500.0,-51.04500198364258,-20.0,-23.0,True,False
PAR007,dry_weak,0b35d226-9927-4ddc-b5ea-cca273d43f66,0b35d226-9927-4ddc-b5ea-cca273d43f66_seg_0,dry,weak_expert,moderate,top20_margin5_smooth30_gap200_min80_win1500,energy_hysteresis_bounded_merge_v2,2,0b35d226-9927-4ddc-b5ea-cca273d43f66_seg_0__moderate__event_002,7.229999813079834,7.871999946594238,0.6420001335144043,7.285999774932861,6.535999774932861,8.035999774932861,0.0,0.0,7.229999813079834,7.871999946594238,7.285999774932861,6.535999774932861,8.035999774932861,False,False,2,1500.0,-51.04500198364258,-20.0,-23.0,True,False
PAR008,dry_weak,60c3afcc-fe9b-4d91-b713-0ab357d5c825,60c3afcc-fe9b-4d91-b713-0ab357d5c825_seg_0,dry,weak_expert,moderate,top20_margin5_smooth30_gap200_min80_win1500,energy_hysteresis_bounded_merge_v2,0,60c3afcc-fe9b-4d91-b713-0ab357d5c825_seg_0__moderate__event_000,2.3799999084472656,3.641999927520752,1.2620000190734864,2.9860000610351562,2.2360000610351562,3.7360000610351562,0.0,0.0,2.3799999084472656,3.641999927520752,2.9860000610351562,2.2360000610351562,3.7360000610351562,False,False,3,1500.0,-53.30257797241211,-20.0,-23.0,True,False
PAR009,dry_weak,68be5313-193c-42ca-acdc-f6f93c9c1126,68be5313-193c-42ca-acdc-f6f93c9c1126_seg_0,dry,weak_expert,moderate,top20_margin5_smooth30_gap200_min80_win1500,energy_hysteresis_bounded_merge_v2,0,68be5313-193c-42ca-acdc-f6f93c9c1126_seg_0__moderate__event_000,4.129999908447266,4.442000118255615,0.31200020980834964,4.176000118255615,3.4260001182556152,4.926000118255615,0.0,0.0,4.129999908447266,4.442000118255615,4.176000118255615,3.4260001182556152,4.926000118255615,False,False,1,1500.0,-80.0,-20.0,-23.0,True,False
PAR010,dry_weak,8ec67d70-2a82-45ea-a646-ab8a5bc4bf4f,8ec67d70-2a82-45ea-a646-ab8a5bc4bf4f_seg_0,dry,weak_expert,moderate,top20_margin5_smooth30_gap200_min80_win1500,energy_hysteresis_bounded_merge_v2,0,8ec67d70-2a82-45ea-a646-ab8a5bc4bf4f_seg_0__moderate__event_000,1.2199999418258667,2.452000108718872,1.2320001668930054,1.9259999990463257,1.1759999990463257,2.6759999990463257,0.0,0.0,1.2199999418258667,2.452000108718872,1.9259999990463257,1.1759999990463257,2.6759999990463257,False,False,3,1500.0,-37.283626556396484,-20.0,-23.0,True,False
PAR010,dry_weak,8ec67d70-2a82-45ea-a646-ab8a5bc4bf4f,8ec67d70-2a82-45ea-a646-ab8a5bc4bf4f_seg_0,dry,weak_expert,moderate,top20_margin5_smooth30_gap200_min80_win1500,energy_hysteresis_bounded_merge_v2,1,8ec67d70-2a82-45ea-a646-ab8a5bc4bf4f_seg_0__moderate__event_001,2.660000118255615,2.901999917984009,0.24199979972839358,2.7160000801086426,1.9660000801086426,3.4660000801086426,0.0,0.0,2.660000118255615,2.901999917984009,2.7160000801086426,1.9660000801086426,3.4660000801086426,False,False,1,1500.0,-37.283626556396484,-20.0,-23.0,True,False
PAR011,wet_gold,0f8d80f9-700e-4069-924d-e15f29d7c19a,0f8d80f9-700e-4069-924d-e15f29d7c19a_seg_0,wet,gold_expert,moderate,top20_margin5_smooth30_gap200_min80_win1500,energy_hysteresis_bounded_merge_v2,0,0f8d80f9-700e-4069-924d-e15f29d7c19a_seg_0__moderate__event_000,0.6799999799728393,1.0420000228881836,0.36200004291534427,0.8360000252723694,0.08600002527236938,1.5860000252723694,0.0,0.0,0.6799999799728393,1.0420000228881836,0.8360000252723694,0.08600002527236938,1.5860000252723694,False,False,1,1500.0,-53.95464324951172,-20.0,-23.0,True,False
PAR011,wet_gold,0f8d80f9-700e-4069-924d-e15f29d7c19a,0f8d80f9-700e-4069-924d-e15f29d7c19a_seg_0,wet,gold_expert,moderate,top20_margin5_smooth30_gap200_min80_win1500,energy_hysteresis_bounded_merge_v2,1,0f8d80f9-700e-4069-924d-e15f29d7c19a_seg_0__moderate__event_001,1.9699999418258667,2.331999984741211,0.36200004291534427,2.125999927520752,1.375999927520752,2.875999927520752,0.0,0.0,1.9699999418258667,2.331999984741211,2.125999927520752,1.375999927520752,2.875999927520752,False,False,1,1500.0,-53.95464324951172,-20.0,-23.0,True,False
PAR011,wet_gold,0f8d80f9-700e-4069-924d-e15f29d7c19a,0f8d80f9-700e-4069-924d-e15f29d7c19a_seg_0,wet,gold_expert,moderate,top20_margin5_smooth30_gap200_min80_win1500,energy_hysteresis_bounded_merge_v2,2,0f8d80f9-700e-4069-924d-e15f29d7c19a_seg_0__moderate__event_002,3.1499998893737793,3.712000099182129,0.5620002098083496,3.3559999465942383,2.46,3.96,0.0,0.0,3.1499998893737793,3.712000099182129,3.3559999465942383,2.46,3.96,False,False,2,1500.0,-53.95464324951172,-20.0,-23.0,True,False
PAR012,wet_gold,f0da0dd1-a4d1-47ac-bc31-e9c6ceb05e28,f0da0dd1-a4d1-47ac-bc31-e9c6ceb05e28_seg_0,wet,gold_expert,moderate,top20_margin5_smooth30_gap200_min80_win1500,energy_hysteresis_bounded_merge_v2,0,f0da0dd1-a4d1-47ac-bc31-e9c6ceb05e28_seg_0__moderate__event_000,1.0599999752044678,2.212000099182129,1.1520001239776612,1.3559999465942383,0.7120000991821289,2.212000099182129,0.0,0.0,1.0599999752044678,2.212000099182129,1.3559999465942383,0.7120000991821289,2.212000099182129,False,False,2,1500.0,-41.59927749633789,-20.0,-23.0,True,False
PAR012,wet_gold,f0da0dd1-a4d1-47ac-bc31-e9c6ceb05e28,f0da0dd1-a4d1-47ac-bc31-e9c6ceb05e28_seg_0,wet,gold_expert,moderate,top20_margin5_smooth30_gap200_min80_win1500,energy_hysteresis_bounded_merge_v2,1,f0da0dd1-a4d1-47ac-bc31-e9c6ceb05e28_seg_0__moderate__event_001,2.9500000801086426,4.27200004196167,1.3219999618530274,3.2660000324249268,2.77200004196167,4.27200004196167,0.0,0.0,2.9500000801086426,4.27200004196167,3.2660000324249268,2.77200004196167,4.27200004196167,False,False,3,1500.0,-41.59927749633789,-20.0,-23.0,True,False
PAR012,wet_gold,f0da0dd1-a4d1-47ac-bc31-e9c6ceb05e28,f0da0dd1-a4d1-47ac-bc31-e9c6ceb05e28_seg_0,wet,gold_expert,moderate,top20_margin5_smooth30_gap200_min80_win1500,energy_hysteresis_bounded_merge_v2,2,f0da0dd1-a4d1-47ac-bc31-e9c6ceb05e28_seg_0__moderate__event_002,5.030000003814697,6.141999927520752,1.1119999237060547,5.076000213623047,4.641999927520752,6.141999927520752,0.0,0.0,5.030000003814697,6.141999927520752,5.076000213623047,4.641999927520752,6.141999927520752,False,False,1,1500.0,-41.59927749633789,-20.0,-23.0,True,False
PAR013,wet_gold,7876c549-066a-4ea1-a82e-45772114f964,7876c549-066a-4ea1-a82e-45772114f964_seg_0,wet,gold_expert,moderate,top20_margin5_smooth30_gap200_min80_win1500,energy_hysteresis_bounded_merge_v2,0,7876c549-066a-4ea1-a82e-45772114f964_seg_0__moderate__event_000,1.049999984741211,2.081999984741211,1.032,1.156000018119812,0.581999984741211,2.081999984741211,0.0,0.0,1.049999984741211,2.081999984741211,1.156000018119812,0.581999984741211,2.081999984741211,False,False,2,1500.0,-45.756561279296875,-20.0,-23.0,True,False
PAR013,wet_gold,7876c549-066a-4ea1-a82e-45772114f964,7876c549-066a-4ea1-a82e-45772114f964_seg_0,wet,gold_expert,moderate,top20_margin5_smooth30_gap200_min80_win1500,energy_hysteresis_bounded_merge_v2,1,7876c549-066a-4ea1-a82e-45772114f964_seg_0__moderate__event_001,3.8299999561309814,4.661999908447266,0.8319999523162842,4.046000003814697,3.2960000038146973,4.796000003814697,0.0,0.0,3.8299999561309814,4.661999908447266,4.046000003814697,3.2960000038146973,4.796000003814697,False,False,2,1500.0,-45.756561279296875,-20.0,-23.0,True,False
PAR014,wet_gold,6462d540-48bc-410b-b08e-cdf0b45ee118,6462d540-48bc-410b-b08e-cdf0b45ee118_seg_0,wet,gold_expert,moderate,top20_margin5_smooth30_gap200_min80_win1500,energy_hysteresis_bounded_merge_v2,0,6462d540-48bc-410b-b08e-cdf0b45ee118_seg_0__moderate__event_000,1.199999960899353,1.4519999895095825,0.2520000286102295,1.3259999752044678,0.5759999752044678,2.0759999752044678,0.0,0.0,1.199999960899353,1.4519999895095825,1.3259999752044678,0.5759999752044678,2.0759999752044678,False,False,1,1500.0,-55.586002349853516,-20.0,-23.0,True,False
PAR014,wet_gold,6462d540-48bc-410b-b08e-cdf0b45ee118,6462d540-48bc-410b-b08e-cdf0b45ee118_seg_0,wet,gold_expert,moderate,top20_margin5_smooth30_gap200_min80_win1500,energy_hysteresis_bounded_merge_v2,1,6462d540-48bc-410b-b08e-cdf0b45ee118_seg_0__moderate__event_001,2.099999937057495,3.0420000228881836,0.9420000858306885,2.1559998989105225,1.5420000228881836,3.0420000228881836,0.0,0.0,2.099999937057495,3.0420000228881836,2.1559998989105225,1.5420000228881836,3.0420000228881836,False,False,2,1500.0,-55.586002349853516,-20.0,-23.0,True,False
PAR015,wet_gold,3278e364-afdd-4c39-9126-b8b4a4caf1c5,3278e364-afdd-4c39-9126-b8b4a4caf1c5_seg_0,wet,gold_expert,moderate,top20_margin5_smooth30_gap200_min80_win1500,energy_hysteresis_bounded_merge_v2,0,3278e364-afdd-4c39-9126-b8b4a4caf1c5_seg_0__moderate__event_000,0.1700000044107437,0.40200000739097597,0.23200000298023227,0.22599999606609344,0.0,1.5,0.0,0.0,0.1700000044107437,0.40200000739097597,0.22599999606609344,0.0,1.5,False,False,1,1500.0,-57.31485366821289,-20.0,-23.0,True,False
PAR015,wet_gold,3278e364-afdd-4c39-9126-b8b4a4caf1c5,3278e364-afdd-4c39-9126-b8b4a4caf1c5_seg_0,wet,gold_expert,moderate,top20_margin5_smooth30_gap200_min80_win1500,energy_hysteresis_bounded_merge_v2,1,3278e364-afdd-4c39-9126-b8b4a4caf1c5_seg_0__moderate__event_001,3.930000099182129,5.351999965667725,1.4219998664855957,4.625999927520752,3.875999927520752,5.375999927520752,0.0,0.0,3.930000099182129,5.351999965667725,4.625999927520752,3.875999927520752,5.375999927520752,False,False,4,1500.0,-57.31485366821289,-20.0,-23.0,True,False
PAR015,wet_gold,3278e364-afdd-4c39-9126-b8b4a4caf1c5,3278e364-afdd-4c39-9126-b8b4a4caf1c5_seg_0,wet,gold_expert,moderate,top20_margin5_smooth30_gap200_min80_win1500,energy_hysteresis_bounded_merge_v2,2,3278e364-afdd-4c39-9126-b8b4a4caf1c5_seg_0__moderate__event_002,5.479999813079834,6.192000118255615,0.7120003051757813,5.685999870300293,4.935999870300293,6.435999870300293,0.0,0.0,5.479999813079834,6.192000118255615,5.685999870300293,4.935999870300293,6.435999870300293,False,False,2,1500.0,-57.31485366821289,-20.0,-23.0,True,False
PAR015,wet_gold,3278e364-afdd-4c39-9126-b8b4a4caf1c5,3278e364-afdd-4c39-9126-b8b4a4caf1c5_seg_0,wet,gold_expert,moderate,top20_margin5_smooth30_gap200_min80_win1500,energy_hysteresis_bounded_merge_v2,3,3278e364-afdd-4c39-9126-b8b4a4caf1c5_seg_0__moderate__event_003,6.760000022888184,7.312000003814697,0.5519999809265137,6.806000232696533,6.056000232696533,7.556000232696533,0.0,0.0,6.760000022888184,7.312000003814697,6.806000232696533,6.056000232696533,7.556000232696533,False,False,1,1500.0,-57.31485366821289,-20.0,-23.0,True,False
PAR015,wet_gold,3278e364-afdd-4c39-9126-b8b4a4caf1c5,3278e364-afdd-4c39-9126-b8b4a4caf1c5_seg_0,wet,gold_expert,moderate,top20_margin5_smooth30_gap200_min80_win1500,energy_hysteresis_bounded_merge_v2,4,3278e364-afdd-4c39-9126-b8b4a4caf1c5_seg_0__moderate__event_004,7.530000003814697,7.74199983215332,0.21199982833862308,7.576000213623047,6.826000213623047,8.326000213623047,0.0,0.0,7.530000003814697,7.74199983215332,7.576000213623047,6.826000213623047,8.326000213623047,False,False,1,1500.0,-57.31485366821289,-20.0,-23.0,True,False
PAR015,wet_gold,3278e364-afdd-4c39-9126-b8b4a4caf1c5,3278e364-afdd-4c39-9126-b8b4a4caf1c5_seg_0,wet,gold_expert,moderate,top20_margin5_smooth30_gap200_min80_win1500,energy_hysteresis_bounded_merge_v2,5,3278e364-afdd-4c39-9126-b8b4a4caf1c5_seg_0__moderate__event_005,8.680000099182129,8.871999946594238,0.1919998474121094,8.706000328063965,7.956000328063965,9.456000328063965,0.0,0.0,8.680000099182129,8.871999946594238,8.706000328063965,7.956000328063965,9.456000328063965,False,False,2,1500.0,-57.31485366821289,-20.0,-23.0,True,False
PAR016,wet_weak,25e59482-9d33-4a0c-bfbf-5438b9c0c9ea,25e59482-9d33-4a0c-bfbf-5438b9c0c9ea_seg_0,wet,weak_expert,moderate,top20_margin5_smooth30_gap200_min80_win1500,energy_hysteresis_bounded_merge_v2,0,25e59482-9d33-4a0c-bfbf-5438b9c0c9ea_seg_0__moderate__event_000,2.7100000705718994,3.512000051498413,0.8019999809265137,2.7660000324249268,2.0160000324249268,3.5160000324249268,0.0,0.0,2.7100000705718994,3.512000051498413,2.7660000324249268,2.0160000324249268,3.5160000324249268,False,False,2,1500.0,-49.0054931640625,-20.0,-23.0,True,False
PAR016,wet_weak,25e59482-9d33-4a0c-bfbf-5438b9c0c9ea,25e59482-9d33-4a0c-bfbf-5438b9c0c9ea_seg_0,wet,weak_expert,moderate,top20_margin5_smooth30_gap200_min80_win1500,energy_hysteresis_bounded_merge_v2,1,25e59482-9d33-4a0c-bfbf-5438b9c0c9ea_seg_0__moderate__event_001,4.729999813079834,5.232000080108643,0.5020002670288086,4.796000003814697,4.046000003814697,5.546000003814697,0.0,0.0,4.729999813079834,5.232000080108643,4.796000003814697,4.046000003814697,5.546000003814697,False,False,1,1500.0,-49.0054931640625,-20.0,-23.0,True,False
PAR016,wet_weak,25e59482-9d33-4a0c-bfbf-5438b9c0c9ea,25e59482-9d33-4a0c-bfbf-5438b9c0c9ea_seg_0,wet,weak_expert,moderate,top20_margin5_smooth30_gap200_min80_win1500,energy_hysteresis_bounded_merge_v2,2,25e59482-9d33-4a0c-bfbf-5438b9c0c9ea_seg_0__moderate__event_002,5.430000099182129,5.572000232696533,0.14200013351440433,5.47599983215332,4.72599983215332,6.22599983215332,0.0,0.0,5.430000099182129,5.572000232696533,5.47599983215332,4.72599983215332,6.22599983215332,False,False,1,1500.0,-49.0054931640625,-20.0,-23.0,True,False
PAR016,wet_weak,25e59482-9d33-4a0c-bfbf-5438b9c0c9ea,25e59482-9d33-4a0c-bfbf-5438b9c0c9ea_seg_0,wet,weak_expert,moderate,top20_margin5_smooth30_gap200_min80_win1500,energy_hysteresis_bounded_merge_v2,3,25e59482-9d33-4a0c-bfbf-5438b9c0c9ea_seg_0__moderate__event_003,6.870000156402588,7.402000156402588,0.532,6.935999870300293,6.185999870300293,7.685999870300293,0.0,0.0,6.870000156402588,7.402000156402588,6.935999870300293,6.185999870300293,7.685999870300293,False,False,2,1500.0,-49.0054931640625,-20.0,-23.0,True,False
PAR016,wet_weak,25e59482-9d33-4a0c-bfbf-5438b9c0c9ea,25e59482-9d33-4a0c-bfbf-5438b9c0c9ea_seg_0,wet,weak_expert,moderate,top20_margin5_smooth30_gap200_min80_win1500,energy_hysteresis_bounded_merge_v2,4,25e59482-9d33-4a0c-bfbf-5438b9c0c9ea_seg_0__moderate__event_004,7.760000022888184,7.971999851226807,0.21199982833862308,7.806000232696533,7.056000232696533,8.556000232696533,0.0,0.0,7.760000022888184,7.971999851226807,7.806000232696533,7.056000232696533,8.556000232696533,False,False,1,1500.0,-49.0054931640625,-20.0,-23.0,True,False
PAR017,wet_weak,dccd10ed-751e-462c-9513-340d89510ea6,dccd10ed-751e-462c-9513-340d89510ea6_seg_0,wet,weak_expert,moderate,top20_margin5_smooth30_gap200_min80_win1500,energy_hysteresis_bounded_merge_v2,0,dccd10ed-751e-462c-9513-340d89510ea6_seg_0__moderate__event_000,3.6900000896453857,3.9820000801086426,0.29199999046325686,3.7360000610351562,2.9860000610351562,4.486000061035156,0.0,0.0,3.6900000896453857,3.9820000801086426,3.7360000610351562,2.9860000610351562,4.486000061035156,False,False,1,1500.0,-77.8676528930664,-20.0,-23.0,True,False
PAR017,wet_weak,dccd10ed-751e-462c-9513-340d89510ea6,dccd10ed-751e-462c-9513-340d89510ea6_seg_0,wet,weak_expert,moderate,top20_margin5_smooth30_gap200_min80_win1500,energy_hysteresis_bounded_merge_v2,1,dccd10ed-751e-462c-9513-340d89510ea6_seg_0__moderate__event_001,4.760000022888184,5.511999813079834,0.7519997901916504,4.915999889373779,4.165999889373779,5.665999889373779,0.0,0.0,4.760000022888184,5.511999813079834,4.915999889373779,4.165999889373779,5.665999889373779,False,False,2,1500.0,-77.8676528930664,-20.0,-23.0,True,False
PAR017,wet_weak,dccd10ed-751e-462c-9513-340d89510ea6,dccd10ed-751e-462c-9513-340d89510ea6_seg_0,wet,weak_expert,moderate,top20_margin5_smooth30_gap200_min80_win1500,energy_hysteresis_bounded_merge_v2,2,dccd10ed-751e-462c-9513-340d89510ea6_seg_0__moderate__event_002,6.019999774932861,6.812000003814697,0.792000228881836,6.185999870300293,5.435999870300293,6.935999870300293,0.0,0.0,6.019999774932861,6.812000003814697,6.185999870300293,5.435999870300293,6.935999870300293,False,False,3,1500.0,-77.8676528930664,-20.0,-23.0,True,False
PAR017,wet_weak,dccd10ed-751e-462c-9513-340d89510ea6,dccd10ed-751e-462c-9513-340d89510ea6_seg_0,wet,weak_expert,moderate,top20_margin5_smooth30_gap200_min80_win1500,energy_hysteresis_bounded_merge_v2,3,dccd10ed-751e-462c-9513-340d89510ea6_seg_0__moderate__event_003,7.019999774932861,7.232000080108643,0.21200030517578128,7.065999984741211,6.315999984741211,7.815999984741211,0.0,0.0,7.019999774932861,7.232000080108643,7.065999984741211,6.315999984741211,7.815999984741211,False,False,1,1500.0,-77.8676528930664,-20.0,-23.0,True,False
PAR017,wet_weak,dccd10ed-751e-462c-9513-340d89510ea6,dccd10ed-751e-462c-9513-340d89510ea6_seg_0,wet,weak_expert,moderate,top20_margin5_smooth30_gap200_min80_win1500,energy_hysteresis_bounded_merge_v2,4,dccd10ed-751e-462c-9513-340d89510ea6_seg_0__moderate__event_004,7.70999983215332,7.911999908447266,0.20200007629394534,7.745999813079834,6.995999813079834,8.495999813079834,0.0,0.0,7.70999983215332,7.911999908447266,7.745999813079834,6.995999813079834,8.495999813079834,False,False,1,1500.0,-77.8676528930664,-20.0,-23.0,True,False
PAR018,wet_weak,a8b75ca3-e846-415b-809b-5a7c2c9024eb,a8b75ca3-e846-415b-809b-5a7c2c9024eb_seg_0,wet,weak_expert,moderate,top20_margin5_smooth30_gap200_min80_win1500,energy_hysteresis_bounded_merge_v2,0,a8b75ca3-e846-415b-809b-5a7c2c9024eb_seg_0__moderate__event_000,1.0899999465942383,1.922000018119812,0.8320000715255738,1.3860000371932983,0.6360000371932983,2.1360000371932983,0.0,0.0,1.0899999465942383,1.922000018119812,1.3860000371932983,0.6360000371932983,2.1360000371932983,False,False,3,1500.0,-26.88241195678711,-20.0,-23.0,True,False
PAR018,wet_weak,a8b75ca3-e846-415b-809b-5a7c2c9024eb,a8b75ca3-e846-415b-809b-5a7c2c9024eb_seg_0,wet,weak_expert,moderate,top20_margin5_smooth30_gap200_min80_win1500,energy_hysteresis_bounded_merge_v2,1,a8b75ca3-e846-415b-809b-5a7c2c9024eb_seg_0__moderate__event_001,2.289999994277954,2.841999975204468,0.5519999809265137,2.5959999561309814,1.8459999561309814,3.3459999561309814,0.0,0.0,2.289999994277954,2.841999975204468,2.5959999561309814,1.8459999561309814,3.3459999561309814,False,False,1,1500.0,-26.88241195678711,-20.0,-23.0,True,False
PAR018,wet_weak,a8b75ca3-e846-415b-809b-5a7c2c9024eb,a8b75ca3-e846-415b-809b-5a7c2c9024eb_seg_0,wet,weak_expert,moderate,top20_margin5_smooth30_gap200_min80_win1500,energy_hysteresis_bounded_merge_v2,2,a8b75ca3-e846-415b-809b-5a7c2c9024eb_seg_0__moderate__event_002,3.1299999084472656,3.4720000896453858,0.34200018119812015,3.3259999752044678,2.5759999752044678,4.075999975204468,0.0,0.0,3.1299999084472656,3.4720000896453858,3.3259999752044678,2.5759999752044678,4.075999975204468,False,False,1,1500.0,-26.88241195678711,-20.0,-23.0,True,False
PAR018,wet_weak,a8b75ca3-e846-415b-809b-5a7c2c9024eb,a8b75ca3-e846-415b-809b-5a7c2c9024eb_seg_0,wet,weak_expert,moderate,top20_margin5_smooth30_gap200_min80_win1500,energy_hysteresis_bounded_merge_v2,3,a8b75ca3-e846-415b-809b-5a7c2c9024eb_seg_0__moderate__event_003,3.7000000801086426,4.52200004196167,0.8219999618530274,3.9159998893737793,3.1659998893737793,4.665999889373779,0.0,0.0,3.7000000801086426,4.52200004196167,3.9159998893737793,3.1659998893737793,4.665999889373779,False,False,2,1500.0,-26.88241195678711,-20.0,-23.0,True,False
PAR018,wet_weak,a8b75ca3-e846-415b-809b-5a7c2c9024eb,a8b75ca3-e846-415b-809b-5a7c2c9024eb_seg_0,wet,weak_expert,moderate,top20_margin5_smooth30_gap200_min80_win1500,energy_hysteresis_bounded_merge_v2,4,a8b75ca3-e846-415b-809b-5a7c2c9024eb_seg_0__moderate__event_004,4.970000061035156,6.261999813079834,1.2919997520446778,5.736000061035156,4.970000061035156,6.470000061035156,0.0,0.0,4.970000061035156,6.261999813079834,5.736000061035156,4.970000061035156,6.470000061035156,False,False,4,1500.0,-26.88241195678711,-20.0,-23.0,True,False
PAR018,wet_weak,a8b75ca3-e846-415b-809b-5a7c2c9024eb,a8b75ca3-e846-415b-809b-5a7c2c9024eb_seg_0,wet,weak_expert,moderate,top20_margin5_smooth30_gap200_min80_win1500,energy_hysteresis_bounded_merge_v2,5,a8b75ca3-e846-415b-809b-5a7c2c9024eb_seg_0__moderate__event_005,6.3900001373291015,6.931999889373779,0.5419997520446778,6.466000080108643,5.716000080108643,7.216000080108643,0.0,0.0,6.3900001373291015,6.931999889373779,6.466000080108643,5.716000080108643,7.216000080108643,False,False,1,1500.0,-26.88241195678711,-20.0,-23.0,True,False
PAR018,wet_weak,a8b75ca3-e846-415b-809b-5a7c2c9024eb,a8b75ca3-e846-415b-809b-5a7c2c9024eb_seg_0,wet,weak_expert,moderate,top20_margin5_smooth30_gap200_min80_win1500,energy_hysteresis_bounded_merge_v2,6,a8b75ca3-e846-415b-809b-5a7c2c9024eb_seg_0__moderate__event_006,7.20999983215332,7.77200004196167,0.5620002098083496,7.296000003814697,6.546000003814697,8.046000003814697,0.0,0.0,7.20999983215332,7.77200004196167,7.296000003814697,6.546000003814697,8.046000003814697,False,False,1,1500.0,-26.88241195678711,-20.0,-23.0,True,False
PAR018,wet_weak,a8b75ca3-e846-415b-809b-5a7c2c9024eb,a8b75ca3-e846-415b-809b-5a7c2c9024eb_seg_0,wet,weak_expert,moderate,top20_margin5_smooth30_gap200_min80_win1500,energy_hysteresis_bounded_merge_v2,7,a8b75ca3-e846-415b-809b-5a7c2c9024eb_seg_0__moderate__event_007,8.940000328063965,9.031999794006348,0.09199946594238284,8.97599983215332,8.22599983215332,9.72599983215332,0.0,0.0,8.940000328063965,9.031999794006348,8.97599983215332,8.22599983215332,9.72599983215332,False,False,1,1500.0,-26.88241195678711,-20.0,-23.0,True,False
PAR019,wet_weak,9420ab0f-61bd-4567-a229-e93ff115785b,9420ab0f-61bd-4567-a229-e93ff115785b_seg_0,wet,weak_expert,moderate,top20_margin5_smooth30_gap200_min80_win1500,energy_hysteresis_bounded_merge_v2,0,9420ab0f-61bd-4567-a229-e93ff115785b_seg_0__moderate__event_000,0.4799999918937683,0.8620000157356262,0.38200002384185794,0.7459999918937683,0.0,1.5,0.0,0.0,0.4799999918937683,0.8620000157356262,0.7459999918937683,0.0,1.5,False,False,2,1500.0,-29.959928512573242,-20.0,-23.0,True,False
PAR019,wet_weak,9420ab0f-61bd-4567-a229-e93ff115785b,9420ab0f-61bd-4567-a229-e93ff115785b_seg_0,wet,weak_expert,moderate,top20_margin5_smooth30_gap200_min80_win1500,energy_hysteresis_bounded_merge_v2,1,9420ab0f-61bd-4567-a229-e93ff115785b_seg_0__moderate__event_001,2.4500000801086426,3.702000108718872,1.2520000286102295,2.6059999465942383,2.202000108718872,3.702000108718872,0.0,0.0,2.4500000801086426,3.702000108718872,2.6059999465942383,2.202000108718872,3.702000108718872,False,False,2,1500.0,-29.959928512573242,-20.0,-23.0,True,False
PAR019,wet_weak,9420ab0f-61bd-4567-a229-e93ff115785b,9420ab0f-61bd-4567-a229-e93ff115785b_seg_0,wet,weak_expert,moderate,top20_margin5_smooth30_gap200_min80_win1500,energy_hysteresis_bounded_merge_v2,2,9420ab0f-61bd-4567-a229-e93ff115785b_seg_0__moderate__event_002,4.410000118255615,5.871999946594238,1.461999828338623,4.50600004196167,4.371999946594238,5.871999946594238,0.0,0.0,4.410000118255615,5.871999946594238,4.50600004196167,4.371999946594238,5.871999946594238,False,False,3,1500.0,-29.959928512573242,-20.0,-23.0,True,False
PAR019,wet_weak,9420ab0f-61bd-4567-a229-e93ff115785b,9420ab0f-61bd-4567-a229-e93ff115785b_seg_0,wet,weak_expert,moderate,top20_margin5_smooth30_gap200_min80_win1500,energy_hysteresis_bounded_merge_v2,3,9420ab0f-61bd-4567-a229-e93ff115785b_seg_0__moderate__event_003,6.120000156402588,6.462000099182129,0.34199994277954104,6.185999870300293,5.435999870300293,6.935999870300293,0.0,0.0,6.120000156402588,6.462000099182129,6.185999870300293,5.435999870300293,6.935999870300293,False,False,2,1500.0,-29.959928512573242,-20.0,-23.0,True,False
PAR019,wet_weak,9420ab0f-61bd-4567-a229-e93ff115785b,9420ab0f-61bd-4567-a229-e93ff115785b_seg_0,wet,weak_expert,moderate,top20_margin5_smooth30_gap200_min80_win1500,energy_hysteresis_bounded_merge_v2,4,9420ab0f-61bd-4567-a229-e93ff115785b_seg_0__moderate__event_004,7.030000003814697,7.451999870300293,0.42199986648559573,7.116000175476074,6.366000175476074,7.866000175476074,0.0,0.0,7.030000003814697,7.451999870300293,7.116000175476074,6.366000175476074,7.866000175476074,False,False,2,1500.0,-29.959928512573242,-20.0,-23.0,True,False
PAR019,wet_weak,9420ab0f-61bd-4567-a229-e93ff115785b,9420ab0f-61bd-4567-a229-e93ff115785b_seg_0,wet,weak_expert,moderate,top20_margin5_smooth30_gap200_min80_win1500,energy_hysteresis_bounded_merge_v2,5,9420ab0f-61bd-4567-a229-e93ff115785b_seg_0__moderate__event_005,8.299999984741211,8.512000289916992,0.21200030517578128,8.366000175476074,7.616000175476074,9.116000175476074,0.0,0.0,8.299999984741211,8.512000289916992,8.366000175476074,7.616000175476074,9.116000175476074,False,False,1,1500.0,-29.959928512573242,-20.0,-23.0,True,False
PAR020,wet_weak,bb825a76-02ce-4a02-a001-7ae1a05d5bb8,bb825a76-02ce-4a02-a001-7ae1a05d5bb8_seg_0,wet,weak_expert,moderate,top20_margin5_smooth30_gap200_min80_win1500,energy_hysteresis_bounded_merge_v2,0,bb825a76-02ce-4a02-a001-7ae1a05d5bb8_seg_0__moderate__event_000,0.7700000133514404,1.02200004196167,0.2520000286102295,0.8460000157356262,0.09600001573562622,1.5960000157356262,0.0,0.0,0.7700000133514404,1.02200004196167,0.8460000157356262,0.09600001573562622,1.5960000157356262,False,False,1,1500.0,-45.257869720458984,-20.0,-23.0,True,False
PAR020,wet_weak,bb825a76-02ce-4a02-a001-7ae1a05d5bb8,bb825a76-02ce-4a02-a001-7ae1a05d5bb8_seg_0,wet,weak_expert,moderate,top20_margin5_smooth30_gap200_min80_win1500,energy_hysteresis_bounded_merge_v2,1,bb825a76-02ce-4a02-a001-7ae1a05d5bb8_seg_0__moderate__event_001,2.180000099182129,3.212000099182129,1.032,2.2360000610351562,1.712000099182129,3.212000099182129,0.0,0.0,2.180000099182129,3.212000099182129,2.2360000610351562,1.712000099182129,3.212000099182129,False,False,2,1500.0,-45.257869720458984,-20.0,-23.0,True,False
PAR020,wet_weak,bb825a76-02ce-4a02-a001-7ae1a05d5bb8,bb825a76-02ce-4a02-a001-7ae1a05d5bb8_seg_0,wet,weak_expert,moderate,top20_margin5_smooth30_gap200_min80_win1500,energy_hysteresis_bounded_merge_v2,2,bb825a76-02ce-4a02-a001-7ae1a05d5bb8_seg_0__moderate__event_002,5.660000118255615,6.542000022888184,0.8819999046325684,6.205999851226807,5.455999851226807,6.955999851226807,0.0,0.0,5.660000118255615,6.542000022888184,6.205999851226807,5.455999851226807,6.955999851226807,False,False,2,1500.0,-45.257869720458984,-20.0,-23.0,True,False
PAR020,wet_weak,bb825a76-02ce-4a02-a001-7ae1a05d5bb8,bb825a76-02ce-4a02-a001-7ae1a05d5bb8_seg_0,wet,weak_expert,moderate,top20_margin5_smooth30_gap200_min80_win1500,energy_hysteresis_bounded_merge_v2,3,bb825a76-02ce-4a02-a001-7ae1a05d5bb8_seg_0__moderate__event_003,7.560000213623047,7.761999813079834,0.20199959945678714,7.636000156402588,6.886000156402588,8.386000156402588,0.0,0.0,7.560000213623047,7.761999813079834,7.636000156402588,6.886000156402588,8.386000156402588,False,False,1,1500.0,-45.257869720458984,-20.0,-23.0,True,False
PAR020,wet_weak,bb825a76-02ce-4a02-a001-7ae1a05d5bb8,bb825a76-02ce-4a02-a001-7ae1a05d5bb8_seg_0,wet,weak_expert,moderate,top20_margin5_smooth30_gap200_min80_win1500,energy_hysteresis_bounded_merge_v2,4,bb825a76-02ce-4a02-a001-7ae1a05d5bb8_seg_0__moderate__event_004,8.890000137329102,9.05200025177002,0.162000114440918,8.956000328063965,8.04,9.54,0.0,0.0,8.890000137329102,9.05200025177002,8.956000328063965,8.04,9.54,False,False,1,1500.0,-45.257869720458984,-20.0,-23.0,True,False
